2026/10/06 10:42:47.161, 0, 1063 MHz, 0 %, 30.00 W
2026/10/06 10:42:47.166, 1, 1063 MHz, 0 %, 30.97 W
2026/10/06 10:42:47.169, 2, 1063 MHz, 0 %, 28.07 W
2026/10/06 10:42:47.172, 3, 1063 MHz, 0 %, 29.26 W
2026/10/06 10:42:48.178, 0, 1063 MHz, 92 %, 86.09 W
2026/10/06 10:42:48.182, 1, 1063 MHz, 88 %, 83.12 W
2026/10/06 10:42:48.185, 2, 1063 MHz, 84 %, 79.82 W
2026/10/06 10:42:48.188, 3, 1063 MHz, 63 %, 56.40 W
2026/10/06 10:42:49.191, 0, 1063 MHz, 92 %, 90.86 W
2026/10/06 10:42:49.194, 1, 1063 MHz, 88 %, 97.26 W
2026/10/06 10:42:49.197, 2, 1063 MHz, 88 %, 92.01 W
2026/10/06 10:42:49.203, 3, 1063 MHz, 72 %, 63.39 W
2026/10/06 10:42:50.208, 0, 1063 MHz, 0 %, 67.33 W
2026/10/06 10:42:50.211, 1, 1063 MHz, 0 %, 68.78 W
2026/10/06 10:42:50.214, 2, 1063 MHz, 33 %, 61.02 W
2026/10/06 10:42:50.217, 3, 1063 MHz, 0 %, 60.82 W
2026/10/06 10:42:51.221, 0, 1063 MHz, 72 %, 66.85 W
2026/10/06 10:42:51.225, 1, 1063 MHz, 64 %, 56.98 W
2026/10/06 10:42:51.228, 2, 1063 MHz, 61 %, 56.50 W
2026/10/06 10:42:51.231, 3, 1063 MHz, 65 %, 58.34 W
2026/10/06 10:42:52.236, 0, 1063 MHz, 73 %, 66.60 W
2026/10/06 10:42:52.239, 1, 1063 MHz, 68 %, 68.26 W
2026/10/06 10:42:52.244, 2, 1063 MHz, 64 %, 57.19 W
2026/10/06 10:42:52.247, 3, 1063 MHz, 65 %, 57.44 W
2026/10/06 10:42:53.250, 0, 1063 MHz, 70 %, 30.97 W
2026/10/06 10:42:53.253, 1, 1063 MHz, 66 %, 31.92 W
2026/10/06 10:42:53.256, 2, 1063 MHz, 41 %, 28.79 W
2026/10/06 10:42:53.259, 3, 1063 MHz, 60 %, 29.50 W
2026/10/06 10:42:54.262, 0, 1063 MHz, 73 %, 68.54 W
2026/10/06 10:42:54.265, 1, 1063 MHz, 63 %, 68.25 W
2026/10/06 10:42:54.268, 2, 1063 MHz, 62 %, 65.16 W
2026/10/06 10:42:54.271, 3, 1063 MHz, 63 %, 60.27 W
2026/10/06 10:42:55.275, 0, 1063 MHz, 77 %, 66.19 W
2026/10/06 10:42:55.278, 1, 1063 MHz, 74 %, 47.82 W
2026/10/06 10:42:55.282, 2, 1063 MHz, 72 %, 51.71 W
2026/10/06 10:42:55.285, 3, 1063 MHz, 63 %, 56.68 W
2026/10/06 10:42:56.288, 0, 1063 MHz, 73 %, 64.67 W
2026/10/06 10:42:56.292, 1, 1063 MHz, 69 %, 66.34 W
2026/10/06 10:42:56.295, 2, 1063 MHz, 62 %, 60.78 W
2026/10/06 10:42:56.301, 3, 1063 MHz, 61 %, 57.58 W
2026/10/06 10:42:57.304, 0, 1063 MHz, 72 %, 67.36 W
2026/10/06 10:42:57.307, 1, 1063 MHz, 63 %, 61.09 W
2026/10/06 10:42:57.310, 2, 1063 MHz, 57 %, 50.47 W
2026/10/06 10:42:57.313, 3, 1063 MHz, 66 %, 53.33 W
2026/10/06 10:42:58.316, 0, 1063 MHz, 26 %, 47.36 W
2026/10/06 10:42:58.321, 1, 1063 MHz, 11 %, 50.01 W
2026/10/06 10:42:58.324, 2, 1063 MHz, 26 %, 45.88 W
2026/10/06 10:42:58.327, 3, 1063 MHz, 12 %, 46.36 W
2026/10/06 10:42:59.332, 0, 1063 MHz, 89 %, 70.18 W
2026/10/06 10:42:59.335, 1, 1063 MHz, 92 %, 84.32 W
2026/10/06 10:42:59.339, 2, 1063 MHz, 88 %, 70.38 W
2026/10/06 10:42:59.342, 3, 1063 MHz, 67 %, 88.83 W
2026/10/06 10:43:00.345, 0, 1063 MHz, 17 %, 30.72 W
2026/10/06 10:43:00.350, 1, 1063 MHz, 27 %, 32.16 W
2026/10/06 10:43:00.351, 2, 1063 MHz, 61 %, 28.77 W
2026/10/06 10:43:00.352, 3, 1063 MHz, 67 %, 34.07 W
2026/10/06 10:43:01.355, 0, 1063 MHz, 74 %, 66.37 W
2026/10/06 10:43:01.359, 1, 1063 MHz, 65 %, 64.20 W
2026/10/06 10:43:01.362, 2, 1063 MHz, 63 %, 61.78 W
2026/10/06 10:43:01.365, 3, 1063 MHz, 71 %, 59.57 W
2026/10/06 10:43:02.370, 0, 1063 MHz, 76 %, 66.64 W
2026/10/06 10:43:02.373, 1, 1063 MHz, 65 %, 40.34 W
2026/10/06 10:43:02.376, 2, 1063 MHz, 70 %, 38.44 W
2026/10/06 10:43:02.379, 3, 1063 MHz, 65 %, 53.13 W
2026/10/06 10:43:03.382, 0, 1063 MHz, 71 %, 55.82 W
2026/10/06 10:43:03.385, 1, 1063 MHz, 68 %, 46.88 W
2026/10/06 10:43:03.388, 2, 1063 MHz, 62 %, 44.68 W
2026/10/06 10:43:03.391, 3, 1063 MHz, 57 %, 54.58 W
2026/10/06 10:43:04.394, 0, 1063 MHz, 75 %, 66.85 W
2026/10/06 10:43:04.398, 1, 1063 MHz, 69 %, 58.37 W
2026/10/06 10:43:04.401, 2, 1063 MHz, 72 %, 54.75 W
2026/10/06 10:43:04.404, 3, 1063 MHz, 64 %, 58.48 W
2026/10/06 10:43:05.408, 0, 1063 MHz, 70 %, 66.81 W
2026/10/06 10:43:05.411, 1, 1063 MHz, 67 %, 61.31 W
2026/10/06 10:43:05.416, 2, 1063 MHz, 66 %, 55.47 W
2026/10/06 10:43:05.419, 3, 1063 MHz, 57 %, 57.65 W
2026/10/06 10:43:06.422, 0, 1063 MHz, 75 %, 67.57 W
2026/10/06 10:43:06.425, 1, 1063 MHz, 71 %, 67.53 W
2026/10/06 10:43:06.428, 2, 1063 MHz, 71 %, 63.23 W
2026/10/06 10:43:06.435, 3, 1063 MHz, 62 %, 60.26 W
2026/10/06 10:43:07.438, 0, 1063 MHz, 76 %, 59.12 W
2026/10/06 10:43:07.441, 1, 1063 MHz, 69 %, 61.27 W
2026/10/06 10:43:07.444, 2, 1063 MHz, 64 %, 56.96 W
2026/10/06 10:43:07.447, 3, 1063 MHz, 63 %, 54.09 W
2026/10/06 10:43:08.450, 0, 1063 MHz, 32 %, 30.48 W
2026/10/06 10:43:08.455, 1, 1063 MHz, 27 %, 31.45 W
2026/10/06 10:43:08.458, 2, 1063 MHz, 2 %, 28.55 W
2026/10/06 10:43:08.461, 3, 1063 MHz, 30 %, 29.50 W
2026/10/06 10:43:09.465, 0, 1063 MHz, 91 %, 83.15 W
2026/10/06 10:43:09.468, 1, 1063 MHz, 89 %, 89.13 W
2026/10/06 10:43:09.473, 2, 1063 MHz, 92 %, 80.01 W
2026/10/06 10:43:09.476, 3, 1063 MHz, 74 %, 81.85 W
2026/10/06 10:43:10.479, 0, 1063 MHz, 2 %, 32.17 W
2026/10/06 10:43:10.482, 1, 1063 MHz, 2 %, 42.82 W
2026/10/06 10:43:10.485, 2, 1063 MHz, 2 %, 42.07 W
2026/10/06 10:43:10.488, 3, 1063 MHz, 22 %, 46.80 W
2026/10/06 10:43:11.493, 0, 1063 MHz, 73 %, 70.98 W
2026/10/06 10:43:11.496, 1, 1063 MHz, 70 %, 49.76 W
2026/10/06 10:43:11.499, 2, 1063 MHz, 63 %, 49.71 W
2026/10/06 10:43:11.502, 3, 1063 MHz, 66 %, 55.99 W
2026/10/06 10:43:12.505, 0, 1063 MHz, 26 %, 63.47 W
2026/10/06 10:43:12.508, 1, 1063 MHz, 18 %, 62.99 W
2026/10/06 10:43:12.513, 2, 1063 MHz, 32 %, 60.05 W
2026/10/06 10:43:12.516, 3, 1063 MHz, 54 %, 58.16 W
2026/10/06 10:43:13.519, 0, 1063 MHz, 69 %, 55.06 W
2026/10/06 10:43:13.522, 1, 1063 MHz, 66 %, 55.30 W
2026/10/06 10:43:13.525, 2, 1063 MHz, 64 %, 49.77 W
2026/10/06 10:43:13.528, 3, 1063 MHz, 54 %, 46.58 W
2026/10/06 10:43:14.531, 0, 1063 MHz, 77 %, 68.81 W
2026/10/06 10:43:14.535, 1, 1063 MHz, 69 %, 68.50 W
2026/10/06 10:43:14.538, 2, 1063 MHz, 68 %, 62.50 W
2026/10/06 10:43:14.542, 3, 1063 MHz, 63 %, 60.82 W
2026/10/06 10:43:15.545, 0, 1063 MHz, 73 %, 72.19 W
2026/10/06 10:43:15.548, 1, 1063 MHz, 63 %, 54.82 W
2026/10/06 10:43:15.551, 2, 1063 MHz, 62 %, 53.16 W
2026/10/06 10:43:15.554, 3, 1063 MHz, 68 %, 57.92 W
2026/10/06 10:43:16.557, 0, 1063 MHz, 72 %, 67.77 W
2026/10/06 10:43:16.560, 1, 1063 MHz, 64 %, 67.98 W
2026/10/06 10:43:16.563, 2, 1063 MHz, 71 %, 64.39 W
2026/10/06 10:43:16.566, 3, 1063 MHz, 62 %, 59.36 W
2026/10/06 10:43:17.569, 0, 1063 MHz, 78 %, 69.98 W
2026/10/06 10:43:17.573, 1, 1063 MHz, 74 %, 47.11 W
2026/10/06 10:43:17.576, 2, 1063 MHz, 61 %, 46.61 W
2026/10/06 10:43:17.579, 3, 1063 MHz, 64 %, 55.47 W
2026/10/06 10:43:18.582, 0, 1063 MHz, 33 %, 31.93 W
2026/10/06 10:43:18.586, 1, 1063 MHz, 33 %, 32.40 W
2026/10/06 10:43:18.589, 2, 1063 MHz, 13 %, 29.02 W
2026/10/06 10:43:18.592, 3, 1063 MHz, 29 %, 29.72 W
2026/10/06 10:43:19.595, 0, 1063 MHz, 90 %, 78.32 W
2026/10/06 10:43:19.598, 1, 1063 MHz, 87 %, 88.66 W
2026/10/06 10:43:19.601, 2, 1063 MHz, 87 %, 90.75 W
2026/10/06 10:43:19.608, 3, 1063 MHz, 66 %, 84.27 W
2026/10/06 10:43:20.611, 0, 1063 MHz, 93 %, 86.56 W
2026/10/06 10:43:20.614, 1, 1063 MHz, 86 %, 86.48 W
2026/10/06 10:43:20.617, 2, 1063 MHz, 86 %, 72.79 W
2026/10/06 10:43:20.620, 3, 1063 MHz, 75 %, 78.04 W
2026/10/06 10:43:21.623, 0, 1063 MHz, 72 %, 69.75 W
2026/10/06 10:43:21.630, 1, 1063 MHz, 65 %, 43.71 W
2026/10/06 10:43:21.633, 2, 1063 MHz, 63 %, 38.18 W
2026/10/06 10:43:21.636, 3, 1063 MHz, 63 %, 53.79 W
2026/10/06 10:43:22.640, 0, 1063 MHz, 73 %, 68.29 W
2026/10/06 10:43:22.643, 1, 1063 MHz, 64 %, 55.71 W
2026/10/06 10:43:22.646, 2, 1063 MHz, 64 %, 55.27 W
2026/10/06 10:43:22.650, 3, 1063 MHz, 65 %, 57.89 W
2026/10/06 10:43:23.653, 0, 1063 MHz, 76 %, 68.24 W
2026/10/06 10:43:23.656, 1, 1063 MHz, 74 %, 70.67 W
2026/10/06 10:43:23.659, 2, 1063 MHz, 61 %, 62.47 W
2026/10/06 10:43:23.666, 3, 1063 MHz, 63 %, 63.92 W
2026/10/06 10:43:24.669, 0, 1063 MHz, 74 %, 56.50 W
2026/10/06 10:43:24.672, 1, 1063 MHz, 73 %, 52.41 W
2026/10/06 10:43:24.675, 2, 1063 MHz, 69 %, 43.98 W
2026/10/06 10:43:24.678, 3, 1063 MHz, 64 %, 49.72 W
2026/10/06 10:43:25.681, 0, 1063 MHz, 73 %, 64.19 W
2026/10/06 10:43:25.687, 1, 1063 MHz, 65 %, 56.02 W
2026/10/06 10:43:25.690, 2, 1063 MHz, 61 %, 49.47 W
2026/10/06 10:43:25.694, 3, 1063 MHz, 70 %, 49.42 W
2026/10/06 10:43:26.697, 0, 1063 MHz, 72 %, 66.85 W
2026/10/06 10:43:26.700, 1, 1063 MHz, 64 %, 70.18 W
2026/10/06 10:43:26.703, 2, 1063 MHz, 61 %, 59.53 W
2026/10/06 10:43:26.707, 3, 1063 MHz, 62 %, 60.09 W
2026/10/06 10:43:27.710, 0, 1063 MHz, 77 %, 70.75 W
2026/10/06 10:43:27.713, 1, 1063 MHz, 74 %, 48.55 W
2026/10/06 10:43:27.716, 2, 1063 MHz, 69 %, 49.72 W
2026/10/06 10:43:27.719, 3, 1063 MHz, 62 %, 55.95 W
2026/10/06 10:43:28.722, 0, 1063 MHz, 21 %, 30.72 W
2026/10/06 10:43:28.726, 1, 1063 MHz, 23 %, 31.92 W
2026/10/06 10:43:28.729, 2, 1063 MHz, 22 %, 28.77 W
2026/10/06 10:43:28.732, 3, 1063 MHz, 12 %, 29.50 W
