2026/10/06 10:39:05.959, 0, 1063 MHz, 0 %, 29.53 W
2026/10/06 10:39:05.964, 1, 1063 MHz, 0 %, 30.49 W
2026/10/06 10:39:05.967, 2, 1063 MHz, 0 %, 27.58 W
2026/10/06 10:39:05.971, 3, 1063 MHz, 0 %, 28.77 W
2026/10/06 10:39:06.976, 0, 1063 MHz, 100 %, 96.71 W
2026/10/06 10:39:06.979, 1, 1063 MHz, 0 %, 30.47 W
2026/10/06 10:39:06.983, 2, 1063 MHz, 0 %, 27.82 W
2026/10/06 10:39:06.986, 3, 1063 MHz, 0 %, 28.75 W
2026/10/06 10:39:07.989, 0, 1063 MHz, 0 %, 29.51 W
2026/10/06 10:39:07.992, 1, 1063 MHz, 12 %, 30.95 W
2026/10/06 10:39:07.997, 2, 1063 MHz, 57 %, 93.24 W
2026/10/06 10:39:08.000, 3, 1063 MHz, 0 %, 28.77 W
2026/10/06 10:39:09.003, 0, 1063 MHz, 0 %, 29.50 W
2026/10/06 10:39:09.006, 1, 1063 MHz, 0 %, 30.47 W
2026/10/06 10:39:09.009, 2, 1063 MHz, 0 %, 27.80 W
2026/10/06 10:39:09.012, 3, 1063 MHz, 100 %, 97.57 W
2026/10/06 10:39:10.016, 0, 1063 MHz, 9 %, 79.19 W
2026/10/06 10:39:10.019, 1, 1063 MHz, 17 %, 42.02 W
2026/10/06 10:39:10.022, 2, 1063 MHz, 12 %, 28.77 W
2026/10/06 10:39:10.025, 3, 1063 MHz, 20 %, 35.03 W
2026/10/06 10:39:11.028, 0, 1063 MHz, 28 %, 30.70 W
2026/10/06 10:39:11.031, 1, 1063 MHz, 27 %, 33.59 W
2026/10/06 10:39:11.036, 2, 1063 MHz, 21 %, 35.76 W
2026/10/06 10:39:11.039, 3, 1063 MHz, 43 %, 68.50 W
2026/10/06 10:39:12.044, 0, 1063 MHz, 24 %, 48.83 W
2026/10/06 10:39:12.047, 1, 1063 MHz, 24 %, 75.31 W
2026/10/06 10:39:12.050, 2, 1063 MHz, 22 %, 28.53 W
2026/10/06 10:39:12.053, 3, 1063 MHz, 30 %, 31.17 W
2026/10/06 10:39:13.056, 0, 1063 MHz, 25 %, 30.46 W
2026/10/06 10:39:13.061, 1, 1063 MHz, 20 %, 33.35 W
2026/10/06 10:39:13.064, 2, 1063 MHz, 20 %, 34.55 W
2026/10/06 10:39:13.068, 3, 1063 MHz, 40 %, 89.33 W
2026/10/06 10:39:14.074, 0, 1063 MHz, 25 %, 45.64 W
2026/10/06 10:39:14.080, 1, 1063 MHz, 19 %, 31.90 W
2026/10/06 10:39:14.083, 2, 1063 MHz, 21 %, 29.98 W
2026/10/06 10:39:14.088, 3, 1063 MHz, 39 %, 44.19 W
2026/10/06 10:39:15.094, 0, 1063 MHz, 20 %, 81.14 W
2026/10/06 10:39:15.098, 1, 1063 MHz, 16 %, 42.27 W
2026/10/06 10:39:15.101, 2, 1063 MHz, 21 %, 28.53 W
2026/10/06 10:39:15.107, 3, 1063 MHz, 39 %, 32.86 W
2026/10/06 10:39:16.113, 0, 1063 MHz, 23 %, 36.51 W
2026/10/06 10:39:16.116, 1, 1063 MHz, 21 %, 56.06 W
2026/10/06 10:39:16.119, 2, 1063 MHz, 22 %, 67.13 W
2026/10/06 10:39:16.122, 3, 1063 MHz, 34 %, 29.72 W
2026/10/06 10:39:17.125, 0, 1063 MHz, 100 %, 98.39 W
2026/10/06 10:39:17.129, 1, 1063 MHz, 0 %, 30.93 W
2026/10/06 10:39:17.132, 2, 1063 MHz, 4 %, 27.80 W
2026/10/06 10:39:17.135, 3, 1063 MHz, 0 %, 29.26 W
2026/10/06 10:39:18.138, 0, 1063 MHz, 0 %, 29.74 W
2026/10/06 10:39:18.141, 1, 1063 MHz, 100 %, 99.50 W
2026/10/06 10:39:18.144, 2, 1063 MHz, 0 %, 27.80 W
2026/10/06 10:39:18.147, 3, 1063 MHz, 0 %, 29.00 W
2026/10/06 10:39:19.151, 0, 1063 MHz, 0 %, 29.75 W
2026/10/06 10:39:19.158, 1, 1063 MHz, 0 %, 30.71 W
2026/10/06 10:39:19.161, 2, 1063 MHz, 100 %, 29.98 W
2026/10/06 10:39:19.165, 3, 1063 MHz, 0 %, 91.07 W
2026/10/06 10:39:20.171, 0, 1063 MHz, 43 %, 29.98 W
2026/10/06 10:39:20.177, 1, 1063 MHz, 38 %, 32.40 W
2026/10/06 10:39:20.180, 2, 1063 MHz, 21 %, 42.53 W
2026/10/06 10:39:20.184, 3, 1063 MHz, 38 %, 83.65 W
2026/10/06 10:39:21.190, 0, 1063 MHz, 25 %, 68.60 W
2026/10/06 10:39:21.197, 1, 1063 MHz, 24 %, 55.57 W
2026/10/06 10:39:21.200, 2, 1063 MHz, 23 %, 28.77 W
2026/10/06 10:39:21.204, 3, 1063 MHz, 40 %, 32.62 W
2026/10/06 10:39:22.210, 0, 1063 MHz, 24 %, 57.96 W
2026/10/06 10:39:22.216, 1, 1063 MHz, 23 %, 32.14 W
2026/10/06 10:39:22.219, 2, 1063 MHz, 24 %, 29.74 W
2026/10/06 10:39:22.223, 3, 1063 MHz, 40 %, 39.36 W
2026/10/06 10:39:23.229, 0, 1063 MHz, 24 %, 32.17 W
2026/10/06 10:39:23.235, 1, 1063 MHz, 24 %, 41.57 W
2026/10/06 10:39:23.238, 2, 1063 MHz, 17 %, 67.09 W
2026/10/06 10:39:23.242, 3, 1063 MHz, 40 %, 65.61 W
2026/10/06 10:39:24.248, 0, 1063 MHz, 15 %, 44.24 W
2026/10/06 10:39:24.255, 1, 1063 MHz, 17 %, 79.12 W
2026/10/06 10:39:24.258, 2, 1063 MHz, 24 %, 41.56 W
2026/10/06 10:39:24.262, 3, 1063 MHz, 28 %, 30.45 W
2026/10/06 10:39:25.268, 0, 1063 MHz, 20 %, 47.84 W
2026/10/06 10:39:25.274, 1, 1063 MHz, 24 %, 75.27 W
2026/10/06 10:39:25.277, 2, 1063 MHz, 24 %, 28.75 W
2026/10/06 10:39:25.282, 3, 1063 MHz, 40 %, 30.93 W
2026/10/06 10:39:26.287, 0, 1063 MHz, 24 %, 70.75 W
2026/10/06 10:39:26.293, 1, 1063 MHz, 24 %, 53.13 W
2026/10/06 10:39:26.296, 2, 1063 MHz, 24 %, 28.79 W
2026/10/06 10:39:26.299, 3, 1063 MHz, 39 %, 33.83 W
2026/10/06 10:39:27.303, 0, 1063 MHz, 24 %, 30.22 W
2026/10/06 10:39:27.306, 1, 1063 MHz, 22 %, 33.35 W
2026/10/06 10:39:27.310, 2, 1063 MHz, 22 %, 35.76 W
2026/10/06 10:39:27.313, 3, 1063 MHz, 37 %, 90.10 W
2026/10/06 10:39:28.317, 0, 1063 MHz, 100 %, 98.14 W
2026/10/06 10:39:28.320, 1, 1063 MHz, 0 %, 30.93 W
2026/10/06 10:39:28.323, 2, 1063 MHz, 0 %, 27.80 W
2026/10/06 10:39:28.326, 3, 1063 MHz, 0 %, 29.24 W
2026/10/06 10:39:29.329, 0, 1063 MHz, 0 %, 29.76 W
2026/10/06 10:39:29.333, 1, 1063 MHz, 71 %, 32.16 W
2026/10/06 10:39:29.336, 2, 1063 MHz, 0 %, 95.40 W
2026/10/06 10:39:29.339, 3, 1063 MHz, 0 %, 29.00 W
2026/10/06 10:39:30.342, 0, 1063 MHz, 0 %, 29.50 W
2026/10/06 10:39:30.345, 1, 1063 MHz, 0 %, 30.71 W
2026/10/06 10:39:30.350, 2, 1063 MHz, 0 %, 28.29 W
2026/10/06 10:39:30.353, 3, 1063 MHz, 100 %, 97.28 W
2026/10/06 10:39:31.356, 0, 1063 MHz, 22 %, 30.70 W
2026/10/06 10:39:31.359, 1, 1063 MHz, 19 %, 33.83 W
2026/10/06 10:39:31.362, 2, 1063 MHz, 24 %, 35.78 W
2026/10/06 10:39:31.365, 3, 1063 MHz, 35 %, 87.50 W
2026/10/06 10:39:32.369, 0, 1063 MHz, 23 %, 30.96 W
2026/10/06 10:39:32.372, 1, 1063 MHz, 16 %, 35.06 W
2026/10/06 10:39:32.375, 2, 1063 MHz, 19 %, 41.32 W
2026/10/06 10:39:32.378, 3, 1063 MHz, 37 %, 80.77 W
2026/10/06 10:39:33.382, 0, 1063 MHz, 15 %, 31.20 W
2026/10/06 10:39:33.385, 1, 1063 MHz, 21 %, 37.24 W
2026/10/06 10:39:33.389, 2, 1063 MHz, 17 %, 49.05 W
2026/10/06 10:39:33.392, 3, 1063 MHz, 28 %, 73.05 W
2026/10/06 10:39:34.395, 0, 1063 MHz, 18 %, 35.30 W
2026/10/06 10:39:34.398, 1, 1063 MHz, 21 %, 46.40 W
2026/10/06 10:39:34.401, 2, 1063 MHz, 20 %, 70.47 W
2026/10/06 10:39:34.404, 3, 1063 MHz, 37 %, 44.20 W
2026/10/06 10:39:35.407, 0, 1063 MHz, 25 %, 45.42 W
2026/10/06 10:39:35.410, 1, 1063 MHz, 25 %, 78.16 W
2026/10/06 10:39:35.413, 2, 1063 MHz, 25 %, 28.53 W
2026/10/06 10:39:35.417, 3, 1063 MHz, 40 %, 31.17 W
2026/10/06 10:39:36.420, 0, 1063 MHz, 13 %, 56.99 W
2026/10/06 10:39:36.423, 1, 1063 MHz, 17 %, 31.90 W
2026/10/06 10:39:36.427, 2, 1063 MHz, 18 %, 29.74 W
2026/10/06 10:39:36.430, 3, 1063 MHz, 36 %, 43.95 W
2026/10/06 10:39:37.433, 0, 1063 MHz, 22 %, 31.43 W
2026/10/06 10:39:37.436, 1, 1063 MHz, 25 %, 33.59 W
2026/10/06 10:39:37.439, 2, 1063 MHz, 19 %, 32.88 W
2026/10/06 10:39:37.442, 3, 1063 MHz, 24 %, 81.47 W
2026/10/06 10:39:38.445, 0, 1063 MHz, 22 %, 61.05 W
2026/10/06 10:39:38.448, 1, 1063 MHz, 22 %, 32.14 W
2026/10/06 10:39:38.451, 2, 1063 MHz, 23 %, 29.50 W
2026/10/06 10:39:38.454, 3, 1063 MHz, 34 %, 43.71 W
2026/10/06 10:39:39.457, 0, 1063 MHz, 51 %, 30.22 W
2026/10/06 10:39:39.461, 1, 1063 MHz, 47 %, 99.02 W
2026/10/06 10:39:39.464, 2, 1063 MHz, 0 %, 27.80 W
2026/10/06 10:39:39.467, 3, 1063 MHz, 0 %, 28.99 W
2026/10/06 10:39:40.470, 0, 1063 MHz, 0 %, 29.75 W
2026/10/06 10:39:40.473, 1, 1063 MHz, 0 %, 30.95 W
2026/10/06 10:39:40.476, 2, 1063 MHz, 100 %, 93.96 W
2026/10/06 10:39:40.479, 3, 1063 MHz, 0 %, 29.00 W
2026/10/06 10:39:41.482, 0, 1063 MHz, 0 %, 29.99 W
2026/10/06 10:39:41.486, 1, 1063 MHz, 0 %, 30.71 W
2026/10/06 10:39:41.489, 2, 1063 MHz, 0 %, 28.05 W
2026/10/06 10:39:41.492, 3, 1063 MHz, 100 %, 98.29 W
2026/10/06 10:39:42.496, 0, 1063 MHz, 24 %, 59.65 W
2026/10/06 10:39:42.499, 1, 1063 MHz, 24 %, 59.17 W
2026/10/06 10:39:42.502, 2, 1063 MHz, 23 %, 28.77 W
2026/10/06 10:39:42.505, 3, 1063 MHz, 39 %, 35.03 W
2026/10/06 10:39:43.508, 0, 1063 MHz, 24 %, 71.50 W
2026/10/06 10:39:43.512, 1, 1063 MHz, 24 %, 31.68 W
2026/10/06 10:39:43.515, 2, 1063 MHz, 22 %, 29.50 W
2026/10/06 10:39:43.518, 3, 1063 MHz, 39 %, 38.66 W
2026/10/06 10:39:44.521, 0, 1063 MHz, 25 %, 63.33 W
2026/10/06 10:39:44.524, 1, 1063 MHz, 24 %, 60.37 W
2026/10/06 10:39:44.528, 2, 1063 MHz, 21 %, 28.53 W
2026/10/06 10:39:44.531, 3, 1063 MHz, 39 %, 33.10 W
2026/10/06 10:39:45.534, 0, 1063 MHz, 24 %, 36.02 W
2026/10/06 10:39:45.537, 1, 1063 MHz, 25 %, 56.03 W
2026/10/06 10:39:45.540, 2, 1063 MHz, 25 %, 67.33 W
2026/10/06 10:39:45.543, 3, 1063 MHz, 40 %, 29.96 W
2026/10/06 10:39:46.546, 0, 1063 MHz, 19 %, 60.88 W
2026/10/06 10:39:46.549, 1, 1063 MHz, 14 %, 63.48 W
2026/10/06 10:39:46.552, 2, 1063 MHz, 12 %, 28.77 W
2026/10/06 10:39:46.555, 3, 1063 MHz, 30 %, 32.86 W
2026/10/06 10:39:47.559, 0, 1063 MHz, 24 %, 31.19 W
2026/10/06 10:39:47.562, 1, 1063 MHz, 24 %, 32.16 W
2026/10/06 10:39:47.565, 2, 1063 MHz, 20 %, 31.17 W
2026/10/06 10:39:47.570, 3, 1063 MHz, 34 %, 50.23 W
2026/10/06 10:39:48.576, 0, 1063 MHz, 17 %, 46.15 W
2026/10/06 10:39:48.582, 1, 1063 MHz, 24 %, 75.55 W
2026/10/06 10:39:48.585, 2, 1063 MHz, 23 %, 28.53 W
2026/10/06 10:39:48.589, 3, 1063 MHz, 29 %, 31.17 W
