2026/10/06 12:15:45.570, 0, 1063 MHz, 0 %, 29.51 W
2026/10/06 12:15:45.573, 1, 1063 MHz, 0 %, 30.73 W
2026/10/06 12:15:45.577, 2, 1063 MHz, 0 %, 27.82 W
2026/10/06 12:15:45.580, 3, 1063 MHz, 0 %, 28.77 W
2026/10/06 12:15:46.583, 0, 1063 MHz, 0 %, 29.51 W
2026/10/06 12:15:46.586, 1, 1063 MHz, 0 %, 30.49 W
2026/10/06 12:15:46.589, 2, 1063 MHz, 0 %, 27.82 W
2026/10/06 12:15:46.592, 3, 1063 MHz, 0 %, 28.77 W
2026/10/06 12:15:47.595, 0, 1063 MHz, 0 %, 29.51 W
2026/10/06 12:15:47.599, 1, 1063 MHz, 0 %, 30.73 W
2026/10/06 12:15:47.606, 2, 1063 MHz, 0 %, 27.81 W
2026/10/06 12:15:47.609, 3, 1063 MHz, 0 %, 28.77 W
2026/10/06 12:15:48.612, 0, 1063 MHz, 69 %, 30.46 W
2026/10/06 12:15:48.615, 1, 1063 MHz, 28 %, 106.72 W
2026/10/06 12:15:48.618, 2, 1063 MHz, 0 %, 27.80 W
2026/10/06 12:15:48.622, 3, 1063 MHz, 0 %, 28.75 W
2026/10/06 12:15:49.625, 0, 1063 MHz, 0 %, 29.76 W
2026/10/06 12:15:49.628, 1, 1063 MHz, 3 %, 31.19 W
2026/10/06 12:15:49.631, 2, 1063 MHz, 78 %, 101.42 W
2026/10/06 12:15:49.636, 3, 1063 MHz, 0 %, 28.75 W
2026/10/06 12:15:50.639, 0, 1063 MHz, 0 %, 29.50 W
2026/10/06 12:15:50.642, 1, 1063 MHz, 0 %, 30.93 W
2026/10/06 12:15:50.645, 2, 1063 MHz, 0 %, 28.05 W
2026/10/06 12:15:50.648, 3, 1063 MHz, 100 %, 91.60 W
2026/10/06 12:15:51.654, 0, 1063 MHz, 71 %, 71.72 W
2026/10/06 12:15:51.657, 1, 1063 MHz, 0 %, 30.71 W
2026/10/06 12:15:51.662, 2, 1063 MHz, 0 %, 27.80 W
2026/10/06 12:15:51.665, 3, 1063 MHz, 9 %, 28.75 W
2026/10/06 12:15:52.668, 0, 1063 MHz, 43 %, 29.74 W
2026/10/06 12:15:52.671, 1, 1063 MHz, 0 %, 30.69 W
2026/10/06 12:15:52.674, 2, 1063 MHz, 0 %, 28.05 W
2026/10/06 12:15:52.677, 3, 1063 MHz, 18 %, 111.71 W
2026/10/06 12:15:53.681, 0, 1063 MHz, 12 %, 33.14 W
2026/10/06 12:15:53.684, 1, 1063 MHz, 14 %, 47.85 W
2026/10/06 12:15:53.687, 2, 1063 MHz, 0 %, 66.54 W
2026/10/06 12:15:53.690, 3, 1063 MHz, 22 %, 29.02 W
2026/10/06 12:15:54.693, 0, 1063 MHz, 12 %, 29.74 W
2026/10/06 12:15:54.696, 1, 1063 MHz, 14 %, 31.19 W
2026/10/06 12:15:54.700, 2, 1063 MHz, 13 %, 28.29 W
2026/10/06 12:15:54.703, 3, 1063 MHz, 22 %, 47.33 W
2026/10/06 12:15:55.708, 0, 1063 MHz, 0 %, 30.00 W
2026/10/06 12:15:55.712, 1, 1063 MHz, 0 %, 31.19 W
2026/10/06 12:15:55.715, 2, 1063 MHz, 13 %, 28.29 W
2026/10/06 12:15:55.718, 3, 1063 MHz, 18 %, 36.25 W
2026/10/06 12:15:56.721, 0, 1063 MHz, 12 %, 30.24 W
2026/10/06 12:15:56.726, 1, 1063 MHz, 14 %, 32.40 W
2026/10/06 12:15:56.729, 2, 1063 MHz, 4 %, 32.64 W
2026/10/06 12:15:56.732, 3, 1063 MHz, 26 %, 40.57 W
2026/10/06 12:15:57.736, 0, 1063 MHz, 12 %, 29.99 W
2026/10/06 12:15:57.739, 1, 1063 MHz, 14 %, 32.38 W
2026/10/06 12:15:57.742, 2, 1063 MHz, 12 %, 33.85 W
2026/10/06 12:15:57.745, 3, 1063 MHz, 26 %, 44.94 W
2026/10/06 12:15:58.748, 0, 1063 MHz, 12 %, 29.98 W
2026/10/06 12:15:58.751, 1, 1063 MHz, 14 %, 31.19 W
2026/10/06 12:15:58.754, 2, 1063 MHz, 13 %, 28.29 W
2026/10/06 12:15:58.757, 3, 1063 MHz, 26 %, 60.58 W
2026/10/06 12:15:59.760, 0, 1063 MHz, 12 %, 29.98 W
2026/10/06 12:15:59.764, 1, 1063 MHz, 14 %, 31.43 W
2026/10/06 12:15:59.767, 2, 1063 MHz, 13 %, 28.05 W
2026/10/06 12:15:59.771, 3, 1063 MHz, 26 %, 71.11 W
2026/10/06 12:16:00.774, 0, 1063 MHz, 12 %, 44.73 W
2026/10/06 12:16:00.777, 1, 1063 MHz, 12 %, 75.82 W
2026/10/06 12:16:00.780, 2, 1063 MHz, 13 %, 28.29 W
2026/10/06 12:16:00.783, 3, 1063 MHz, 24 %, 29.96 W
2026/10/06 12:16:01.786, 0, 1063 MHz, 12 %, 29.75 W
2026/10/06 12:16:01.789, 1, 1063 MHz, 14 %, 31.17 W
2026/10/06 12:16:01.792, 2, 1063 MHz, 8 %, 28.29 W
2026/10/06 12:16:01.795, 3, 1063 MHz, 26 %, 64.64 W
2026/10/06 12:16:02.799, 0, 1063 MHz, 12 %, 34.81 W
2026/10/06 12:16:02.802, 1, 1063 MHz, 14 %, 54.09 W
2026/10/06 12:16:02.805, 2, 1063 MHz, 13 %, 64.47 W
2026/10/06 12:16:02.809, 3, 1063 MHz, 21 %, 29.48 W
2026/10/06 12:16:03.812, 0, 1063 MHz, 12 %, 29.74 W
2026/10/06 12:16:03.815, 1, 1063 MHz, 14 %, 31.19 W
2026/10/06 12:16:03.818, 2, 1063 MHz, 13 %, 28.29 W
2026/10/06 12:16:03.821, 3, 1063 MHz, 22 %, 80.47 W
2026/10/06 12:16:04.824, 0, 1063 MHz, 12 %, 31.93 W
2026/10/06 12:16:04.827, 1, 1063 MHz, 11 %, 40.62 W
2026/10/06 12:16:04.830, 2, 1063 MHz, 13 %, 75.98 W
2026/10/06 12:16:04.833, 3, 1063 MHz, 19 %, 43.21 W
2026/10/06 12:16:05.837, 0, 1063 MHz, 12 %, 66.19 W
2026/10/06 12:16:05.840, 1, 1063 MHz, 14 %, 30.93 W
2026/10/06 12:16:05.843, 2, 1063 MHz, 11 %, 28.04 W
2026/10/06 12:16:05.848, 3, 1063 MHz, 24 %, 35.03 W
2026/10/06 12:16:06.851, 0, 1063 MHz, 6 %, 29.98 W
2026/10/06 12:16:06.854, 1, 1063 MHz, 8 %, 31.43 W
2026/10/06 12:16:06.857, 2, 1063 MHz, 13 %, 29.01 W
2026/10/06 12:16:06.860, 3, 1063 MHz, 25 %, 39.12 W
2026/10/06 12:16:07.864, 0, 1063 MHz, 100 %, 107.73 W
2026/10/06 12:16:07.867, 1, 1063 MHz, 0 %, 30.69 W
2026/10/06 12:16:07.870, 2, 1063 MHz, 0 %, 28.05 W
2026/10/06 12:16:07.873, 3, 1063 MHz, 0 %, 28.99 W
2026/10/06 12:16:08.876, 0, 1063 MHz, 0 %, 29.98 W
2026/10/06 12:16:08.880, 1, 1063 MHz, 100 %, 104.38 W
2026/10/06 12:16:08.883, 2, 1063 MHz, 0 %, 28.05 W
2026/10/06 12:16:08.887, 3, 1063 MHz, 0 %, 28.75 W
2026/10/06 12:16:09.890, 0, 1063 MHz, 0 %, 29.74 W
2026/10/06 12:16:09.895, 1, 1063 MHz, 0 %, 31.19 W
2026/10/06 12:16:09.898, 2, 1063 MHz, 100 %, 81.04 W
2026/10/06 12:16:09.901, 3, 1063 MHz, 0 %, 51.41 W
2026/10/06 12:16:10.904, 0, 1063 MHz, 78 %, 41.34 W
2026/10/06 12:16:10.909, 1, 1063 MHz, 0 %, 30.95 W
2026/10/06 12:16:10.912, 2, 1063 MHz, 0 %, 28.05 W
2026/10/06 12:16:10.917, 3, 1063 MHz, 10 %, 29.02 W
2026/10/06 12:16:11.920, 0, 1063 MHz, 71 %, 86.63 W
2026/10/06 12:16:11.923, 1, 1063 MHz, 0 %, 30.93 W
2026/10/06 12:16:11.929, 2, 1063 MHz, 0 %, 28.05 W
2026/10/06 12:16:11.932, 3, 1063 MHz, 10 %, 67.05 W
2026/10/06 12:16:12.938, 0, 1063 MHz, 12 %, 32.39 W
2026/10/06 12:16:12.941, 1, 1063 MHz, 14 %, 43.71 W
2026/10/06 12:16:12.944, 2, 1063 MHz, 10 %, 70.87 W
2026/10/06 12:16:12.948, 3, 1063 MHz, 15 %, 30.43 W
2026/10/06 12:16:13.951, 0, 1063 MHz, 12 %, 29.98 W
2026/10/06 12:16:13.954, 1, 1063 MHz, 6 %, 31.17 W
2026/10/06 12:16:13.957, 2, 1063 MHz, 13 %, 28.29 W
2026/10/06 12:16:13.960, 3, 1063 MHz, 26 %, 78.35 W
2026/10/06 12:16:14.963, 0, 1063 MHz, 12 %, 30.00 W
2026/10/06 12:16:14.966, 1, 1063 MHz, 14 %, 31.43 W
2026/10/06 12:16:14.969, 2, 1063 MHz, 13 %, 28.29 W
2026/10/06 12:16:14.973, 3, 1063 MHz, 26 %, 34.30 W
2026/10/06 12:16:15.976, 0, 1063 MHz, 12 %, 30.22 W
2026/10/06 12:16:15.979, 1, 1063 MHz, 14 %, 31.17 W
2026/10/06 12:16:15.982, 2, 1063 MHz, 13 %, 28.77 W
2026/10/06 12:16:15.986, 3, 1063 MHz, 26 %, 36.47 W
2026/10/06 12:16:16.990, 0, 1063 MHz, 12 %, 30.22 W
2026/10/06 12:16:16.993, 1, 1063 MHz, 14 %, 31.42 W
2026/10/06 12:16:16.996, 2, 1063 MHz, 13 %, 29.25 W
2026/10/06 12:16:16.999, 3, 1063 MHz, 22 %, 37.67 W
2026/10/06 12:16:18.002, 0, 1063 MHz, 12 %, 29.98 W
2026/10/06 12:16:18.005, 1, 1063 MHz, 14 %, 31.19 W
2026/10/06 12:16:18.008, 2, 1063 MHz, 13 %, 29.02 W
2026/10/06 12:16:18.011, 3, 1063 MHz, 26 %, 36.24 W
2026/10/06 12:16:19.014, 0, 1063 MHz, 12 %, 29.98 W
2026/10/06 12:16:19.018, 1, 1063 MHz, 14 %, 31.43 W
2026/10/06 12:16:19.021, 2, 1063 MHz, 13 %, 29.01 W
2026/10/06 12:16:19.024, 3, 1063 MHz, 26 %, 39.37 W
2026/10/06 12:16:20.028, 0, 1063 MHz, 6 %, 35.54 W
2026/10/06 12:16:20.031, 1, 1063 MHz, 4 %, 59.41 W
2026/10/06 12:16:20.034, 2, 1063 MHz, 13 %, 56.30 W
2026/10/06 12:16:20.037, 3, 1063 MHz, 18 %, 29.97 W
2026/10/06 12:16:21.040, 0, 1063 MHz, 12 %, 29.74 W
2026/10/06 12:16:21.043, 1, 1063 MHz, 14 %, 31.42 W
2026/10/06 12:16:21.046, 2, 1063 MHz, 10 %, 28.27 W
2026/10/06 12:16:21.049, 3, 1063 MHz, 25 %, 58.19 W
2026/10/06 12:16:22.052, 0, 1063 MHz, 12 %, 29.98 W
2026/10/06 12:16:22.055, 1, 1063 MHz, 14 %, 31.19 W
2026/10/06 12:16:22.059, 2, 1063 MHz, 13 %, 28.29 W
2026/10/06 12:16:22.062, 3, 1063 MHz, 25 %, 85.33 W
2026/10/06 12:16:23.065, 0, 1063 MHz, 8 %, 30.24 W
2026/10/06 12:16:23.068, 1, 1063 MHz, 12 %, 31.43 W
2026/10/06 12:16:23.071, 2, 1063 MHz, 13 %, 29.25 W
2026/10/06 12:16:23.075, 3, 1063 MHz, 24 %, 37.45 W
2026/10/06 12:16:24.078, 0, 1063 MHz, 12 %, 30.24 W
2026/10/06 12:16:24.081, 1, 1063 MHz, 14 %, 32.16 W
2026/10/06 12:16:24.084, 2, 1063 MHz, 13 %, 32.40 W
2026/10/06 12:16:24.087, 3, 1063 MHz, 25 %, 42.50 W
2026/10/06 12:16:25.090, 0, 1063 MHz, 7 %, 29.76 W
2026/10/06 12:16:25.094, 1, 1063 MHz, 8 %, 30.97 W
2026/10/06 12:16:25.097, 2, 1063 MHz, 1 %, 28.07 W
2026/10/06 12:16:25.100, 3, 1063 MHz, 11 %, 29.26 W
2026/10/06 12:16:26.103, 0, 1063 MHz, 100 %, 30.94 W
2026/10/06 12:16:26.106, 1, 1063 MHz, 0 %, 105.34 W
2026/10/06 12:16:26.109, 2, 1063 MHz, 0 %, 28.05 W
2026/10/06 12:16:26.112, 3, 1063 MHz, 0 %, 28.99 W
2026/10/06 12:16:27.118, 0, 1063 MHz, 0 %, 29.98 W
2026/10/06 12:16:27.122, 1, 1063 MHz, 14 %, 31.43 W
2026/10/06 12:16:27.127, 2, 1063 MHz, 100 %, 102.14 W
2026/10/06 12:16:27.130, 3, 1063 MHz, 0 %, 29.00 W
2026/10/06 12:16:28.133, 0, 1063 MHz, 0 %, 30.72 W
2026/10/06 12:16:28.136, 1, 1063 MHz, 0 %, 30.95 W
2026/10/06 12:16:28.139, 2, 1063 MHz, 0 %, 28.29 W
2026/10/06 12:16:28.142, 3, 1063 MHz, 100 %, 45.16 W
2026/10/06 12:16:29.147, 0, 1063 MHz, 71 %, 43.03 W
2026/10/06 12:16:29.150, 1, 1063 MHz, 0 %, 30.95 W
2026/10/06 12:16:29.153, 2, 1063 MHz, 0 %, 28.05 W
2026/10/06 12:16:29.160, 3, 1063 MHz, 9 %, 44.92 W
2026/10/06 12:16:30.163, 0, 1063 MHz, 13 %, 33.60 W
2026/10/06 12:16:30.166, 1, 1063 MHz, 0 %, 49.99 W
2026/10/06 12:16:30.169, 2, 1063 MHz, 1 %, 65.13 W
2026/10/06 12:16:30.173, 3, 1063 MHz, 54 %, 29.26 W
2026/10/06 12:16:31.176, 0, 1063 MHz, 12 %, 36.51 W
2026/10/06 12:16:31.179, 1, 1063 MHz, 14 %, 66.85 W
2026/10/06 12:16:31.182, 2, 1063 MHz, 13 %, 51.19 W
2026/10/06 12:16:31.185, 3, 1063 MHz, 26 %, 30.19 W
2026/10/06 12:16:32.188, 0, 1063 MHz, 13 %, 36.51 W
2026/10/06 12:16:32.194, 1, 1063 MHz, 15 %, 65.19 W
2026/10/06 12:16:32.197, 2, 1063 MHz, 13 %, 52.92 W
2026/10/06 12:16:32.200, 3, 1063 MHz, 26 %, 29.72 W
2026/10/06 12:16:33.206, 0, 1063 MHz, 12 %, 46.64 W
2026/10/06 12:16:33.209, 1, 1063 MHz, 14 %, 72.14 W
2026/10/06 12:16:33.212, 2, 1063 MHz, 13 %, 28.53 W
2026/10/06 12:16:33.215, 3, 1063 MHz, 19 %, 31.17 W
2026/10/06 12:16:34.218, 0, 1063 MHz, 12 %, 43.03 W
2026/10/06 12:16:34.222, 1, 1063 MHz, 15 %, 75.98 W
2026/10/06 12:16:34.228, 2, 1063 MHz, 13 %, 36.51 W
2026/10/06 12:16:34.231, 3, 1063 MHz, 26 %, 30.43 W
2026/10/06 12:16:35.234, 0, 1063 MHz, 12 %, 39.41 W
2026/10/06 12:16:35.237, 1, 1063 MHz, 13 %, 75.98 W
2026/10/06 12:16:35.240, 2, 1063 MHz, 13 %, 43.47 W
2026/10/06 12:16:35.245, 3, 1063 MHz, 26 %, 30.20 W
2026/10/06 12:16:36.248, 0, 1063 MHz, 12 %, 62.79 W
2026/10/06 12:16:36.251, 1, 1063 MHz, 14 %, 31.67 W
2026/10/06 12:16:36.254, 2, 1063 MHz, 13 %, 28.53 W
2026/10/06 12:16:36.257, 3, 1063 MHz, 26 %, 39.85 W
2026/10/06 12:16:37.264, 0, 1063 MHz, 12 %, 54.39 W
2026/10/06 12:16:37.267, 1, 1063 MHz, 14 %, 30.94 W
2026/10/06 12:16:37.272, 2, 1063 MHz, 13 %, 28.29 W
2026/10/06 12:16:37.275, 3, 1063 MHz, 24 %, 42.53 W
2026/10/06 12:16:38.279, 0, 1063 MHz, 12 %, 54.87 W
2026/10/06 12:16:38.282, 1, 1063 MHz, 14 %, 31.17 W
2026/10/06 12:16:38.285, 2, 1063 MHz, 12 %, 28.29 W
2026/10/06 12:16:38.288, 3, 1063 MHz, 25 %, 45.65 W
2026/10/06 12:16:39.291, 0, 1063 MHz, 12 %, 30.24 W
2026/10/06 12:16:39.294, 1, 1063 MHz, 14 %, 31.66 W
2026/10/06 12:16:39.297, 2, 1063 MHz, 13 %, 28.77 W
2026/10/06 12:16:39.302, 3, 1063 MHz, 25 %, 37.45 W
2026/10/06 12:16:40.305, 0, 1063 MHz, 12 %, 30.23 W
2026/10/06 12:16:40.309, 1, 1063 MHz, 12 %, 32.14 W
2026/10/06 12:16:40.312, 2, 1063 MHz, 13 %, 31.19 W
2026/10/06 12:16:40.315, 3, 1063 MHz, 26 %, 40.83 W
2026/10/06 12:16:41.318, 0, 1063 MHz, 12 %, 67.33 W
2026/10/06 12:16:41.324, 1, 1063 MHz, 14 %, 57.42 W
2026/10/06 12:16:41.330, 2, 1063 MHz, 0 %, 28.05 W
2026/10/06 12:16:41.333, 3, 1063 MHz, 25 %, 32.88 W
2026/10/06 12:16:42.336, 0, 1063 MHz, 12 %, 65.91 W
2026/10/06 12:16:42.340, 1, 1063 MHz, 14 %, 31.68 W
2026/10/06 12:16:42.343, 2, 1063 MHz, 13 %, 28.51 W
2026/10/06 12:16:42.346, 3, 1063 MHz, 26 %, 39.62 W
2026/10/06 12:16:43.349, 0, 1063 MHz, 2 %, 103.22 W
2026/10/06 12:16:43.352, 1, 1063 MHz, 2 %, 31.19 W
2026/10/06 12:16:43.355, 2, 1063 MHz, 0 %, 28.05 W
2026/10/06 12:16:43.360, 3, 1063 MHz, 2 %, 29.24 W
2026/10/06 12:16:44.363, 0, 1063 MHz, 4 %, 30.46 W
2026/10/06 12:16:44.366, 1, 1063 MHz, 100 %, 108.65 W
2026/10/06 12:16:44.369, 2, 1063 MHz, 0 %, 28.05 W
2026/10/06 12:16:44.374, 3, 1063 MHz, 0 %, 28.99 W
2026/10/06 12:16:45.378, 0, 1063 MHz, 0 %, 30.00 W
2026/10/06 12:16:45.381, 1, 1063 MHz, 0 %, 31.19 W
2026/10/06 12:16:45.384, 2, 1063 MHz, 100 %, 101.19 W
2026/10/06 12:16:45.387, 3, 1063 MHz, 0 %, 29.24 W
2026/10/06 12:16:46.391, 0, 1063 MHz, 72 %, 69.05 W
2026/10/06 12:16:46.394, 1, 1063 MHz, 0 %, 31.19 W
2026/10/06 12:16:46.397, 2, 1063 MHz, 0 %, 28.05 W
2026/10/06 12:16:46.400, 3, 1063 MHz, 23 %, 87.22 W
2026/10/06 12:16:47.404, 0, 1063 MHz, 68 %, 75.10 W
2026/10/06 12:16:47.407, 1, 1063 MHz, 0 %, 30.95 W
2026/10/06 12:16:47.410, 2, 1063 MHz, 0 %, 28.05 W
2026/10/06 12:16:47.413, 3, 1063 MHz, 10 %, 29.48 W
2026/10/06 12:16:48.416, 0, 1063 MHz, 12 %, 30.48 W
2026/10/06 12:16:48.420, 1, 1063 MHz, 16 %, 32.40 W
2026/10/06 12:16:48.423, 2, 1063 MHz, 10 %, 32.64 W
2026/10/06 12:16:48.426, 3, 1063 MHz, 13 %, 41.06 W
2026/10/06 12:16:49.429, 0, 1063 MHz, 12 %, 51.70 W
2026/10/06 12:16:49.432, 1, 1063 MHz, 13 %, 66.62 W
2026/10/06 12:16:49.435, 2, 1063 MHz, 13 %, 28.27 W
2026/10/06 12:16:49.438, 3, 1063 MHz, 19 %, 31.65 W
2026/10/06 12:16:50.441, 0, 1063 MHz, 12 %, 52.22 W
2026/10/06 12:16:50.445, 1, 1063 MHz, 14 %, 66.13 W
2026/10/06 12:16:50.448, 2, 1063 MHz, 13 %, 28.51 W
2026/10/06 12:16:50.451, 3, 1063 MHz, 26 %, 31.67 W
2026/10/06 12:16:51.454, 0, 1063 MHz, 12 %, 29.99 W
2026/10/06 12:16:51.459, 1, 1063 MHz, 14 %, 31.19 W
2026/10/06 12:16:51.462, 2, 1063 MHz, 12 %, 28.29 W
2026/10/06 12:16:51.465, 3, 1063 MHz, 26 %, 73.57 W
2026/10/06 12:16:52.468, 0, 1063 MHz, 10 %, 30.24 W
2026/10/06 12:16:52.471, 1, 1063 MHz, 14 %, 32.16 W
2026/10/06 12:16:52.474, 2, 1063 MHz, 13 %, 31.43 W
2026/10/06 12:16:52.477, 3, 1063 MHz, 24 %, 40.59 W
2026/10/06 12:16:53.480, 0, 1063 MHz, 12 %, 35.78 W
2026/10/06 12:16:53.483, 1, 1063 MHz, 14 %, 62.30 W
2026/10/06 12:16:53.486, 2, 1063 MHz, 13 %, 55.03 W
2026/10/06 12:16:53.489, 3, 1063 MHz, 26 %, 30.19 W
2026/10/06 12:16:54.494, 0, 1063 MHz, 12 %, 35.78 W
2026/10/06 12:16:54.497, 1, 1063 MHz, 14 %, 62.03 W
2026/10/06 12:16:54.500, 2, 1063 MHz, 13 %, 54.30 W
2026/10/06 12:16:54.503, 3, 1063 MHz, 26 %, 30.20 W
2026/10/06 12:16:55.506, 0, 1063 MHz, 12 %, 77.29 W
2026/10/06 12:16:55.509, 1, 1063 MHz, 14 %, 42.07 W
2026/10/06 12:16:55.513, 2, 1063 MHz, 14 %, 28.31 W
2026/10/06 12:16:55.516, 3, 1063 MHz, 24 %, 35.04 W
2026/10/06 12:16:56.519, 0, 1063 MHz, 0 %, 30.24 W
2026/10/06 12:16:56.522, 1, 1063 MHz, 13 %, 31.68 W
2026/10/06 12:16:56.527, 2, 1063 MHz, 13 %, 30.46 W
2026/10/06 12:16:56.530, 3, 1063 MHz, 18 %, 38.16 W
2026/10/06 12:16:57.533, 0, 1063 MHz, 8 %, 29.98 W
2026/10/06 12:16:57.536, 1, 1063 MHz, 14 %, 31.19 W
2026/10/06 12:16:57.539, 2, 1063 MHz, 13 %, 28.53 W
2026/10/06 12:16:57.542, 3, 1063 MHz, 19 %, 35.76 W
2026/10/06 12:16:58.545, 0, 1063 MHz, 12 %, 29.99 W
2026/10/06 12:16:58.549, 1, 1063 MHz, 14 %, 31.68 W
2026/10/06 12:16:58.552, 2, 1063 MHz, 13 %, 28.05 W
2026/10/06 12:16:58.555, 3, 1063 MHz, 24 %, 33.59 W
2026/10/06 12:16:59.558, 0, 1063 MHz, 12 %, 30.22 W
2026/10/06 12:16:59.561, 1, 1063 MHz, 14 %, 31.43 W
2026/10/06 12:16:59.564, 2, 1063 MHz, 13 %, 28.29 W
2026/10/06 12:16:59.568, 3, 1063 MHz, 24 %, 45.40 W
2026/10/06 12:17:00.571, 0, 1063 MHz, 12 %, 29.99 W
2026/10/06 12:17:00.574, 1, 1063 MHz, 14 %, 31.19 W
2026/10/06 12:17:00.577, 2, 1063 MHz, 13 %, 28.29 W
2026/10/06 12:17:00.580, 3, 1063 MHz, 24 %, 87.26 W
2026/10/06 12:17:01.583, 0, 1063 MHz, 12 %, 72.12 W
2026/10/06 12:17:01.587, 1, 1063 MHz, 14 %, 31.19 W
2026/10/06 12:17:01.590, 2, 1063 MHz, 13 %, 28.31 W
2026/10/06 12:17:01.593, 3, 1063 MHz, 24 %, 36.73 W
