2026/10/06 11:58:24.817, 0, 1063 MHz, 0 %, 29.51 W
2026/10/06 11:58:24.820, 1, 1063 MHz, 0 %, 30.71 W
2026/10/06 11:58:24.823, 2, 1063 MHz, 0 %, 27.82 W
2026/10/06 11:58:24.826, 3, 1063 MHz, 0 %, 28.77 W
2026/10/06 11:58:25.830, 0, 1063 MHz, 0 %, 29.76 W
2026/10/06 11:58:25.833, 1, 1063 MHz, 0 %, 30.49 W
2026/10/06 11:58:25.836, 2, 1063 MHz, 0 %, 27.82 W
2026/10/06 11:58:25.839, 3, 1063 MHz, 0 %, 28.77 W
2026/10/06 11:58:26.842, 0, 1063 MHz, 31 %, 29.76 W
2026/10/06 11:58:26.845, 1, 1063 MHz, 0 %, 30.49 W
2026/10/06 11:58:26.848, 2, 1063 MHz, 0 %, 27.82 W
2026/10/06 11:58:26.854, 3, 1063 MHz, 0 %, 28.77 W
2026/10/06 11:58:27.857, 0, 1063 MHz, 100 %, 36.77 W
2026/10/06 11:58:27.862, 1, 1063 MHz, 0 %, 30.48 W
2026/10/06 11:58:27.865, 2, 1063 MHz, 0 %, 27.82 W
2026/10/06 11:58:27.868, 3, 1063 MHz, 0 %, 28.77 W
2026/10/06 11:58:28.875, 0, 1063 MHz, 0 %, 29.76 W
2026/10/06 11:58:28.878, 1, 1063 MHz, 2 %, 40.38 W
2026/10/06 11:58:28.881, 2, 1063 MHz, 0 %, 27.82 W
2026/10/06 11:58:28.884, 3, 1063 MHz, 0 %, 28.77 W
2026/10/06 11:58:29.887, 0, 1063 MHz, 0 %, 29.74 W
2026/10/06 11:58:29.890, 1, 1063 MHz, 0 %, 94.50 W
2026/10/06 11:58:29.893, 2, 1063 MHz, 0 %, 27.80 W
2026/10/06 11:58:29.896, 3, 1063 MHz, 0 %, 28.75 W
2026/10/06 11:58:30.900, 0, 1063 MHz, 0 %, 29.76 W
2026/10/06 11:58:30.903, 1, 1063 MHz, 0 %, 30.96 W
2026/10/06 11:58:30.906, 2, 1063 MHz, 0 %, 28.07 W
2026/10/06 11:58:30.912, 3, 1063 MHz, 0 %, 28.77 W
2026/10/06 11:58:31.915, 0, 1063 MHz, 0 %, 29.75 W
2026/10/06 11:58:31.920, 1, 1063 MHz, 0 %, 30.71 W
2026/10/06 11:58:31.923, 2, 1063 MHz, 100 %, 81.04 W
2026/10/06 11:58:31.926, 3, 1063 MHz, 0 %, 28.75 W
2026/10/06 11:58:32.932, 0, 1063 MHz, 0 %, 29.74 W
2026/10/06 11:58:32.935, 1, 1063 MHz, 0 %, 30.71 W
2026/10/06 11:58:32.939, 2, 1063 MHz, 0 %, 28.05 W
2026/10/06 11:58:32.942, 3, 1063 MHz, 100 %, 88.22 W
2026/10/06 11:58:33.945, 0, 1063 MHz, 24 %, 31.91 W
2026/10/06 11:58:33.946, 1, 1063 MHz, 21 %, 38.42 W
2026/10/06 11:58:33.949, 2, 1063 MHz, 12 %, 66.09 W
2026/10/06 11:58:33.952, 3, 1063 MHz, 21 %, 29.24 W
2026/10/06 11:58:34.955, 0, 1063 MHz, 23 %, 35.28 W
2026/10/06 11:58:34.958, 1, 1063 MHz, 23 %, 47.60 W
2026/10/06 11:58:34.962, 2, 1063 MHz, 18 %, 74.00 W
2026/10/06 11:58:34.965, 3, 1063 MHz, 29 %, 40.55 W
2026/10/06 11:58:35.968, 0, 1063 MHz, 18 %, 38.64 W
2026/10/06 11:58:35.971, 1, 1063 MHz, 15 %, 61.29 W
2026/10/06 11:58:35.974, 2, 1063 MHz, 23 %, 64.19 W
2026/10/06 11:58:35.977, 3, 1063 MHz, 40 %, 29.95 W
2026/10/06 11:58:36.981, 0, 1063 MHz, 28 %, 30.46 W
2026/10/06 11:58:36.984, 1, 1063 MHz, 25 %, 33.10 W
2026/10/06 11:58:36.988, 2, 1063 MHz, 19 %, 35.03 W
2026/10/06 11:58:36.991, 3, 1063 MHz, 24 %, 93.46 W
2026/10/06 11:58:37.994, 0, 1063 MHz, 29 %, 47.59 W
2026/10/06 11:58:37.998, 1, 1063 MHz, 28 %, 74.49 W
2026/10/06 11:58:38.001, 2, 1063 MHz, 30 %, 28.53 W
2026/10/06 11:58:38.004, 3, 1063 MHz, 41 %, 30.69 W
2026/10/06 11:58:39.009, 0, 1063 MHz, 14 %, 30.46 W
2026/10/06 11:58:39.012, 1, 1063 MHz, 12 %, 33.10 W
2026/10/06 11:58:39.015, 2, 1063 MHz, 22 %, 33.83 W
2026/10/06 11:58:39.019, 3, 1063 MHz, 34 %, 89.09 W
2026/10/06 11:58:40.022, 0, 1063 MHz, 30 %, 38.66 W
2026/10/06 11:58:40.025, 1, 1063 MHz, 24 %, 63.00 W
2026/10/06 11:58:40.028, 2, 1063 MHz, 27 %, 59.58 W
2026/10/06 11:58:40.032, 3, 1063 MHz, 40 %, 30.18 W
2026/10/06 11:58:41.035, 0, 1063 MHz, 73 %, 87.34 W
2026/10/06 11:58:41.038, 1, 1063 MHz, 0 %, 31.19 W
2026/10/06 11:58:41.041, 2, 1063 MHz, 0 %, 28.05 W
2026/10/06 11:58:41.044, 3, 1063 MHz, 0 %, 29.00 W
2026/10/06 11:58:42.047, 0, 1063 MHz, 0 %, 30.22 W
2026/10/06 11:58:42.050, 1, 1063 MHz, 100 %, 94.98 W
2026/10/06 11:58:42.053, 2, 1063 MHz, 0 %, 28.05 W
2026/10/06 11:58:42.056, 3, 1063 MHz, 0 %, 29.00 W
2026/10/06 11:58:43.060, 0, 1063 MHz, 0 %, 29.75 W
2026/10/06 11:58:43.063, 1, 1063 MHz, 0 %, 30.95 W
2026/10/06 11:58:43.066, 2, 1063 MHz, 100 %, 82.68 W
2026/10/06 11:58:43.069, 3, 1063 MHz, 0 %, 29.00 W
2026/10/06 11:58:44.072, 0, 1063 MHz, 0 %, 29.98 W
2026/10/06 11:58:44.075, 1, 1063 MHz, 0 %, 30.95 W
2026/10/06 11:58:44.078, 2, 1063 MHz, 0 %, 28.05 W
2026/10/06 11:58:44.081, 3, 1063 MHz, 100 %, 90.63 W
2026/10/06 11:58:45.086, 0, 1063 MHz, 19 %, 56.99 W
2026/10/06 11:58:45.089, 1, 1063 MHz, 13 %, 32.62 W
2026/10/06 11:58:45.092, 2, 1063 MHz, 22 %, 30.46 W
2026/10/06 11:58:45.095, 3, 1063 MHz, 35 %, 45.40 W
2026/10/06 11:58:46.098, 0, 1063 MHz, 25 %, 30.46 W
2026/10/06 11:58:46.101, 1, 1063 MHz, 19 %, 33.85 W
2026/10/06 11:58:46.104, 2, 1063 MHz, 19 %, 33.12 W
2026/10/06 11:58:46.107, 3, 1063 MHz, 33 %, 91.50 W
2026/10/06 11:58:47.111, 0, 1063 MHz, 25 %, 30.94 W
2026/10/06 11:58:47.115, 1, 1063 MHz, 26 %, 33.10 W
2026/10/06 11:58:47.118, 2, 1063 MHz, 17 %, 33.34 W
2026/10/06 11:58:47.121, 3, 1063 MHz, 30 %, 83.39 W
2026/10/06 11:58:48.125, 0, 1063 MHz, 21 %, 30.70 W
2026/10/06 11:58:48.128, 1, 1063 MHz, 16 %, 33.59 W
2026/10/06 11:58:48.131, 2, 1063 MHz, 23 %, 34.31 W
2026/10/06 11:58:48.134, 3, 1063 MHz, 39 %, 94.67 W
2026/10/06 11:58:49.137, 0, 1063 MHz, 20 %, 31.67 W
2026/10/06 11:58:49.140, 1, 1063 MHz, 22 %, 35.76 W
2026/10/06 11:58:49.143, 2, 1063 MHz, 23 %, 44.19 W
2026/10/06 11:58:49.147, 3, 1063 MHz, 40 %, 80.46 W
2026/10/06 11:58:50.150, 0, 1063 MHz, 27 %, 32.64 W
2026/10/06 11:58:50.153, 1, 1063 MHz, 26 %, 39.15 W
2026/10/06 11:58:50.156, 2, 1063 MHz, 18 %, 56.72 W
2026/10/06 11:58:50.159, 3, 1063 MHz, 41 %, 69.22 W
2026/10/06 11:58:51.163, 0, 1063 MHz, 25 %, 35.78 W
2026/10/06 11:58:51.166, 1, 1063 MHz, 17 %, 48.54 W
2026/10/06 11:58:51.169, 2, 1063 MHz, 19 %, 76.21 W
2026/10/06 11:58:51.172, 3, 1063 MHz, 30 %, 37.43 W
2026/10/06 11:58:52.175, 0, 1063 MHz, 91 %, 32.40 W
2026/10/06 11:58:52.179, 1, 1063 MHz, 9 %, 88.72 W
2026/10/06 11:58:52.182, 2, 1063 MHz, 0 %, 28.05 W
2026/10/06 11:58:52.185, 3, 1063 MHz, 0 %, 28.99 W
2026/10/06 11:58:53.188, 0, 1063 MHz, 0 %, 29.98 W
2026/10/06 11:58:53.191, 1, 1063 MHz, 0 %, 31.19 W
2026/10/06 11:58:53.194, 2, 1063 MHz, 100 %, 92.32 W
2026/10/06 11:58:53.197, 3, 1063 MHz, 0 %, 28.99 W
2026/10/06 11:58:54.201, 0, 1063 MHz, 0 %, 29.98 W
2026/10/06 11:58:54.204, 1, 1063 MHz, 0 %, 31.17 W
2026/10/06 11:58:54.207, 2, 1063 MHz, 0 %, 28.29 W
2026/10/06 11:58:54.210, 3, 1063 MHz, 100 %, 81.97 W
2026/10/06 11:58:55.214, 0, 1063 MHz, 21 %, 41.09 W
2026/10/06 11:58:55.217, 1, 1063 MHz, 20 %, 70.50 W
2026/10/06 11:58:55.220, 2, 1063 MHz, 24 %, 57.41 W
2026/10/06 11:58:55.223, 3, 1063 MHz, 37 %, 30.69 W
2026/10/06 11:58:56.227, 0, 1063 MHz, 25 %, 67.57 W
2026/10/06 11:58:56.230, 1, 1063 MHz, 23 %, 31.66 W
2026/10/06 11:58:56.233, 2, 1063 MHz, 19 %, 29.50 W
2026/10/06 11:58:56.237, 3, 1063 MHz, 29 %, 42.48 W
2026/10/06 11:58:57.241, 0, 1063 MHz, 20 %, 30.94 W
2026/10/06 11:58:57.244, 1, 1063 MHz, 19 %, 34.07 W
2026/10/06 11:58:57.247, 2, 1063 MHz, 23 %, 38.42 W
2026/10/06 11:58:57.250, 3, 1063 MHz, 40 %, 95.64 W
2026/10/06 11:58:58.253, 0, 1063 MHz, 25 %, 31.67 W
2026/10/06 11:58:58.256, 1, 1063 MHz, 23 %, 36.49 W
2026/10/06 11:58:58.260, 2, 1063 MHz, 23 %, 46.61 W
2026/10/06 11:58:58.263, 3, 1063 MHz, 40 %, 84.85 W
2026/10/06 11:58:59.269, 0, 1063 MHz, 25 %, 32.13 W
2026/10/06 11:58:59.272, 1, 1063 MHz, 23 %, 37.92 W
2026/10/06 11:58:59.276, 2, 1063 MHz, 15 %, 48.78 W
2026/10/06 11:58:59.279, 3, 1063 MHz, 39 %, 73.52 W
2026/10/06 11:59:00.283, 0, 1063 MHz, 26 %, 31.67 W
2026/10/06 11:59:00.287, 1, 1063 MHz, 25 %, 36.00 W
2026/10/06 11:59:00.290, 2, 1063 MHz, 15 %, 47.57 W
2026/10/06 11:59:00.293, 3, 1063 MHz, 37 %, 80.91 W
2026/10/06 11:59:01.297, 0, 1063 MHz, 25 %, 33.10 W
2026/10/06 11:59:01.300, 1, 1063 MHz, 24 %, 41.54 W
2026/10/06 11:59:01.303, 2, 1063 MHz, 20 %, 60.54 W
2026/10/06 11:59:01.307, 3, 1063 MHz, 27 %, 66.58 W
2026/10/06 11:59:02.310, 0, 1063 MHz, 100 %, 91.69 W
2026/10/06 11:59:02.314, 1, 1063 MHz, 0 %, 31.19 W
2026/10/06 11:59:02.317, 2, 1063 MHz, 0 %, 28.05 W
2026/10/06 11:59:02.320, 3, 1063 MHz, 0 %, 29.24 W
2026/10/06 11:59:03.323, 0, 1063 MHz, 0 %, 30.22 W
2026/10/06 11:59:03.327, 1, 1063 MHz, 100 %, 43.98 W
2026/10/06 11:59:03.333, 2, 1063 MHz, 0 %, 68.26 W
2026/10/06 11:59:03.338, 3, 1063 MHz, 0 %, 29.24 W
2026/10/06 11:59:04.341, 0, 1063 MHz, 0 %, 29.99 W
2026/10/06 11:59:04.345, 1, 1063 MHz, 0 %, 31.17 W
2026/10/06 11:59:04.346, 2, 1063 MHz, 60 %, 28.53 W
2026/10/06 11:59:04.349, 3, 1063 MHz, 56 %, 84.85 W
2026/10/06 11:59:05.354, 0, 1063 MHz, 22 %, 77.01 W
2026/10/06 11:59:05.357, 1, 1063 MHz, 28 %, 32.15 W
2026/10/06 11:59:05.358, 2, 1063 MHz, 35 %, 29.48 W
2026/10/06 11:59:05.361, 3, 1063 MHz, 35 %, 36.71 W
2026/10/06 11:59:06.364, 0, 1063 MHz, 22 %, 58.88 W
2026/10/06 11:59:06.370, 1, 1063 MHz, 21 %, 45.40 W
2026/10/06 11:59:06.374, 2, 1063 MHz, 21 %, 30.20 W
2026/10/06 11:59:06.377, 3, 1063 MHz, 40 %, 40.79 W
2026/10/06 11:59:07.381, 0, 1063 MHz, 24 %, 31.91 W
2026/10/06 11:59:07.384, 1, 1063 MHz, 23 %, 36.00 W
2026/10/06 11:59:07.387, 2, 1063 MHz, 20 %, 44.46 W
2026/10/06 11:59:07.390, 3, 1063 MHz, 40 %, 83.61 W
2026/10/06 11:59:08.394, 0, 1063 MHz, 24 %, 31.89 W
2026/10/06 11:59:08.398, 1, 1063 MHz, 23 %, 37.21 W
2026/10/06 11:59:08.401, 2, 1063 MHz, 13 %, 51.71 W
2026/10/06 11:59:08.404, 3, 1063 MHz, 29 %, 74.24 W
2026/10/06 11:59:09.407, 0, 1063 MHz, 25 %, 30.94 W
2026/10/06 11:59:09.410, 1, 1063 MHz, 23 %, 32.86 W
2026/10/06 11:59:09.413, 2, 1063 MHz, 20 %, 32.40 W
2026/10/06 11:59:09.416, 3, 1063 MHz, 34 %, 77.87 W
2026/10/06 11:59:10.419, 0, 1063 MHz, 25 %, 30.70 W
2026/10/06 11:59:10.423, 1, 1063 MHz, 19 %, 33.59 W
2026/10/06 11:59:10.426, 2, 1063 MHz, 15 %, 35.52 W
2026/10/06 11:59:10.429, 3, 1063 MHz, 29 %, 91.98 W
2026/10/06 11:59:11.433, 0, 1063 MHz, 16 %, 32.88 W
2026/10/06 11:59:11.436, 1, 1063 MHz, 21 %, 39.63 W
2026/10/06 11:59:11.439, 2, 1063 MHz, 24 %, 58.40 W
2026/10/06 11:59:11.442, 3, 1063 MHz, 41 %, 67.05 W
2026/10/06 11:59:12.445, 0, 1063 MHz, 0 %, 30.24 W
2026/10/06 11:59:12.448, 1, 1063 MHz, 10 %, 31.19 W
2026/10/06 11:59:12.451, 2, 1063 MHz, 12 %, 28.29 W
2026/10/06 11:59:12.454, 3, 1063 MHz, 15 %, 29.50 W
