2026/10/06 15:33:33.056, 0, 1063 MHz, 0 %, 29.76 W
2026/10/06 15:33:33.059, 1, 405 MHz, 0 %, 28.07 W
2026/10/06 15:33:33.062, 2, 405 MHz, 0 %, 25.40 W
2026/10/06 15:33:33.066, 3, 405 MHz, 0 %, 25.87 W
2026/10/06 15:33:34.069, 0, 1063 MHz, 0 %, 29.76 W
2026/10/06 15:33:34.072, 1, 405 MHz, 0 %, 28.07 W
2026/10/06 15:33:34.075, 2, 405 MHz, 0 %, 25.65 W
2026/10/06 15:33:34.079, 3, 405 MHz, 0 %, 25.87 W
2026/10/06 15:33:35.083, 0, 1063 MHz, 87 %, 84.46 W
2026/10/06 15:33:35.086, 1, 405 MHz, 0 %, 28.05 W
2026/10/06 15:33:35.089, 2, 405 MHz, 0 %, 25.39 W
2026/10/06 15:33:35.092, 3, 405 MHz, 0 %, 25.85 W
2026/10/06 15:33:36.095, 0, 1063 MHz, 96 %, 83.73 W
2026/10/06 15:33:36.099, 1, 405 MHz, 0 %, 28.05 W
2026/10/06 15:33:36.102, 2, 405 MHz, 0 %, 25.39 W
2026/10/06 15:33:36.105, 3, 405 MHz, 0 %, 26.09 W
2026/10/06 15:33:37.108, 0, 1063 MHz, 99 %, 83.50 W
2026/10/06 15:33:37.111, 1, 405 MHz, 0 %, 28.05 W
2026/10/06 15:33:37.115, 2, 405 MHz, 0 %, 25.39 W
2026/10/06 15:33:37.118, 3, 405 MHz, 0 %, 26.10 W
2026/10/06 15:33:38.121, 0, 1063 MHz, 91 %, 86.87 W
2026/10/06 15:33:38.124, 1, 405 MHz, 0 %, 28.05 W
2026/10/06 15:33:38.127, 2, 405 MHz, 0 %, 25.63 W
2026/10/06 15:33:38.130, 3, 405 MHz, 0 %, 25.85 W
2026/10/06 15:33:39.133, 0, 1063 MHz, 3 %, 30.24 W
2026/10/06 15:33:39.137, 1, 405 MHz, 0 %, 28.07 W
2026/10/06 15:33:39.140, 2, 405 MHz, 0 %, 25.65 W
2026/10/06 15:33:39.143, 3, 405 MHz, 0 %, 25.87 W
2026/10/06 15:33:40.146, 0, 1063 MHz, 96 %, 60.61 W
2026/10/06 15:33:40.149, 1, 405 MHz, 0 %, 27.81 W
2026/10/06 15:33:40.149, 2, 405 MHz, 0 %, 25.40 W
2026/10/06 15:33:40.156, 3, 405 MHz, 0 %, 26.11 W
2026/10/06 15:33:41.159, 0, 1063 MHz, 80 %, 79.86 W
2026/10/06 15:33:41.163, 1, 405 MHz, 0 %, 28.04 W
2026/10/06 15:33:41.166, 2, 405 MHz, 0 %, 25.63 W
2026/10/06 15:33:41.169, 3, 405 MHz, 0 %, 25.85 W
2026/10/06 15:33:42.172, 0, 1063 MHz, 76 %, 58.67 W
2026/10/06 15:33:42.176, 1, 405 MHz, 0 %, 28.03 W
2026/10/06 15:33:42.179, 2, 405 MHz, 0 %, 25.63 W
2026/10/06 15:33:42.182, 3, 405 MHz, 0 %, 25.85 W
2026/10/06 15:33:43.186, 0, 1063 MHz, 100 %, 65.16 W
2026/10/06 15:33:43.189, 1, 405 MHz, 0 %, 28.03 W
2026/10/06 15:33:43.194, 2, 405 MHz, 0 %, 25.39 W
2026/10/06 15:33:43.198, 3, 405 MHz, 0 %, 25.85 W
2026/10/06 15:33:44.201, 0, 1063 MHz, 100 %, 31.21 W
2026/10/06 15:33:44.207, 1, 405 MHz, 0 %, 28.05 W
2026/10/06 15:33:44.210, 2, 405 MHz, 0 %, 25.39 W
2026/10/06 15:33:44.214, 3, 405 MHz, 0 %, 25.87 W
2026/10/06 15:33:45.217, 0, 1063 MHz, 27 %, 63.50 W
2026/10/06 15:33:45.221, 1, 405 MHz, 0 %, 28.03 W
2026/10/06 15:33:45.224, 2, 405 MHz, 0 %, 25.39 W
2026/10/06 15:33:45.227, 3, 405 MHz, 0 %, 25.85 W
2026/10/06 15:33:46.230, 0, 1063 MHz, 100 %, 64.67 W
2026/10/06 15:33:46.234, 1, 405 MHz, 0 %, 28.03 W
2026/10/06 15:33:46.237, 2, 405 MHz, 0 %, 25.63 W
2026/10/06 15:33:46.240, 3, 405 MHz, 0 %, 25.85 W
2026/10/06 15:33:47.245, 0, 1063 MHz, 100 %, 50.25 W
2026/10/06 15:33:47.249, 1, 405 MHz, 0 %, 28.05 W
2026/10/06 15:33:47.252, 2, 405 MHz, 0 %, 25.65 W
2026/10/06 15:33:47.257, 3, 405 MHz, 0 %, 25.87 W
2026/10/06 15:33:48.260, 0, 1063 MHz, 100 %, 67.12 W
2026/10/06 15:33:48.264, 1, 405 MHz, 0 %, 28.03 W
2026/10/06 15:33:48.267, 2, 405 MHz, 0 %, 25.61 W
2026/10/06 15:33:48.270, 3, 405 MHz, 0 %, 25.85 W
2026/10/06 15:33:49.274, 0, 1063 MHz, 100 %, 36.26 W
2026/10/06 15:33:49.279, 1, 405 MHz, 0 %, 28.05 W
2026/10/06 15:33:49.282, 2, 405 MHz, 0 %, 25.63 W
2026/10/06 15:33:49.285, 3, 405 MHz, 0 %, 25.87 W
2026/10/06 15:33:50.288, 0, 1063 MHz, 25 %, 68.09 W
2026/10/06 15:33:50.292, 1, 405 MHz, 0 %, 28.03 W
2026/10/06 15:33:50.295, 2, 405 MHz, 0 %, 25.63 W
2026/10/06 15:33:50.301, 3, 405 MHz, 0 %, 25.84 W
2026/10/06 15:33:51.304, 0, 1063 MHz, 100 %, 70.94 W
2026/10/06 15:33:51.308, 1, 405 MHz, 0 %, 27.79 W
2026/10/06 15:33:51.311, 2, 405 MHz, 0 %, 25.39 W
2026/10/06 15:33:51.314, 3, 405 MHz, 0 %, 25.85 W
2026/10/06 15:33:52.317, 0, 1063 MHz, 100 %, 30.97 W
2026/10/06 15:33:52.320, 1, 405 MHz, 0 %, 28.05 W
2026/10/06 15:33:52.323, 2, 405 MHz, 0 %, 25.65 W
2026/10/06 15:33:52.326, 3, 405 MHz, 0 %, 25.87 W
2026/10/06 15:33:53.330, 0, 1063 MHz, 100 %, 69.49 W
2026/10/06 15:33:53.334, 1, 405 MHz, 0 %, 28.03 W
2026/10/06 15:33:53.337, 2, 405 MHz, 0 %, 25.63 W
2026/10/06 15:33:53.341, 3, 405 MHz, 0 %, 25.85 W
2026/10/06 15:33:54.344, 0, 1063 MHz, 100 %, 37.72 W
2026/10/06 15:33:54.350, 1, 405 MHz, 0 %, 28.05 W
2026/10/06 15:33:54.353, 2, 405 MHz, 0 %, 25.39 W
2026/10/06 15:33:54.356, 3, 405 MHz, 0 %, 25.85 W
2026/10/06 15:33:55.361, 0, 1063 MHz, 44 %, 76.30 W
2026/10/06 15:33:55.365, 1, 405 MHz, 0 %, 28.28 W
2026/10/06 15:33:55.369, 2, 405 MHz, 0 %, 25.40 W
2026/10/06 15:33:55.372, 3, 405 MHz, 0 %, 25.63 W
2026/10/06 15:33:56.375, 0, 1063 MHz, 95 %, 84.21 W
2026/10/06 15:33:56.378, 1, 405 MHz, 0 %, 28.04 W
2026/10/06 15:33:56.381, 2, 405 MHz, 0 %, 25.63 W
2026/10/06 15:33:56.384, 3, 405 MHz, 0 %, 25.85 W
2026/10/06 15:33:57.387, 0, 1063 MHz, 99 %, 82.53 W
2026/10/06 15:33:57.391, 1, 405 MHz, 0 %, 28.03 W
2026/10/06 15:33:57.394, 2, 405 MHz, 0 %, 25.39 W
2026/10/06 15:33:57.399, 3, 405 MHz, 0 %, 25.85 W
2026/10/06 15:33:58.402, 0, 1063 MHz, 99 %, 76.25 W
2026/10/06 15:33:58.405, 1, 405 MHz, 0 %, 27.81 W
2026/10/06 15:33:58.411, 2, 405 MHz, 0 %, 25.63 W
2026/10/06 15:33:58.414, 3, 405 MHz, 0 %, 26.10 W
2026/10/06 15:33:59.419, 0, 1063 MHz, 21 %, 30.97 W
2026/10/06 15:33:59.423, 1, 405 MHz, 0 %, 27.81 W
2026/10/06 15:33:59.426, 2, 405 MHz, 0 %, 25.63 W
2026/10/06 15:33:59.429, 3, 405 MHz, 0 %, 25.87 W
2026/10/06 15:34:00.432, 0, 1063 MHz, 3 %, 30.72 W
2026/10/06 15:34:00.435, 1, 405 MHz, 0 %, 27.83 W
2026/10/06 15:34:00.438, 2, 405 MHz, 0 %, 25.40 W
2026/10/06 15:34:00.441, 3, 405 MHz, 0 %, 25.87 W
2026/10/06 15:34:01.444, 0, 1063 MHz, 100 %, 35.56 W
2026/10/06 15:34:01.448, 1, 405 MHz, 0 %, 27.81 W
2026/10/06 15:34:01.451, 2, 405 MHz, 0 %, 25.63 W
2026/10/06 15:34:01.457, 3, 405 MHz, 0 %, 25.85 W
2026/10/06 15:34:02.460, 0, 1063 MHz, 100 %, 62.05 W
2026/10/06 15:34:02.465, 1, 405 MHz, 0 %, 28.03 W
2026/10/06 15:34:02.468, 2, 405 MHz, 0 %, 25.63 W
2026/10/06 15:34:02.472, 3, 405 MHz, 0 %, 25.84 W
2026/10/06 15:34:03.477, 0, 1063 MHz, 70 %, 75.25 W
2026/10/06 15:34:03.481, 1, 405 MHz, 0 %, 28.03 W
2026/10/06 15:34:03.484, 2, 405 MHz, 0 %, 25.63 W
2026/10/06 15:34:03.487, 3, 405 MHz, 0 %, 25.85 W
2026/10/06 15:34:04.491, 0, 1063 MHz, 100 %, 35.06 W
2026/10/06 15:34:04.494, 1, 405 MHz, 0 %, 28.05 W
2026/10/06 15:34:04.497, 2, 405 MHz, 0 %, 25.63 W
2026/10/06 15:34:04.500, 3, 405 MHz, 0 %, 25.87 W
2026/10/06 15:34:05.503, 0, 1063 MHz, 100 %, 64.15 W
2026/10/06 15:34:05.507, 1, 405 MHz, 0 %, 28.03 W
2026/10/06 15:34:05.513, 2, 405 MHz, 0 %, 25.39 W
2026/10/06 15:34:05.516, 3, 405 MHz, 0 %, 25.85 W
2026/10/06 15:34:06.520, 0, 1063 MHz, 100 %, 33.14 W
2026/10/06 15:34:06.523, 1, 405 MHz, 0 %, 28.05 W
2026/10/06 15:34:06.526, 2, 405 MHz, 0 %, 25.40 W
2026/10/06 15:34:06.529, 3, 405 MHz, 0 %, 25.85 W
2026/10/06 15:34:07.532, 0, 1063 MHz, 100 %, 80.11 W
2026/10/06 15:34:07.535, 1, 405 MHz, 0 %, 28.03 W
2026/10/06 15:34:07.538, 2, 405 MHz, 0 %, 25.63 W
2026/10/06 15:34:07.542, 3, 405 MHz, 0 %, 25.84 W
2026/10/06 15:34:08.545, 0, 1063 MHz, 32 %, 73.88 W
2026/10/06 15:34:08.549, 1, 405 MHz, 0 %, 28.04 W
2026/10/06 15:34:08.552, 2, 405 MHz, 0 %, 25.63 W
2026/10/06 15:34:08.556, 3, 405 MHz, 0 %, 25.85 W
2026/10/06 15:34:09.559, 0, 1063 MHz, 100 %, 78.18 W
2026/10/06 15:34:09.566, 1, 405 MHz, 0 %, 28.03 W
2026/10/06 15:34:09.571, 2, 405 MHz, 0 %, 25.39 W
2026/10/06 15:34:09.574, 3, 405 MHz, 0 %, 25.85 W
2026/10/06 15:34:10.577, 0, 1063 MHz, 27 %, 84.69 W
2026/10/06 15:34:10.581, 1, 405 MHz, 0 %, 27.78 W
2026/10/06 15:34:10.584, 2, 405 MHz, 0 %, 25.61 W
2026/10/06 15:34:10.587, 3, 405 MHz, 0 %, 25.60 W
2026/10/06 15:34:11.590, 0, 1063 MHz, 100 %, 86.82 W
2026/10/06 15:34:11.594, 1, 405 MHz, 0 %, 28.03 W
2026/10/06 15:34:11.597, 2, 405 MHz, 0 %, 25.39 W
2026/10/06 15:34:11.602, 3, 405 MHz, 0 %, 25.85 W
2026/10/06 15:34:12.606, 0, 1063 MHz, 48 %, 72.40 W
2026/10/06 15:34:12.609, 1, 405 MHz, 0 %, 27.80 W
2026/10/06 15:34:12.613, 2, 405 MHz, 0 %, 25.39 W
2026/10/06 15:34:12.616, 3, 405 MHz, 0 %, 25.85 W
2026/10/06 15:34:13.621, 0, 1063 MHz, 100 %, 54.60 W
2026/10/06 15:34:13.625, 1, 405 MHz, 0 %, 27.81 W
2026/10/06 15:34:13.628, 2, 405 MHz, 0 %, 25.63 W
2026/10/06 15:34:13.631, 3, 405 MHz, 0 %, 25.85 W
2026/10/06 15:34:14.635, 0, 1063 MHz, 89 %, 49.77 W
2026/10/06 15:34:14.638, 1, 405 MHz, 0 %, 27.81 W
2026/10/06 15:34:14.641, 2, 405 MHz, 0 %, 25.63 W
2026/10/06 15:34:14.644, 3, 405 MHz, 0 %, 26.10 W
2026/10/06 15:34:15.647, 0, 1063 MHz, 99 %, 89.00 W
2026/10/06 15:34:15.652, 1, 405 MHz, 0 %, 28.03 W
2026/10/06 15:34:15.655, 2, 405 MHz, 0 %, 25.63 W
2026/10/06 15:34:15.658, 3, 405 MHz, 0 %, 25.85 W
2026/10/06 15:34:16.661, 0, 1063 MHz, 70 %, 83.45 W
2026/10/06 15:34:16.664, 1, 405 MHz, 0 %, 28.03 W
2026/10/06 15:34:16.667, 2, 405 MHz, 0 %, 25.39 W
2026/10/06 15:34:16.670, 3, 405 MHz, 0 %, 25.85 W
2026/10/06 15:34:17.674, 0, 1063 MHz, 99 %, 91.59 W
2026/10/06 15:34:17.677, 1, 405 MHz, 0 %, 28.03 W
2026/10/06 15:34:17.680, 2, 405 MHz, 0 %, 25.39 W
2026/10/06 15:34:17.683, 3, 405 MHz, 0 %, 25.85 W
2026/10/06 15:34:18.686, 0, 1063 MHz, 99 %, 37.96 W
2026/10/06 15:34:18.691, 1, 405 MHz, 0 %, 28.05 W
2026/10/06 15:34:18.694, 2, 405 MHz, 0 %, 25.63 W
2026/10/06 15:34:18.700, 3, 405 MHz, 0 %, 25.85 W
2026/10/06 15:34:19.703, 0, 1063 MHz, 4 %, 63.23 W
2026/10/06 15:34:19.708, 1, 405 MHz, 0 %, 28.03 W
2026/10/06 15:34:19.711, 2, 405 MHz, 0 %, 25.39 W
2026/10/06 15:34:19.714, 3, 405 MHz, 0 %, 26.08 W
2026/10/06 15:34:20.719, 0, 1063 MHz, 100 %, 55.05 W
2026/10/06 15:34:20.724, 1, 405 MHz, 0 %, 28.05 W
2026/10/06 15:34:20.729, 2, 405 MHz, 0 %, 25.63 W
2026/10/06 15:34:20.732, 3, 405 MHz, 0 %, 26.09 W
2026/10/06 15:34:21.738, 0, 1063 MHz, 65 %, 71.18 W
2026/10/06 15:34:21.742, 1, 405 MHz, 0 %, 28.03 W
2026/10/06 15:34:21.745, 2, 405 MHz, 0 %, 25.63 W
2026/10/06 15:34:21.748, 3, 405 MHz, 0 %, 25.84 W
2026/10/06 15:34:22.751, 0, 1063 MHz, 100 %, 35.78 W
2026/10/06 15:34:22.755, 1, 405 MHz, 0 %, 28.05 W
2026/10/06 15:34:22.758, 2, 405 MHz, 0 %, 25.63 W
2026/10/06 15:34:22.761, 3, 405 MHz, 0 %, 25.85 W
2026/10/06 15:34:23.765, 0, 1063 MHz, 100 %, 78.38 W
2026/10/06 15:34:23.769, 1, 405 MHz, 0 %, 28.03 W
2026/10/06 15:34:23.774, 2, 405 MHz, 0 %, 25.63 W
2026/10/06 15:34:23.778, 3, 405 MHz, 0 %, 25.85 W
2026/10/06 15:34:24.781, 0, 1063 MHz, 44 %, 66.08 W
2026/10/06 15:34:24.786, 1, 405 MHz, 0 %, 28.03 W
2026/10/06 15:34:24.789, 2, 405 MHz, 0 %, 25.63 W
2026/10/06 15:34:24.792, 3, 405 MHz, 0 %, 25.85 W
2026/10/06 15:34:25.796, 0, 1063 MHz, 100 %, 63.22 W
2026/10/06 15:34:25.800, 1, 405 MHz, 0 %, 28.03 W
2026/10/06 15:34:25.803, 2, 405 MHz, 0 %, 25.39 W
2026/10/06 15:34:25.806, 3, 405 MHz, 0 %, 25.85 W
2026/10/06 15:34:26.810, 0, 1063 MHz, 35 %, 56.51 W
2026/10/06 15:34:26.813, 1, 405 MHz, 0 %, 28.03 W
2026/10/06 15:34:26.816, 2, 405 MHz, 0 %, 25.63 W
2026/10/06 15:34:26.819, 3, 405 MHz, 0 %, 26.08 W
2026/10/06 15:34:27.823, 0, 1063 MHz, 100 %, 82.51 W
2026/10/06 15:34:27.826, 1, 405 MHz, 0 %, 28.27 W
2026/10/06 15:34:27.831, 2, 405 MHz, 0 %, 25.63 W
2026/10/06 15:34:27.836, 3, 405 MHz, 0 %, 26.08 W
2026/10/06 15:34:28.841, 0, 1063 MHz, 34 %, 72.83 W
2026/10/06 15:34:28.845, 1, 405 MHz, 0 %, 28.03 W
2026/10/06 15:34:28.850, 2, 405 MHz, 0 %, 25.61 W
2026/10/06 15:34:28.856, 3, 405 MHz, 0 %, 25.85 W
2026/10/06 15:34:29.861, 0, 1063 MHz, 100 %, 79.34 W
2026/10/06 15:34:29.865, 1, 405 MHz, 0 %, 28.03 W
2026/10/06 15:34:29.870, 2, 405 MHz, 0 %, 25.39 W
2026/10/06 15:34:29.875, 3, 405 MHz, 0 %, 25.84 W
2026/10/06 15:34:30.881, 0, 1063 MHz, 35 %, 96.88 W
2026/10/06 15:34:30.884, 1, 405 MHz, 0 %, 28.02 W
2026/10/06 15:34:30.889, 2, 405 MHz, 0 %, 25.63 W
2026/10/06 15:34:30.892, 3, 405 MHz, 0 %, 25.84 W
2026/10/06 15:34:31.896, 0, 1063 MHz, 100 %, 33.85 W
2026/10/06 15:34:31.901, 1, 405 MHz, 0 %, 28.05 W
2026/10/06 15:34:31.904, 2, 405 MHz, 0 %, 25.39 W
2026/10/06 15:34:31.907, 3, 405 MHz, 0 %, 25.85 W
2026/10/06 15:34:32.910, 0, 1063 MHz, 65 %, 95.68 W
2026/10/06 15:34:32.913, 1, 405 MHz, 0 %, 28.03 W
2026/10/06 15:34:32.916, 2, 405 MHz, 0 %, 25.63 W
2026/10/06 15:34:32.922, 3, 405 MHz, 0 %, 25.61 W
2026/10/06 15:34:33.926, 0, 1063 MHz, 95 %, 69.78 W
2026/10/06 15:34:33.929, 1, 405 MHz, 0 %, 27.81 W
2026/10/06 15:34:33.932, 2, 405 MHz, 0 %, 25.15 W
2026/10/06 15:34:33.935, 3, 405 MHz, 0 %, 25.85 W
2026/10/06 15:34:34.939, 0, 1063 MHz, 97 %, 80.79 W
2026/10/06 15:34:34.942, 1, 405 MHz, 0 %, 28.03 W
2026/10/06 15:34:34.947, 2, 405 MHz, 0 %, 25.39 W
2026/10/06 15:34:34.950, 3, 405 MHz, 0 %, 25.85 W
2026/10/06 15:34:35.953, 0, 1063 MHz, 97 %, 82.04 W
2026/10/06 15:34:35.956, 1, 405 MHz, 0 %, 28.04 W
2026/10/06 15:34:35.959, 2, 405 MHz, 0 %, 25.39 W
2026/10/06 15:34:35.962, 3, 405 MHz, 0 %, 25.85 W
2026/10/06 15:34:36.965, 0, 1063 MHz, 98 %, 82.28 W
2026/10/06 15:34:36.966, 1, 405 MHz, 0 %, 28.03 W
2026/10/06 15:34:36.969, 2, 405 MHz, 0 %, 25.39 W
2026/10/06 15:34:36.970, 3, 405 MHz, 0 %, 25.85 W
2026/10/06 15:34:37.979, 0, 1063 MHz, 9 %, 31.21 W
2026/10/06 15:34:37.982, 1, 405 MHz, 0 %, 27.82 W
2026/10/06 15:34:37.986, 2, 405 MHz, 0 %, 25.40 W
2026/10/06 15:34:37.989, 3, 405 MHz, 0 %, 26.11 W
2026/10/06 15:34:38.992, 0, 1063 MHz, 79 %, 85.85 W
2026/10/06 15:34:38.995, 1, 405 MHz, 0 %, 28.03 W
2026/10/06 15:34:38.998, 2, 405 MHz, 0 %, 25.14 W
2026/10/06 15:34:39.002, 3, 405 MHz, 0 %, 25.85 W
2026/10/06 15:34:40.005, 0, 1063 MHz, 100 %, 66.81 W
2026/10/06 15:34:40.008, 1, 405 MHz, 0 %, 28.03 W
2026/10/06 15:34:40.011, 2, 405 MHz, 0 %, 25.39 W
2026/10/06 15:34:40.015, 3, 405 MHz, 0 %, 25.85 W
2026/10/06 15:34:41.018, 0, 1063 MHz, 59 %, 84.41 W
2026/10/06 15:34:41.022, 1, 405 MHz, 0 %, 28.03 W
2026/10/06 15:34:41.025, 2, 405 MHz, 0 %, 25.39 W
2026/10/06 15:34:41.028, 3, 405 MHz, 0 %, 25.61 W
2026/10/06 15:34:42.031, 0, 1063 MHz, 67 %, 31.21 W
2026/10/06 15:34:42.035, 1, 405 MHz, 0 %, 28.05 W
2026/10/06 15:34:42.038, 2, 405 MHz, 0 %, 25.39 W
2026/10/06 15:34:42.041, 3, 405 MHz, 0 %, 25.85 W
2026/10/06 15:34:43.045, 0, 1063 MHz, 100 %, 72.11 W
2026/10/06 15:34:43.048, 1, 405 MHz, 0 %, 27.80 W
2026/10/06 15:34:43.051, 2, 405 MHz, 0 %, 25.63 W
2026/10/06 15:34:43.055, 3, 405 MHz, 0 %, 25.85 W
2026/10/06 15:34:44.058, 0, 1063 MHz, 31 %, 66.36 W
2026/10/06 15:34:44.061, 1, 405 MHz, 0 %, 28.03 W
2026/10/06 15:34:44.064, 2, 405 MHz, 0 %, 25.39 W
2026/10/06 15:34:44.067, 3, 405 MHz, 0 %, 25.84 W
2026/10/06 15:34:45.071, 0, 1063 MHz, 100 %, 70.66 W
2026/10/06 15:34:45.077, 1, 405 MHz, 0 %, 28.03 W
2026/10/06 15:34:45.080, 2, 405 MHz, 0 %, 25.37 W
2026/10/06 15:34:45.083, 3, 405 MHz, 0 %, 25.85 W
2026/10/06 15:34:46.087, 0, 1063 MHz, 30 %, 88.75 W
2026/10/06 15:34:46.090, 1, 405 MHz, 0 %, 28.03 W
2026/10/06 15:34:46.093, 2, 405 MHz, 0 %, 25.63 W
2026/10/06 15:34:46.098, 3, 405 MHz, 0 %, 25.85 W
2026/10/06 15:34:47.102, 0, 1063 MHz, 100 %, 88.45 W
2026/10/06 15:34:47.105, 1, 405 MHz, 0 %, 28.03 W
2026/10/06 15:34:47.112, 2, 405 MHz, 0 %, 25.39 W
2026/10/06 15:34:47.118, 3, 405 MHz, 0 %, 25.61 W
2026/10/06 15:34:48.121, 0, 1063 MHz, 100 %, 68.04 W
2026/10/06 15:34:48.124, 1, 405 MHz, 0 %, 27.79 W
2026/10/06 15:34:48.131, 2, 405 MHz, 0 %, 25.63 W
2026/10/06 15:34:48.137, 3, 405 MHz, 0 %, 25.61 W
2026/10/06 15:34:49.141, 0, 1063 MHz, 100 %, 33.38 W
2026/10/06 15:34:49.144, 1, 405 MHz, 0 %, 28.05 W
2026/10/06 15:34:49.150, 2, 405 MHz, 0 %, 25.40 W
2026/10/06 15:34:49.153, 3, 405 MHz, 0 %, 25.87 W
2026/10/06 15:34:50.156, 0, 1063 MHz, 58 %, 99.04 W
2026/10/06 15:34:50.159, 1, 405 MHz, 0 %, 28.03 W
2026/10/06 15:34:50.163, 2, 405 MHz, 0 %, 25.39 W
2026/10/06 15:34:50.166, 3, 405 MHz, 0 %, 25.61 W
2026/10/06 15:34:51.169, 0, 1063 MHz, 99 %, 35.30 W
2026/10/06 15:34:51.174, 1, 405 MHz, 0 %, 28.05 W
2026/10/06 15:34:51.177, 2, 405 MHz, 0 %, 25.39 W
2026/10/06 15:34:51.180, 3, 405 MHz, 0 %, 25.85 W
2026/10/06 15:34:52.184, 0, 1063 MHz, 100 %, 31.45 W
2026/10/06 15:34:52.189, 1, 405 MHz, 0 %, 28.05 W
2026/10/06 15:34:52.192, 2, 405 MHz, 0 %, 25.40 W
2026/10/06 15:34:52.196, 3, 405 MHz, 0 %, 26.11 W
