2026/10/06 12:21:22.401, 0, 1063 MHz, 0 %, 29.76 W
2026/10/06 12:21:22.404, 1, 1063 MHz, 0 %, 30.71 W
2026/10/06 12:21:22.407, 2, 1063 MHz, 0 %, 28.05 W
2026/10/06 12:21:22.411, 3, 1063 MHz, 0 %, 28.75 W
2026/10/06 12:21:23.415, 0, 1063 MHz, 0 %, 29.76 W
2026/10/06 12:21:23.419, 1, 1063 MHz, 0 %, 30.73 W
2026/10/06 12:21:23.422, 2, 1063 MHz, 0 %, 28.07 W
2026/10/06 12:21:23.425, 3, 1063 MHz, 0 %, 28.77 W
2026/10/06 12:21:24.428, 0, 1063 MHz, 100 %, 107.49 W
2026/10/06 12:21:24.432, 1, 1063 MHz, 0 %, 30.69 W
2026/10/06 12:21:24.437, 2, 1063 MHz, 0 %, 28.05 W
2026/10/06 12:21:24.440, 3, 1063 MHz, 0 %, 29.00 W
2026/10/06 12:21:25.443, 0, 1063 MHz, 0 %, 30.22 W
2026/10/06 12:21:25.451, 1, 1063 MHz, 23 %, 31.43 W
2026/10/06 12:21:25.454, 2, 1063 MHz, 88 %, 101.37 W
2026/10/06 12:21:25.457, 3, 1063 MHz, 0 %, 28.75 W
2026/10/06 12:21:26.460, 0, 1063 MHz, 11 %, 53.40 W
2026/10/06 12:21:26.463, 1, 1063 MHz, 0 %, 30.95 W
2026/10/06 12:21:26.466, 2, 1063 MHz, 0 %, 28.29 W
2026/10/06 12:21:26.469, 3, 1063 MHz, 100 %, 29.97 W
2026/10/06 12:21:27.474, 0, 1063 MHz, 61 %, 45.21 W
2026/10/06 12:21:27.477, 1, 1063 MHz, 0 %, 30.95 W
2026/10/06 12:21:27.480, 2, 1063 MHz, 0 %, 28.05 W
2026/10/06 12:21:27.484, 3, 1063 MHz, 7 %, 29.24 W
2026/10/06 12:21:28.487, 0, 1063 MHz, 0 %, 30.24 W
2026/10/06 12:21:28.490, 1, 1063 MHz, 0 %, 30.95 W
2026/10/06 12:21:28.496, 2, 1063 MHz, 0 %, 28.07 W
2026/10/06 12:21:28.499, 3, 1063 MHz, 25 %, 30.45 W
2026/10/06 12:21:29.502, 0, 1063 MHz, 12 %, 29.98 W
2026/10/06 12:21:29.508, 1, 1063 MHz, 11 %, 31.19 W
2026/10/06 12:21:29.512, 2, 1063 MHz, 13 %, 28.29 W
2026/10/06 12:21:29.515, 3, 1063 MHz, 18 %, 32.36 W
2026/10/06 12:21:30.519, 0, 1063 MHz, 0 %, 33.60 W
2026/10/06 12:21:30.522, 1, 1063 MHz, 14 %, 48.32 W
2026/10/06 12:21:30.525, 2, 1063 MHz, 13 %, 63.67 W
2026/10/06 12:21:30.528, 3, 1063 MHz, 19 %, 29.25 W
2026/10/06 12:21:31.532, 0, 1063 MHz, 12 %, 36.02 W
2026/10/06 12:21:31.535, 1, 1063 MHz, 14 %, 63.75 W
2026/10/06 12:21:31.538, 2, 1063 MHz, 13 %, 53.58 W
2026/10/06 12:21:31.542, 3, 1063 MHz, 22 %, 29.25 W
2026/10/06 12:21:32.546, 0, 1063 MHz, 1 %, 30.47 W
2026/10/06 12:21:32.549, 1, 1063 MHz, 14 %, 32.40 W
2026/10/06 12:21:32.552, 2, 1063 MHz, 13 %, 33.12 W
2026/10/06 12:21:32.555, 3, 1063 MHz, 24 %, 42.76 W
2026/10/06 12:21:33.558, 0, 1063 MHz, 0 %, 29.98 W
2026/10/06 12:21:33.561, 1, 1063 MHz, 14 %, 31.43 W
2026/10/06 12:21:33.567, 2, 1063 MHz, 13 %, 29.25 W
2026/10/06 12:21:33.570, 3, 1063 MHz, 23 %, 36.95 W
2026/10/06 12:21:34.573, 0, 1063 MHz, 0 %, 30.24 W
2026/10/06 12:21:34.576, 1, 1063 MHz, 14 %, 31.43 W
2026/10/06 12:21:34.579, 2, 1063 MHz, 11 %, 29.50 W
2026/10/06 12:21:34.582, 3, 1063 MHz, 22 %, 35.03 W
2026/10/06 12:21:35.586, 0, 1063 MHz, 3 %, 29.99 W
2026/10/06 12:21:35.589, 1, 1063 MHz, 14 %, 31.43 W
2026/10/06 12:21:35.592, 2, 1063 MHz, 13 %, 28.77 W
2026/10/06 12:21:35.595, 3, 1063 MHz, 24 %, 37.43 W
2026/10/06 12:21:36.598, 0, 1063 MHz, 12 %, 30.00 W
2026/10/06 12:21:36.604, 1, 1063 MHz, 14 %, 31.19 W
2026/10/06 12:21:36.607, 2, 1063 MHz, 0 %, 28.29 W
2026/10/06 12:21:36.610, 3, 1063 MHz, 16 %, 41.30 W
2026/10/06 12:21:37.613, 0, 1063 MHz, 6 %, 30.22 W
2026/10/06 12:21:37.616, 1, 1063 MHz, 14 %, 30.95 W
2026/10/06 12:21:37.619, 2, 1063 MHz, 0 %, 28.29 W
2026/10/06 12:21:37.622, 3, 1063 MHz, 20 %, 82.20 W
2026/10/06 12:21:38.626, 0, 1063 MHz, 6 %, 29.98 W
2026/10/06 12:21:38.629, 1, 1063 MHz, 14 %, 31.19 W
2026/10/06 12:21:38.632, 2, 1063 MHz, 13 %, 28.29 W
2026/10/06 12:21:38.638, 3, 1063 MHz, 24 %, 43.95 W
2026/10/06 12:21:39.641, 0, 1063 MHz, 3 %, 30.00 W
2026/10/06 12:21:39.644, 1, 1063 MHz, 14 %, 31.19 W
2026/10/06 12:21:39.647, 2, 1063 MHz, 13 %, 28.29 W
2026/10/06 12:21:39.650, 3, 1063 MHz, 20 %, 38.88 W
2026/10/06 12:21:40.653, 0, 1063 MHz, 6 %, 57.50 W
2026/10/06 12:21:40.657, 1, 1063 MHz, 14 %, 64.48 W
2026/10/06 12:21:40.660, 2, 1063 MHz, 13 %, 28.30 W
2026/10/06 12:21:40.663, 3, 1063 MHz, 18 %, 30.44 W
2026/10/06 12:21:41.667, 0, 1063 MHz, 12 %, 30.94 W
2026/10/06 12:21:41.670, 1, 1063 MHz, 14 %, 35.78 W
2026/10/06 12:21:41.673, 2, 1063 MHz, 1 %, 50.99 W
2026/10/06 12:21:41.677, 3, 1063 MHz, 26 %, 62.75 W
2026/10/06 12:21:42.680, 0, 1063 MHz, 12 %, 30.23 W
2026/10/06 12:21:42.684, 1, 1063 MHz, 12 %, 31.43 W
2026/10/06 12:21:42.687, 2, 1063 MHz, 13 %, 28.53 W
2026/10/06 12:21:42.690, 3, 1063 MHz, 26 %, 36.01 W
2026/10/06 12:21:43.693, 0, 1063 MHz, 100 %, 107.73 W
2026/10/06 12:21:43.696, 1, 1063 MHz, 0 %, 30.93 W
2026/10/06 12:21:43.699, 2, 1063 MHz, 0 %, 28.05 W
2026/10/06 12:21:43.704, 3, 1063 MHz, 0 %, 28.99 W
2026/10/06 12:21:44.707, 0, 1063 MHz, 0 %, 29.99 W
2026/10/06 12:21:44.712, 1, 1063 MHz, 47 %, 31.43 W
2026/10/06 12:21:44.718, 2, 1063 MHz, 87 %, 102.15 W
2026/10/06 12:21:44.721, 3, 1063 MHz, 0 %, 29.00 W
2026/10/06 12:21:45.725, 0, 1063 MHz, 18 %, 33.60 W
2026/10/06 12:21:45.728, 1, 1063 MHz, 0 %, 30.95 W
2026/10/06 12:21:45.731, 2, 1063 MHz, 0 %, 28.29 W
2026/10/06 12:21:45.736, 3, 1063 MHz, 100 %, 31.41 W
2026/10/06 12:21:46.739, 0, 1063 MHz, 65 %, 36.99 W
2026/10/06 12:21:46.742, 1, 1063 MHz, 0 %, 30.95 W
2026/10/06 12:21:46.748, 2, 1063 MHz, 0 %, 28.05 W
2026/10/06 12:21:46.751, 3, 1063 MHz, 8 %, 29.02 W
2026/10/06 12:21:47.754, 0, 1063 MHz, 13 %, 30.22 W
2026/10/06 12:21:47.758, 1, 1063 MHz, 15 %, 31.19 W
2026/10/06 12:21:47.761, 2, 1063 MHz, 15 %, 28.29 W
2026/10/06 12:21:47.764, 3, 1063 MHz, 50 %, 60.06 W
2026/10/06 12:21:48.767, 0, 1063 MHz, 12 %, 31.21 W
2026/10/06 12:21:48.770, 1, 1063 MHz, 14 %, 37.45 W
2026/10/06 12:21:48.773, 2, 1063 MHz, 13 %, 54.33 W
2026/10/06 12:21:48.776, 3, 1063 MHz, 25 %, 62.51 W
2026/10/06 12:21:49.780, 0, 1063 MHz, 12 %, 41.36 W
2026/10/06 12:21:49.783, 1, 1063 MHz, 14 %, 79.40 W
2026/10/06 12:21:49.786, 2, 1063 MHz, 13 %, 30.96 W
2026/10/06 12:21:49.789, 3, 1063 MHz, 26 %, 30.45 W
2026/10/06 12:21:50.792, 0, 1063 MHz, 2 %, 30.22 W
2026/10/06 12:21:50.796, 1, 1063 MHz, 14 %, 31.43 W
2026/10/06 12:21:50.799, 2, 1063 MHz, 13 %, 28.77 W
2026/10/06 12:21:50.802, 3, 1063 MHz, 24 %, 38.90 W
2026/10/06 12:21:51.805, 0, 1063 MHz, 12 %, 32.41 W
2026/10/06 12:21:51.809, 1, 1063 MHz, 14 %, 43.48 W
2026/10/06 12:21:51.812, 2, 1063 MHz, 13 %, 72.88 W
2026/10/06 12:21:51.815, 3, 1063 MHz, 26 %, 31.41 W
2026/10/06 12:21:52.818, 0, 1063 MHz, 12 %, 64.73 W
2026/10/06 12:21:52.821, 1, 1063 MHz, 14 %, 31.42 W
2026/10/06 12:21:52.825, 2, 1063 MHz, 8 %, 28.53 W
2026/10/06 12:21:52.828, 3, 1063 MHz, 24 %, 39.12 W
2026/10/06 12:21:53.831, 0, 1063 MHz, 12 %, 30.24 W
2026/10/06 12:21:53.834, 1, 1063 MHz, 14 %, 31.43 W
2026/10/06 12:21:53.837, 2, 1063 MHz, 13 %, 29.74 W
2026/10/06 12:21:53.840, 3, 1063 MHz, 23 %, 37.67 W
2026/10/06 12:21:54.843, 0, 1063 MHz, 12 %, 51.67 W
2026/10/06 12:21:54.846, 1, 1063 MHz, 14 %, 68.79 W
2026/10/06 12:21:54.850, 2, 1063 MHz, 8 %, 28.04 W
2026/10/06 12:21:54.853, 3, 1063 MHz, 16 %, 31.88 W
2026/10/06 12:21:55.856, 0, 1063 MHz, 7 %, 42.53 W
2026/10/06 12:21:55.859, 1, 1063 MHz, 14 %, 30.94 W
2026/10/06 12:21:55.863, 2, 1063 MHz, 13 %, 28.29 W
2026/10/06 12:21:55.866, 3, 1063 MHz, 25 %, 47.60 W
2026/10/06 12:21:56.870, 0, 1063 MHz, 12 %, 30.24 W
2026/10/06 12:21:56.873, 1, 1063 MHz, 14 %, 31.43 W
2026/10/06 12:21:56.876, 2, 1063 MHz, 13 %, 29.01 W
2026/10/06 12:21:56.879, 3, 1063 MHz, 25 %, 34.79 W
2026/10/06 12:21:57.882, 0, 1063 MHz, 12 %, 30.97 W
2026/10/06 12:21:57.885, 1, 1063 MHz, 14 %, 35.06 W
2026/10/06 12:21:57.888, 2, 1063 MHz, 9 %, 45.64 W
2026/10/06 12:21:57.891, 3, 1063 MHz, 25 %, 55.99 W
2026/10/06 12:21:58.894, 0, 1063 MHz, 8 %, 37.45 W
2026/10/06 12:21:58.898, 1, 1063 MHz, 14 %, 68.06 W
2026/10/06 12:21:58.902, 2, 1063 MHz, 13 %, 49.74 W
2026/10/06 12:21:58.905, 3, 1063 MHz, 25 %, 30.21 W
2026/10/06 12:21:59.910, 0, 1063 MHz, 12 %, 30.22 W
2026/10/06 12:21:59.913, 1, 1063 MHz, 14 %, 31.19 W
2026/10/06 12:21:59.916, 2, 1063 MHz, 13 %, 28.29 W
2026/10/06 12:21:59.920, 3, 1063 MHz, 25 %, 34.29 W
2026/10/06 12:22:00.923, 0, 1063 MHz, 100 %, 106.35 W
2026/10/06 12:22:00.930, 1, 1063 MHz, 0 %, 30.93 W
2026/10/06 12:22:00.935, 2, 1063 MHz, 0 %, 28.05 W
2026/10/06 12:22:00.938, 3, 1063 MHz, 0 %, 29.24 W
2026/10/06 12:22:01.942, 0, 1063 MHz, 0 %, 30.24 W
2026/10/06 12:22:01.945, 1, 1063 MHz, 13 %, 31.43 W
2026/10/06 12:22:01.948, 2, 1063 MHz, 100 %, 101.43 W
2026/10/06 12:22:01.953, 3, 1063 MHz, 0 %, 29.24 W
2026/10/06 12:22:02.958, 0, 1063 MHz, 39 %, 50.74 W
2026/10/06 12:22:02.961, 1, 1063 MHz, 0 %, 31.19 W
2026/10/06 12:22:02.964, 2, 1063 MHz, 0 %, 28.29 W
2026/10/06 12:22:02.970, 3, 1063 MHz, 60 %, 29.48 W
2026/10/06 12:22:03.973, 0, 1063 MHz, 65 %, 34.57 W
2026/10/06 12:22:03.976, 1, 1063 MHz, 0 %, 31.19 W
2026/10/06 12:22:03.980, 2, 1063 MHz, 0 %, 28.05 W
2026/10/06 12:22:03.983, 3, 1063 MHz, 8 %, 33.10 W
2026/10/06 12:22:04.986, 0, 1063 MHz, 12 %, 38.67 W
2026/10/06 12:22:04.990, 1, 1063 MHz, 16 %, 76.02 W
2026/10/06 12:22:04.993, 2, 1063 MHz, 13 %, 46.90 W
2026/10/06 12:22:04.996, 3, 1063 MHz, 12 %, 29.71 W
2026/10/06 12:22:05.999, 0, 1063 MHz, 12 %, 30.22 W
2026/10/06 12:22:06.002, 1, 1063 MHz, 14 %, 32.62 W
2026/10/06 12:22:06.006, 2, 1063 MHz, 13 %, 34.58 W
2026/10/06 12:22:06.009, 3, 1063 MHz, 24 %, 45.18 W
2026/10/06 12:22:07.012, 0, 1063 MHz, 12 %, 32.64 W
2026/10/06 12:22:07.019, 1, 1063 MHz, 14 %, 43.98 W
2026/10/06 12:22:07.022, 2, 1063 MHz, 13 %, 72.11 W
2026/10/06 12:22:07.025, 3, 1063 MHz, 26 %, 32.12 W
2026/10/06 12:22:08.028, 0, 1063 MHz, 12 %, 74.13 W
2026/10/06 12:22:08.031, 1, 1063 MHz, 9 %, 47.58 W
2026/10/06 12:22:08.035, 2, 1063 MHz, 13 %, 28.29 W
2026/10/06 12:22:08.038, 3, 1063 MHz, 26 %, 34.55 W
2026/10/06 12:22:09.041, 0, 1063 MHz, 12 %, 29.98 W
2026/10/06 12:22:09.046, 1, 1063 MHz, 14 %, 31.43 W
2026/10/06 12:22:09.049, 2, 1063 MHz, 9 %, 28.53 W
2026/10/06 12:22:09.054, 3, 1063 MHz, 24 %, 65.13 W
2026/10/06 12:22:10.057, 0, 1063 MHz, 10 %, 30.22 W
2026/10/06 12:22:10.060, 1, 1063 MHz, 14 %, 31.66 W
2026/10/06 12:22:10.064, 2, 1063 MHz, 13 %, 28.29 W
2026/10/06 12:22:10.067, 3, 1063 MHz, 25 %, 53.34 W
2026/10/06 12:22:11.070, 0, 1063 MHz, 12 %, 30.22 W
2026/10/06 12:22:11.073, 1, 1063 MHz, 14 %, 31.19 W
2026/10/06 12:22:11.076, 2, 1063 MHz, 13 %, 28.77 W
2026/10/06 12:22:11.079, 3, 1063 MHz, 24 %, 39.85 W
2026/10/06 12:22:12.083, 0, 1063 MHz, 12 %, 30.22 W
2026/10/06 12:22:12.086, 1, 1063 MHz, 14 %, 31.43 W
2026/10/06 12:22:12.089, 2, 1063 MHz, 13 %, 29.74 W
2026/10/06 12:22:12.092, 3, 1063 MHz, 26 %, 39.38 W
2026/10/06 12:22:13.096, 0, 1063 MHz, 12 %, 30.45 W
2026/10/06 12:22:13.099, 1, 1063 MHz, 12 %, 33.83 W
2026/10/06 12:22:13.103, 2, 1063 MHz, 13 %, 39.60 W
2026/10/06 12:22:13.106, 3, 1063 MHz, 26 %, 50.68 W
2026/10/06 12:22:14.109, 0, 1063 MHz, 12 %, 31.93 W
2026/10/06 12:22:14.112, 1, 1063 MHz, 14 %, 40.84 W
2026/10/06 12:22:14.115, 2, 1063 MHz, 10 %, 73.77 W
2026/10/06 12:22:14.118, 3, 1063 MHz, 24 %, 46.15 W
2026/10/06 12:22:15.121, 0, 1063 MHz, 8 %, 36.98 W
2026/10/06 12:22:15.124, 1, 1063 MHz, 14 %, 68.51 W
2026/10/06 12:22:15.128, 2, 1063 MHz, 13 %, 49.74 W
2026/10/06 12:22:15.131, 3, 1063 MHz, 25 %, 30.23 W
2026/10/06 12:22:16.134, 0, 1063 MHz, 12 %, 51.68 W
2026/10/06 12:22:16.137, 1, 1063 MHz, 14 %, 68.77 W
2026/10/06 12:22:16.141, 2, 1063 MHz, 13 %, 28.06 W
2026/10/06 12:22:16.144, 3, 1063 MHz, 26 %, 32.12 W
2026/10/06 12:22:17.147, 0, 1063 MHz, 12 %, 30.22 W
2026/10/06 12:22:17.150, 1, 1063 MHz, 14 %, 31.19 W
2026/10/06 12:22:17.153, 2, 1063 MHz, 13 %, 28.53 W
2026/10/06 12:22:17.157, 3, 1063 MHz, 20 %, 72.84 W
2026/10/06 12:22:18.160, 0, 1063 MHz, 100 %, 106.76 W
2026/10/06 12:22:18.163, 1, 1063 MHz, 0 %, 30.93 W
2026/10/06 12:22:18.166, 2, 1063 MHz, 0 %, 28.05 W
2026/10/06 12:22:18.169, 3, 1063 MHz, 0 %, 29.24 W
2026/10/06 12:22:19.173, 0, 1063 MHz, 0 %, 30.22 W
2026/10/06 12:22:19.176, 1, 1063 MHz, 100 %, 107.92 W
2026/10/06 12:22:19.181, 2, 1063 MHz, 0 %, 28.05 W
2026/10/06 12:22:19.187, 3, 1063 MHz, 0 %, 29.24 W
2026/10/06 12:22:20.193, 0, 1063 MHz, 0 %, 29.98 W
2026/10/06 12:22:20.199, 1, 1063 MHz, 0 %, 31.19 W
2026/10/06 12:22:20.204, 2, 1063 MHz, 11 %, 28.53 W
2026/10/06 12:22:20.207, 3, 1063 MHz, 50 %, 110.27 W
2026/10/06 12:22:21.210, 0, 1063 MHz, 64 %, 62.06 W
2026/10/06 12:22:21.213, 1, 1063 MHz, 0 %, 31.17 W
2026/10/06 12:22:21.219, 2, 1063 MHz, 0 %, 28.05 W
2026/10/06 12:22:21.222, 3, 1063 MHz, 8 %, 29.97 W
2026/10/06 12:22:22.225, 0, 1063 MHz, 63 %, 30.70 W
2026/10/06 12:22:22.228, 1, 1063 MHz, 0 %, 30.93 W
2026/10/06 12:22:22.234, 2, 1063 MHz, 0 %, 28.05 W
2026/10/06 12:22:22.237, 3, 1063 MHz, 37 %, 111.23 W
2026/10/06 12:22:23.240, 0, 1063 MHz, 12 %, 34.33 W
2026/10/06 12:22:23.243, 1, 1063 MHz, 14 %, 51.47 W
2026/10/06 12:22:23.246, 2, 1063 MHz, 13 %, 67.10 W
2026/10/06 12:22:23.249, 3, 1063 MHz, 26 %, 29.72 W
2026/10/06 12:22:24.252, 0, 1063 MHz, 12 %, 38.90 W
2026/10/06 12:22:24.257, 1, 1063 MHz, 12 %, 74.30 W
2026/10/06 12:22:24.260, 2, 1063 MHz, 13 %, 48.30 W
2026/10/06 12:22:24.265, 3, 1063 MHz, 26 %, 29.98 W
2026/10/06 12:22:25.269, 0, 1063 MHz, 12 %, 49.05 W
2026/10/06 12:22:25.272, 1, 1063 MHz, 14 %, 75.55 W
2026/10/06 12:22:25.277, 2, 1063 MHz, 11 %, 28.06 W
2026/10/06 12:22:25.280, 3, 1063 MHz, 26 %, 31.17 W
2026/10/06 12:22:26.283, 0, 1063 MHz, 11 %, 78.71 W
2026/10/06 12:22:26.286, 1, 1063 MHz, 14 %, 41.30 W
2026/10/06 12:22:26.289, 2, 1063 MHz, 13 %, 28.53 W
2026/10/06 12:22:26.292, 3, 1063 MHz, 23 %, 35.00 W
2026/10/06 12:22:27.295, 0, 1063 MHz, 12 %, 30.22 W
2026/10/06 12:22:27.298, 1, 1063 MHz, 14 %, 31.43 W
2026/10/06 12:22:27.301, 2, 1063 MHz, 13 %, 28.06 W
2026/10/06 12:22:27.307, 3, 1063 MHz, 26 %, 54.82 W
2026/10/06 12:22:28.310, 0, 1063 MHz, 12 %, 30.22 W
2026/10/06 12:22:28.313, 1, 1063 MHz, 14 %, 31.19 W
2026/10/06 12:22:28.316, 2, 1063 MHz, 13 %, 28.53 W
2026/10/06 12:22:28.319, 3, 1063 MHz, 25 %, 68.26 W
2026/10/06 12:22:29.322, 0, 1063 MHz, 12 %, 30.22 W
2026/10/06 12:22:29.327, 1, 1063 MHz, 14 %, 31.43 W
2026/10/06 12:22:29.332, 2, 1063 MHz, 13 %, 28.53 W
2026/10/06 12:22:29.335, 3, 1063 MHz, 22 %, 65.89 W
2026/10/06 12:22:30.338, 0, 1063 MHz, 12 %, 30.22 W
2026/10/06 12:22:30.341, 1, 1063 MHz, 14 %, 31.43 W
2026/10/06 12:22:30.344, 2, 1063 MHz, 13 %, 28.77 W
2026/10/06 12:22:30.349, 3, 1063 MHz, 26 %, 34.77 W
2026/10/06 12:22:31.352, 0, 1063 MHz, 12 %, 30.22 W
2026/10/06 12:22:31.355, 1, 1063 MHz, 14 %, 31.19 W
2026/10/06 12:22:31.359, 2, 1063 MHz, 13 %, 28.77 W
2026/10/06 12:22:31.362, 3, 1063 MHz, 26 %, 36.47 W
2026/10/06 12:22:32.367, 0, 1063 MHz, 12 %, 30.24 W
2026/10/06 12:22:32.372, 1, 1063 MHz, 13 %, 32.40 W
2026/10/06 12:22:32.375, 2, 1063 MHz, 10 %, 33.10 W
2026/10/06 12:22:32.379, 3, 1063 MHz, 23 %, 42.50 W
2026/10/06 12:22:33.382, 0, 1063 MHz, 12 %, 32.90 W
2026/10/06 12:22:33.385, 1, 1063 MHz, 14 %, 46.15 W
2026/10/06 12:22:33.388, 2, 1063 MHz, 13 %, 68.46 W
2026/10/06 12:22:33.392, 3, 1063 MHz, 25 %, 29.97 W
2026/10/06 12:22:34.395, 0, 1063 MHz, 12 %, 49.53 W
2026/10/06 12:22:34.398, 1, 1063 MHz, 14 %, 72.20 W
2026/10/06 12:22:34.402, 2, 1063 MHz, 13 %, 28.31 W
2026/10/06 12:22:34.405, 3, 1063 MHz, 24 %, 31.41 W
