alloc_n,requested_bytes,rt_free_bytes,rt_used_delta_bytes,sysfs_used_bytes,sysfs_used_delta_bytes,charge_ratio
1,4194304,16760704000,16777216,2776768512,4202496,4.0000
2,8388608,16743926784,33554432,2780971008,8404992,4.0000
3,12582912,16727149568,50331648,2785173504,12607488,4.0000
4,16777216,16710372352,67108864,2789376000,16809984,4.0000
5,20971520,16693595136,83886080,2793578496,21012480,4.0000
6,25165824,16676817920,100663296,2797780992,25214976,4.0000
7,29360128,16660040704,117440512,2801983488,29417472,4.0000
8,33554432,16643263488,134217728,2806185984,33619968,4.0000
9,37748736,16626486272,150994944,2810388480,37822464,4.0000
10,41943040,16609709056,167772160,2814590976,42024960,4.0000
11,46137344,16592931840,184549376,2818793472,46227456,4.0000
12,50331648,16576154624,201326592,2822995968,50429952,4.0000
13,54525952,16559377408,218103808,2827198464,54632448,4.0000
14,58720256,16542600192,234881024,2831400960,58834944,4.0000
15,62914560,16525822976,251658240,2835603456,63037440,4.0000
16,67108864,16509045760,268435456,2839805952,67239936,4.0000
17,71303168,16492268544,285212672,2844008448,71442432,4.0000
18,75497472,16475491328,301989888,2848210944,75644928,4.0000
19,79691776,16458714112,318767104,2852413440,79847424,4.0000
20,83886080,16441936896,335544320,2856615936,84049920,4.0000
21,88080384,16425159680,352321536,2860818432,88252416,4.0000
22,92274688,16408382464,369098752,2865020928,92454912,4.0000
23,96468992,16391605248,385875968,2869223424,96657408,4.0000
24,100663296,16374828032,402653184,2873425920,100859904,4.0000
25,104857600,16318204928,459276288,2877628416,105062400,4.3800
26,109051904,16301427712,476053504,2881830912,109264896,4.3654
27,113246208,16284650496,492830720,2886033408,113467392,4.3519
28,117440512,16267873280,509607936,2890235904,117669888,4.3393
29,121634816,16251096064,526385152,2894438400,121872384,4.3276
30,125829120,16234318848,543162368,2898640896,126074880,4.3167
31,130023424,16257387520,520093696,2902843392,130277376,4.0000
32,134217728,16240610304,536870912,2907045888,134479872,4.0000
33,138412032,16223833088,553648128,2911248384,138682368,4.0000
34,142606336,16207055872,570425344,2915450880,142884864,4.0000
35,146800640,16190278656,587202560,2919653376,147087360,4.0000
36,150994944,16173501440,603979776,2923855872,151289856,4.0000
37,155189248,16156724224,620756992,2928058368,155492352,4.0000
38,159383552,16139947008,637534208,2932260864,159694848,4.0000
39,163577856,16123169792,654311424,2936463360,163897344,4.0000
40,167772160,16106392576,671088640,2940665856,168099840,4.0000
41,171966464,16089615360,687865856,2944868352,172302336,4.0000
42,176160768,16072838144,704643072,2949070848,176504832,4.0000
43,180355072,16056060928,721420288,2953273344,180707328,4.0000
44,184549376,16039283712,738197504,2957475840,184909824,4.0000
45,188743680,16022506496,754974720,2961678336,189112320,4.0000
46,192937984,16005729280,771751936,2965880832,193314816,4.0000
47,197132288,15988952064,788529152,2970083328,197517312,4.0000
48,201326592,15972174848,805306368,2974285824,201719808,4.0000
49,205520896,15955397632,822083584,2978488320,205922304,4.0000
50,209715200,15938620416,838860800,2982690816,210124800,4.0000
51,213909504,15921843200,855638016,2986893312,214327296,4.0000
52,218103808,15905065984,872415232,2991095808,218529792,4.0000
53,222298112,15888288768,889192448,2995298304,222732288,4.0000
54,226492416,15863122944,914358272,2999500800,226934784,4.0370
55,230686720,15846345728,931135488,3003703296,231137280,4.0364
56,234881024,15787625472,989855744,3007905792,235339776,4.2143
57,239075328,15770848256,1006632960,3012108288,239542272,4.2105
58,243269632,15754071040,1023410176,3016310784,243744768,4.2069
59,247463936,15747779584,1029701632,3020513280,247947264,4.1610
60,251658240,15731002368,1046478848,3024715776,252149760,4.1583
61,255852544,15714225152,1063256064,3028918272,256352256,4.1557
62,260046848,15737293824,1040187392,3033120768,260554752,4.0000
63,264241152,15720516608,1056964608,3037323264,264757248,4.0000
64,268435456,15703739392,1073741824,3041525760,268959744,4.0000
65,272629760,15686962176,1090519040,3045728256,273162240,4.0000
66,276824064,15670184960,1107296256,3049930752,277364736,4.0000
67,281018368,15653407744,1124073472,3054133248,281567232,4.0000
68,285212672,15636630528,1140850688,3058335744,285769728,4.0000
69,289406976,15619853312,1157627904,3062538240,289972224,4.0000
70,293601280,15603076096,1174405120,3066740736,294174720,4.0000
71,297795584,15586298880,1191182336,3070943232,298377216,4.0000
72,301989888,15569521664,1207959552,3075145728,302579712,4.0000
73,306184192,15552744448,1224736768,3079348224,306782208,4.0000
74,310378496,15535967232,1241513984,3083550720,310984704,4.0000
75,314572800,15519190016,1258291200,3087753216,315187200,4.0000
76,318767104,15502412800,1275068416,3091955712,319389696,4.0000
77,322961408,15485635584,1291845632,3096158208,323592192,4.0000
78,327155712,15468858368,1308622848,3100360704,327794688,4.0000
79,331350016,15452081152,1325400064,3104563200,331997184,4.0000
80,335544320,15435303936,1342177280,3108765696,336199680,4.0000
81,339738624,15418526720,1358954496,3112968192,340402176,4.0000
82,343932928,15401749504,1375731712,3117170688,344604672,4.0000
83,348127232,15384972288,1392508928,3121373184,348807168,4.0000
84,352321536,15368195072,1409286144,3125575680,353009664,4.0000
85,356515840,15351417856,1426063360,3129778176,357212160,4.0000
86,360710144,15334640640,1442840576,3133980672,361414656,4.0000
87,364904448,15278017536,1499463680,3138183168,365617152,4.1092
88,369098752,15261240320,1516240896,3142385664,369819648,4.1080
89,373293056,15244463104,1533018112,3146588160,374022144,4.1067
90,377487360,15227685888,1549795328,3150790656,378224640,4.1056
91,381681664,15210908672,1566572544,3154993152,382427136,4.1044
92,385875968,15233977344,1543503872,3159195648,386629632,4.0000
93,390070272,15217200128,1560281088,3163398144,390832128,4.0000
94,394264576,15200422912,1577058304,3167600640,395034624,4.0000
95,398458880,15183645696,1593835520,3171803136,399237120,4.0000
96,402653184,15166868480,1610612736,3176005632,403439616,4.0000
97,406847488,15150091264,1627389952,3180208128,407642112,4.0000
98,411041792,15133314048,1644167168,3184410624,411844608,4.0000
99,415236096,15116536832,1660944384,3188613120,416047104,4.0000
100,419430400,15099759616,1677721600,3192815616,420249600,4.0000
101,423624704,15082982400,1694498816,3197018112,424452096,4.0000
102,427819008,15066205184,1711276032,3201220608,428654592,4.0000
103,432013312,15049427968,1728053248,3205423104,432857088,4.0000
104,436207616,15032650752,1744830464,3209625600,437059584,4.0000
105,440401920,15015873536,1761607680,3213828096,441262080,4.0000
106,444596224,14999096320,1778384896,3218030592,445464576,4.0000
107,448790528,14982319104,1795162112,3222233088,449667072,4.0000
108,452984832,14965541888,1811939328,3226435584,453869568,4.0000
109,457179136,14948764672,1828716544,3230638080,458072064,4.0000
110,461373440,14931987456,1845493760,3234840576,462274560,4.0000
111,465567744,14915210240,1862270976,3239043072,466477056,4.0000
112,469762048,14898433024,1879048192,3243245568,470679552,4.0000
113,473956352,14881655808,1895825408,3247448064,474882048,4.0000
114,478150656,14864878592,1912602624,3251650560,479084544,4.0000
115,482344960,14848101376,1929379840,3255853056,483287040,4.0000
116,486539264,14831324160,1946157056,3260055552,487489536,4.0000
117,490733568,14774701056,2002780160,3264258048,491692032,4.0812
118,494927872,14757923840,2019557376,3268460544,495894528,4.0805
119,499122176,14741146624,2036334592,3272663040,500097024,4.0798
120,503316480,14724369408,2053111808,3276865536,504299520,4.0792
121,507510784,14707592192,2069889024,3281068032,508502016,4.0785
122,511705088,14690814976,2086666240,3285270528,512704512,4.0779
123,515899392,14713883648,2063597568,3289473024,516907008,4.0000
124,520093696,14697106432,2080374784,3293675520,521109504,4.0000
125,524288000,14680329216,2097152000,3297878016,525312000,4.0000
126,528482304,14663552000,2113929216,3302080512,529514496,4.0000
127,532676608,14646774784,2130706432,3306283008,533716992,4.0000
128,536870912,14629997568,2147483648,3310485504,537919488,4.0000
129,541065216,14613220352,2164260864,3314688000,542121984,4.0000
130,545259520,14596443136,2181038080,3318890496,546324480,4.0000
131,549453824,14579665920,2197815296,3323092992,550526976,4.0000
132,553648128,14562888704,2214592512,3327295488,554729472,4.0000
133,557842432,14546111488,2231369728,3331497984,558931968,4.0000
134,562036736,14529334272,2248146944,3335700480,563134464,4.0000
135,566231040,14512557056,2264924160,3339902976,567336960,4.0000
136,570425344,14495779840,2281701376,3344105472,571539456,4.0000
137,574619648,14479002624,2298478592,3348307968,575741952,4.0000
138,578813952,14453836800,2323644416,3352510464,579944448,4.0145
139,583008256,14437059584,2340421632,3356712960,584146944,4.0144
140,587202560,14420282368,2357198848,3360915456,588349440,4.0143
141,591396864,14403505152,2373976064,3365117952,592551936,4.0142
142,595591168,14386727936,2390753280,3369320448,596754432,4.0141
143,599785472,14378339328,2399141888,3373522944,600956928,4.0000
144,603979776,14361562112,2415919104,3377725440,605159424,4.0000
145,608174080,14344784896,2432696320,3381927936,609361920,4.0000
146,612368384,14328007680,2449473536,3386130432,613564416,4.0000
147,616562688,14311230464,2466250752,3390332928,617766912,4.0000
148,620756992,14254607360,2522873856,3394535424,621969408,4.0642
149,624951296,14237830144,2539651072,3398737920,626171904,4.0638
150,629145600,14221052928,2556428288,3402940416,630374400,4.0633
151,633339904,14204275712,2573205504,3407142912,634576896,4.0629
152,637534208,14187498496,2589982720,3411345408,638779392,4.0625
153,641728512,14170721280,2606759936,3415547904,642981888,4.0621
154,645922816,14193789952,2583691264,3419750400,647184384,4.0000
155,650117120,14177012736,2600468480,3423952896,651386880,4.0000
156,654311424,14160235520,2617245696,3428155392,655589376,4.0000
157,658505728,14143458304,2634022912,3432357888,659791872,4.0000
158,662700032,14126681088,2650800128,3436560384,663994368,4.0000
159,666894336,14109903872,2667577344,3440762880,668196864,4.0000
160,671088640,14093126656,2684354560,3444965376,672399360,4.0000
161,675282944,14076349440,2701131776,3449167872,676601856,4.0000
162,679477248,14059572224,2717908992,3453370368,680804352,4.0000
163,683671552,14042795008,2734686208,3457572864,685006848,4.0000
164,687865856,14026017792,2751463424,3461775360,689209344,4.0000
165,692060160,14009240576,2768240640,3465977856,693411840,4.0000
166,696254464,13992463360,2785017856,3470180352,697614336,4.0000
167,700448768,13975686144,2801795072,3474382848,701816832,4.0000
168,704643072,13958908928,2818572288,3478585344,706019328,4.0000
169,708837376,13942131712,2835349504,3482787840,710221824,4.0000
170,713031680,13925354496,2852126720,3486990336,714424320,4.0000
171,717225984,13908577280,2868903936,3491192832,718626816,4.0000
172,721420288,13891800064,2885681152,3495395328,722829312,4.0000
173,725614592,13875022848,2902458368,3499597824,727031808,4.0000
174,729808896,13858245632,2919235584,3503800320,731234304,4.0000
175,734003200,13841468416,2936012800,3508002816,735436800,4.0000
176,738197504,13824691200,2952790016,3512205312,739639296,4.0000
177,742391808,13807913984,2969567232,3516407808,743841792,4.0000
178,746586112,13791136768,2986344448,3520610304,748044288,4.0000
179,750780416,13734513664,3042967552,3524812800,752246784,4.0531
180,754974720,13717736448,3059744768,3529015296,756449280,4.0528
181,759169024,13700959232,3076521984,3533217792,760651776,4.0525
182,763363328,13684182016,3093299200,3537420288,764854272,4.0522
183,767557632,13667404800,3110076416,3541622784,769056768,4.0519
184,771751936,13690473472,3087007744,3545825280,773259264,4.0000
185,775946240,13673696256,3103784960,3550027776,777461760,4.0000
186,780140544,13656919040,3120562176,3554230272,781664256,4.0000
187,784334848,13640141824,3137339392,3558432768,785866752,4.0000
188,788529152,13623364608,3154116608,3562635264,790069248,4.0000
189,792723456,13606587392,3170893824,3566837760,794271744,4.0000
190,796917760,13589810176,3187671040,3571040256,798474240,4.0000
191,801112064,13573032960,3204448256,3575242752,802676736,4.0000
192,805306368,13556255744,3221225472,3579445248,806879232,4.0000
193,809500672,13539478528,3238002688,3583647744,811081728,4.0000
194,813694976,13522701312,3254779904,3587850240,815284224,4.0000
195,817889280,13505924096,3271557120,3592052736,819486720,4.0000
196,822083584,13489146880,3288334336,3596255232,823689216,4.0000
197,826277888,13472369664,3305111552,3600457728,827891712,4.0000
198,830472192,13455592448,3321888768,3604660224,832094208,4.0000
199,834666496,13438815232,3338665984,3608862720,836296704,4.0000
200,838860800,13422038016,3355443200,3613065216,840499200,4.0000
201,843055104,13405260800,3372220416,3617267712,844701696,4.0000
202,847249408,13388483584,3388997632,3621470208,848904192,4.0000
203,851443712,13371706368,3405774848,3625672704,853106688,4.0000
204,855638016,13354929152,3422552064,3629875200,857309184,4.0000
205,859832320,13338151936,3439329280,3634077696,861511680,4.0000
206,864026624,13321374720,3456106496,3638280192,865714176,4.0000
207,868220928,13304597504,3472883712,3642482688,869916672,4.0000
208,872415232,13287820288,3489660928,3646685184,874119168,4.0000
209,876609536,13271043072,3506438144,3650887680,878321664,4.0000
210,880803840,13214419968,3563061248,3655090176,882524160,4.0452
211,884998144,13197642752,3579838464,3659292672,886726656,4.0450
212,889192448,13180865536,3596615680,3663495168,890929152,4.0448
213,893386752,13164088320,3613392896,3667697664,895131648,4.0446
214,897581056,13147311104,3630170112,3671900160,899334144,4.0444
215,901775360,13170379776,3607101440,3676102656,903536640,4.0000
216,905969664,13153602560,3623878656,3680305152,907739136,4.0000
217,910163968,13136825344,3640655872,3684507648,911941632,4.0000
218,914358272,13120048128,3657433088,3688710144,916144128,4.0000
219,918552576,13103270912,3674210304,3692912640,920346624,4.0000
220,922746880,13086493696,3690987520,3697115136,924549120,4.0000
221,926941184,13069716480,3707764736,3701317632,928751616,4.0000
222,931135488,13044550656,3732930560,3705520128,932954112,4.0090
223,935329792,13027773440,3749707776,3709722624,937156608,4.0090
224,939524096,13010996224,3766484992,3713925120,941359104,4.0089
225,943718400,12994219008,3783262208,3718127616,945561600,4.0089
226,947912704,12977441792,3800039424,3722330112,949764096,4.0088
227,952107008,12960664576,3816816640,3726532608,953966592,4.0088
228,956301312,12952275968,3825205248,3730735104,958169088,4.0000
229,960495616,12935498752,3841982464,3734937600,962371584,4.0000
230,964689920,12918721536,3858759680,3739140096,966574080,4.0000
231,968884224,12901944320,3875536896,3743342592,970776576,4.0000
232,973078528,12885167104,3892314112,3747545088,974979072,4.0000
233,977272832,12868389888,3909091328,3751747584,979181568,4.0000
234,981467136,12851612672,3925868544,3755950080,983384064,4.0000
235,985661440,12834835456,3942645760,3760152576,987586560,4.0000
236,989855744,12818058240,3959422976,3764355072,991789056,4.0000
237,994050048,12801281024,3976200192,3768557568,995991552,4.0000
238,998244352,12784503808,3992977408,3772760064,1000194048,4.0000
239,1002438656,12767726592,4009754624,3776962560,1004396544,4.0000
240,1006632960,12711103488,4066377728,3781165056,1008599040,4.0396
241,1010827264,12694326272,4083154944,3785367552,1012801536,4.0394
242,1015021568,12677549056,4099932160,3789570048,1017004032,4.0393
243,1019215872,12660771840,4116709376,3793772544,1021206528,4.0391
244,1023410176,12643994624,4133486592,3797975040,1025409024,4.0389
245,1027604480,12627217408,4150263808,3802177536,1029611520,4.0388
246,1031798784,12650286080,4127195136,3806380032,1033814016,4.0000
247,1035993088,12633508864,4143972352,3810582528,1038016512,4.0000
248,1040187392,12616731648,4160749568,3814785024,1042219008,4.0000
249,1044381696,12599954432,4177526784,3818987520,1046421504,4.0000
250,1048576000,12583177216,4194304000,3823190016,1050624000,4.0000
251,1052770304,12566400000,4211081216,3827392512,1054826496,4.0000
252,1056964608,12549622784,4227858432,3831595008,1059028992,4.0000
253,1061158912,12532845568,4244635648,3835797504,1063231488,4.0000
254,1065353216,12516068352,4261412864,3840000000,1067433984,4.0000
255,1069547520,12499291136,4278190080,3844206592,1071640576,4.0000
256,1073741824,12482513920,4294967296,3848409088,1075843072,4.0000
257,1077936128,12465736704,4311744512,3852611584,1080045568,4.0000
258,1082130432,12448959488,4328521728,3856814080,1084248064,4.0000
259,1086324736,12432182272,4345298944,3861016576,1088450560,4.0000
260,1090519040,12415405056,4362076160,3865219072,1092653056,4.0000
261,1094713344,12398627840,4378853376,3869421568,1096855552,4.0000
262,1098907648,12381850624,4395630592,3873624064,1101058048,4.0000
263,1103101952,12365073408,4412407808,3877826560,1105260544,4.0000
264,1107296256,12348296192,4429185024,3882029056,1109463040,4.0000
265,1111490560,12331518976,4445962240,3886231552,1113665536,4.0000
266,1115684864,12314741760,4462739456,3890434048,1117868032,4.0000
267,1119879168,12297964544,4479516672,3894636544,1122070528,4.0000
268,1124073472,12281187328,4496293888,3898839040,1126273024,4.0000
269,1128267776,12264410112,4513071104,3903041536,1130475520,4.0000
270,1132462080,12247632896,4529848320,3907244032,1134678016,4.0000
271,1136656384,12191009792,4586471424,3911446528,1138880512,4.0351
272,1140850688,12174232576,4603248640,3915649024,1143083008,4.0349
273,1145044992,12157455360,4620025856,3919851520,1147285504,4.0348
274,1149239296,12140678144,4636803072,3924054016,1151488000,4.0347
275,1153433600,12123900928,4653580288,3928256512,1155690496,4.0345
276,1157627904,12146969600,4630511616,3932459008,1159892992,4.0000
277,1161822208,12130192384,4647288832,3936661504,1164095488,4.0000
278,1166016512,12113415168,4664066048,3940864000,1168297984,4.0000
279,1170210816,12096637952,4680843264,3945066496,1172500480,4.0000
280,1174405120,12079860736,4697620480,3949268992,1176702976,4.0000
281,1178599424,12063083520,4714397696,3953471488,1180905472,4.0000
282,1182793728,12046306304,4731174912,3957673984,1185107968,4.0000
283,1186988032,12029529088,4747952128,3961876480,1189310464,4.0000
284,1191182336,12012751872,4764729344,3966078976,1193512960,4.0000
285,1195376640,11995974656,4781506560,3970281472,1197715456,4.0000
286,1199570944,11979197440,4798283776,3974483968,1201917952,4.0000
287,1203765248,11962420224,4815060992,3978686464,1206120448,4.0000
288,1207959552,11945643008,4831838208,3982888960,1210322944,4.0000
289,1212153856,11928865792,4848615424,3987091456,1214525440,4.0000
290,1216348160,11912088576,4865392640,3991293952,1218727936,4.0000
291,1220542464,11895311360,4882169856,3995496448,1222930432,4.0000
292,1224736768,11878534144,4898947072,3999698944,1227132928,4.0000
293,1228931072,11861756928,4915724288,4003901440,1231335424,4.0000
294,1233125376,11844979712,4932501504,4008103936,1235537920,4.0000
295,1237319680,11828202496,4949278720,4012306432,1239740416,4.0000
296,1241513984,11811425280,4966055936,4016508928,1243942912,4.0000
297,1245708288,11794648064,4982833152,4020711424,1248145408,4.0000
298,1249902592,11777870848,4999610368,4024913920,1252347904,4.0000
299,1254096896,11761093632,5016387584,4029116416,1256550400,4.0000
300,1258291200,11744316416,5033164800,4033318912,1260752896,4.0000
301,1262485504,11727539200,5049942016,4037521408,1264955392,4.0000
302,1266679808,11670916096,5106565120,4041723904,1269157888,4.0315
303,1270874112,11654138880,5123342336,4045926400,1273360384,4.0314
304,1275068416,11637361664,5140119552,4050128896,1277562880,4.0312
305,1279262720,11620584448,5156896768,4054331392,1281765376,4.0311
306,1283457024,11593321472,5184159744,4058533888,1285967872,4.0392
307,1287651328,11618487296,5158993920,4062736384,1290170368,4.0065
308,1291845632,11601710080,5175771136,4066938880,1294372864,4.0065
309,1296039936,11584932864,5192548352,4071141376,1298575360,4.0065
310,1300234240,11568155648,5209325568,4075343872,1302777856,4.0065
311,1304428544,11551378432,5226102784,4079546368,1306980352,4.0064
312,1308622848,11542989824,5234491392,4083748864,1311182848,4.0000
313,1312817152,11526212608,5251268608,4087951360,1315385344,4.0000
314,1317011456,11509435392,5268045824,4092153856,1319587840,4.0000
315,1321205760,11492658176,5284823040,4096356352,1323790336,4.0000
316,1325400064,11475880960,5301600256,4100558848,1327992832,4.0000
317,1329594368,11459103744,5318377472,4104761344,1332195328,4.0000
318,1333788672,11442326528,5335154688,4108963840,1336397824,4.0000
319,1337982976,11425549312,5351931904,4113166336,1340600320,4.0000
320,1342177280,11408772096,5368709120,4117368832,1344802816,4.0000
321,1346371584,11391994880,5385486336,4121571328,1349005312,4.0000
322,1350565888,11375217664,5402263552,4125773824,1353207808,4.0000
323,1354760192,11358440448,5419040768,4129976320,1357410304,4.0000
324,1358954496,11341663232,5435817984,4134178816,1361612800,4.0000
325,1363148800,11324886016,5452595200,4138381312,1365815296,4.0000
326,1367343104,11308108800,5469372416,4142583808,1370017792,4.0000
327,1371537408,11291331584,5486149632,4146786304,1374220288,4.0000
328,1375731712,11274554368,5502926848,4150988800,1378422784,4.0000
329,1379926016,11257777152,5519704064,4155191296,1382625280,4.0000
330,1384120320,11240999936,5536481280,4159393792,1386827776,4.0000
331,1388314624,11224222720,5553258496,4163596288,1391030272,4.0000
332,1392508928,11167599616,5609881600,4167798784,1395232768,4.0286
333,1396703232,11150822400,5626658816,4172001280,1399435264,4.0285
334,1400897536,11134045184,5643436032,4176203776,1403637760,4.0284
335,1405091840,11117267968,5660213248,4180406272,1407840256,4.0284
336,1409286144,11100490752,5676990464,4184608768,1412042752,4.0283
337,1413480448,11083713536,5693767680,4188811264,1416245248,4.0282
338,1417674752,11106782208,5670699008,4193013760,1420447744,4.0000
339,1421869056,11090004992,5687476224,4197216256,1424650240,4.0000
340,1426063360,11073227776,5704253440,4201418752,1428852736,4.0000
341,1430257664,11056450560,5721030656,4205621248,1433055232,4.0000
342,1434451968,11039673344,5737807872,4209823744,1437257728,4.0000
343,1438646272,11022896128,5754585088,4214026240,1441460224,4.0000
344,1442840576,11006118912,5771362304,4218228736,1445662720,4.0000
345,1447034880,10989341696,5788139520,4222431232,1449865216,4.0000
346,1451229184,10972564480,5804916736,4226633728,1454067712,4.0000
347,1455423488,10955787264,5821693952,4230836224,1458270208,4.0000
348,1459617792,10939010048,5838471168,4235038720,1462472704,4.0000
349,1463812096,10922232832,5855248384,4239241216,1466675200,4.0000
350,1468006400,10905455616,5872025600,4243443712,1470877696,4.0000
351,1472200704,10888678400,5888802816,4247646208,1475080192,4.0000
352,1476395008,10871901184,5905580032,4251848704,1479282688,4.0000
353,1480589312,10855123968,5922357248,4256051200,1483485184,4.0000
354,1484783616,10838346752,5939134464,4260253696,1487687680,4.0000
355,1488977920,10821569536,5955911680,4264456192,1491890176,4.0000
356,1493172224,10804792320,5972688896,4268658688,1496092672,4.0000
357,1497366528,10788015104,5989466112,4272861184,1500295168,4.0000
358,1501560832,10771237888,6006243328,4277063680,1504497664,4.0000
359,1505755136,10754460672,6023020544,4281266176,1508700160,4.0000
360,1509949440,10737683456,6039797760,4285468672,1512902656,4.0000
361,1514143744,10720906240,6056574976,4289671168,1517105152,4.0000
362,1518338048,10704129024,6073352192,4293873664,1521307648,4.0000
363,1522532352,10647505920,6129975296,4298076160,1525510144,4.0262
364,1526726656,10630728704,6146752512,4302278656,1529712640,4.0261
365,1530920960,10613951488,6163529728,4306481152,1533915136,4.0260
366,1535115264,10597174272,6180306944,4310683648,1538117632,4.0260
367,1539309568,10580397056,6197084160,4314886144,1542320128,4.0259
368,1543503872,10563619840,6213861376,4319088640,1546522624,4.0258
369,1547698176,10586688512,6190792704,4323291136,1550725120,4.0000
370,1551892480,10569911296,6207569920,4327493632,1554927616,4.0000
371,1556086784,10553134080,6224347136,4331696128,1559130112,4.0000
372,1560281088,10536356864,6241124352,4335898624,1563332608,4.0000
373,1564475392,10519579648,6257901568,4340101120,1567535104,4.0000
374,1568669696,10502802432,6274678784,4344303616,1571737600,4.0000
375,1572864000,10486025216,6291456000,4348506112,1575940096,4.0000
376,1577058304,10469248000,6308233216,4352708608,1580142592,4.0000
377,1581252608,10452470784,6325010432,4356911104,1584345088,4.0000
378,1585446912,10435693568,6341787648,4361113600,1588547584,4.0000
379,1589641216,10418916352,6358564864,4365316096,1592750080,4.0000
380,1593835520,10402139136,6375342080,4369518592,1596952576,4.0000
381,1598029824,10385361920,6392119296,4373721088,1601155072,4.0000
382,1602224128,10368584704,6408896512,4377923584,1605357568,4.0000
383,1606418432,10351807488,6425673728,4382126080,1609560064,4.0000
384,1610612736,10335030272,6442450944,4386328576,1613762560,4.0000
385,1614807040,10318253056,6459228160,4390531072,1617965056,4.0000
386,1619001344,10301475840,6476005376,4394733568,1622167552,4.0000
387,1623195648,10284698624,6492782592,4398936064,1626370048,4.0000
388,1627389952,10267921408,6509559808,4403138560,1630572544,4.0000
389,1631584256,10251144192,6526337024,4407341056,1634775040,4.0000
390,1635778560,10234366976,6543114240,4411543552,1638977536,4.0000
391,1639972864,10209201152,6568280064,4415746048,1643180032,4.0051
392,1644167168,10192423936,6585057280,4419948544,1647382528,4.0051
393,1648361472,10175646720,6601834496,4424151040,1651585024,4.0051
394,1652555776,10116926464,6660554752,4428353536,1655787520,4.0305
395,1656750080,10100149248,6677331968,4432556032,1659990016,4.0304
396,1660944384,10083372032,6694109184,4436758528,1664192512,4.0303
397,1665138688,10077080576,6700400640,4440961024,1668395008,4.0239
398,1669332992,10060303360,6717177856,4445163520,1672597504,4.0239
399,1673527296,10043526144,6733955072,4449366016,1676800000,4.0238
400,1677721600,10066594816,6710886400,4453568512,1681002496,4.0000
401,1681915904,10049817600,6727663616,4457771008,1685204992,4.0000
402,1686110208,10033040384,6744440832,4461973504,1689407488,4.0000
403,1690304512,10016263168,6761218048,4466176000,1693609984,4.0000
404,1694498816,9999485952,6777995264,4470378496,1697812480,4.0000
405,1698693120,9982708736,6794772480,4474580992,1702014976,4.0000
406,1702887424,9965931520,6811549696,4478783488,1706217472,4.0000
407,1707081728,9949154304,6828326912,4482985984,1710419968,4.0000
408,1711276032,9932377088,6845104128,4487188480,1714622464,4.0000
409,1715470336,9915599872,6861881344,4491390976,1718824960,4.0000
410,1719664640,9898822656,6878658560,4495593472,1723027456,4.0000
411,1723858944,9882045440,6895435776,4499795968,1727229952,4.0000
412,1728053248,9865268224,6912212992,4503998464,1731432448,4.0000
413,1732247552,9848491008,6928990208,4508200960,1735634944,4.0000
414,1736441856,9831713792,6945767424,4512403456,1739837440,4.0000
415,1740636160,9814936576,6962544640,4516605952,1744039936,4.0000
416,1744830464,9798159360,6979321856,4520808448,1748242432,4.0000
417,1749024768,9781382144,6996099072,4525010944,1752444928,4.0000
418,1753219072,9764604928,7012876288,4529213440,1756647424,4.0000
419,1757413376,9747827712,7029653504,4533415936,1760849920,4.0000
420,1761607680,9731050496,7046430720,4537618432,1765052416,4.0000
421,1765801984,9714273280,7063207936,4541820928,1769254912,4.0000
422,1769996288,9697496064,7079985152,4546023424,1773457408,4.0000
423,1774190592,9680718848,7096762368,4550225920,1777659904,4.0000
424,1778384896,9663941632,7113539584,4554428416,1781862400,4.0000
425,1782579200,9607318528,7170162688,4558630912,1786064896,4.0224
426,1786773504,9590541312,7186939904,4562833408,1790267392,4.0223
427,1790967808,9573764096,7203717120,4567035904,1794469888,4.0222
428,1795162112,9556986880,7220494336,4571238400,1798672384,4.0222
429,1799356416,9540209664,7237271552,4575440896,1802874880,4.0221
430,1803550720,9563278336,7214202880,4579643392,1807077376,4.0000
431,1807745024,9546501120,7230980096,4583845888,1811279872,4.0000
432,1811939328,9529723904,7247757312,4588048384,1815482368,4.0000
433,1816133632,9512946688,7264534528,4592250880,1819684864,4.0000
434,1820327936,9496169472,7281311744,4596453376,1823887360,4.0000
435,1824522240,9479392256,7298088960,4600655872,1828089856,4.0000
436,1828716544,9462615040,7314866176,4604858368,1832292352,4.0000
437,1832910848,9445837824,7331643392,4609060864,1836494848,4.0000
438,1837105152,9429060608,7348420608,4613263360,1840697344,4.0000
439,1841299456,9412283392,7365197824,4617465856,1844899840,4.0000
440,1845493760,9395506176,7381975040,4621668352,1849102336,4.0000
441,1849688064,9378728960,7398752256,4625870848,1853304832,4.0000
442,1853882368,9361951744,7415529472,4630073344,1857507328,4.0000
443,1858076672,9345174528,7432306688,4634275840,1861709824,4.0000
444,1862270976,9328397312,7449083904,4638478336,1865912320,4.0000
445,1866465280,9311620096,7465861120,4642680832,1870114816,4.0000
446,1870659584,9294842880,7482638336,4646883328,1874317312,4.0000
447,1874853888,9278065664,7499415552,4651085824,1878519808,4.0000
448,1879048192,9261288448,7516192768,4655288320,1882722304,4.0000
449,1883242496,9244511232,7532969984,4659490816,1886924800,4.0000
450,1887436800,9227734016,7549747200,4663693312,1891127296,4.0000
451,1891631104,9210956800,7566524416,4667895808,1895329792,4.0000
452,1895825408,9194179584,7583301632,4672098304,1899532288,4.0000
453,1900019712,9177402368,7600078848,4676300800,1903734784,4.0000
454,1904214016,9160625152,7616856064,4680503296,1907937280,4.0000
455,1908408320,9143847936,7633633280,4684705792,1912139776,4.0000
456,1912602624,9087224832,7690256384,4688908288,1916342272,4.0208
457,1916796928,9070447616,7707033600,4693110784,1920544768,4.0208
458,1920991232,9053670400,7723810816,4697313280,1924747264,4.0207
459,1925185536,9036893184,7740588032,4701515776,1928949760,4.0207
460,1929379840,9020115968,7757365248,4705718272,1933152256,4.0207
461,1933574144,9043184640,7734296576,4709920768,1937354752,4.0000
462,1937768448,9026407424,7751073792,4714123264,1941557248,4.0000
463,1941962752,9009630208,7767851008,4718325760,1945759744,4.0000
464,1946157056,8992852992,7784628224,4722528256,1949962240,4.0000
465,1950351360,8976075776,7801405440,4726730752,1954164736,4.0000
466,1954545664,8959298560,7818182656,4730933248,1958367232,4.0000
467,1958739968,8942521344,7834959872,4735135744,1962569728,4.0000
468,1962934272,8925744128,7851737088,4739338240,1966772224,4.0000
469,1967128576,8908966912,7868514304,4743540736,1970974720,4.0000
470,1971322880,8892189696,7885291520,4747743232,1975177216,4.0000
471,1975517184,8875412480,7902068736,4751945728,1979379712,4.0000
472,1979711488,8858635264,7918845952,4756148224,1983582208,4.0000
473,1983905792,8841858048,7935623168,4760350720,1987784704,4.0000
474,1988100096,8825080832,7952400384,4764553216,1991987200,4.0000
475,1992294400,8808303616,7969177600,4768755712,1996189696,4.0000
476,1996488704,8783137792,7994343424,4772958208,2000392192,4.0042
477,2000683008,8766360576,8011120640,4777160704,2004594688,4.0042
478,2004877312,8749583360,8027897856,4781363200,2008797184,4.0042
479,2009071616,8732806144,8044675072,4785565696,2012999680,4.0042
480,2013265920,8716028928,8061452288,4789768192,2017202176,4.0042
481,2017460224,8707640320,8069840896,4793970688,2021404672,4.0000
482,2021654528,8690863104,8086618112,4798173184,2025607168,4.0000
483,2025848832,8674085888,8103395328,4802375680,2029809664,4.0000
484,2030043136,8657308672,8120172544,4806578176,2034012160,4.0000
485,2034237440,8640531456,8136949760,4810780672,2038214656,4.0000
486,2038431744,8623754240,8153726976,4814983168,2042417152,4.0000
487,2042626048,8567131136,8210350080,4819185664,2046619648,4.0195
488,2046820352,8550353920,8227127296,4823388160,2050822144,4.0195
489,2051014656,8533576704,8243904512,4827590656,2055024640,4.0194
490,2055208960,8516799488,8260681728,4831793152,2059227136,4.0194
491,2059403264,8500022272,8277458944,4835995648,2063429632,4.0193
492,2063597568,8523090944,8254390272,4840198144,2067632128,4.0000
493,2067791872,8506313728,8271167488,4844400640,2071834624,4.0000
494,2071986176,8489536512,8287944704,4848603136,2076037120,4.0000
495,2076180480,8472759296,8304721920,4852805632,2080239616,4.0000
496,2080374784,8455982080,8321499136,4857008128,2084442112,4.0000
497,2084569088,8439204864,8338276352,4861210624,2088644608,4.0000
498,2088763392,8422427648,8355053568,4865413120,2092847104,4.0000
499,2092957696,8405650432,8371830784,4869615616,2097049600,4.0000
500,2097152000,8388873216,8388608000,4873818112,2101252096,4.0000
501,2101346304,8372096000,8405385216,4878020608,2105454592,4.0000
502,2105540608,8355318784,8422162432,4882223104,2109657088,4.0000
503,2109734912,8338541568,8438939648,4886425600,2113859584,4.0000
504,2113929216,8321764352,8455716864,4890628096,2118062080,4.0000
505,2118123520,8304987136,8472494080,4894830592,2122264576,4.0000
506,2122317824,8288209920,8489271296,4899033088,2126467072,4.0000
507,2126512128,8271432704,8506048512,4903235584,2130669568,4.0000
508,2130706432,8254655488,8522825728,4907438080,2134872064,4.0000
509,2134900736,8237878272,8539602944,4911640576,2139074560,4.0000
510,2139095040,8221101056,8556380160,4915843072,2143277056,4.0000
511,2143289344,8204323840,8573157376,4920049664,2147483648,4.0000
512,2147483648,8187546624,8589934592,4924252160,2151686144,4.0000
513,2151677952,8170769408,8606711808,4928454656,2155888640,4.0000
514,2155872256,8153992192,8623489024,4932657152,2160091136,4.0000
515,2160066560,8137214976,8640266240,4936859648,2164293632,4.0000
516,2164260864,8120437760,8657043456,4941062144,2168496128,4.0000
517,2168455168,8063814656,8713666560,4945264640,2172698624,4.0184
518,2172649472,8047037440,8730443776,4949467136,2176901120,4.0183
519,2176843776,8030260224,8747220992,4953669632,2181103616,4.0183
520,2181038080,8013483008,8763998208,4957872128,2185306112,4.0183
521,2185232384,7996705792,8780775424,4962074624,2189508608,4.0182
522,2189426688,7979928576,8797552640,4966277120,2193711104,4.0182
523,2193620992,8002997248,8774483968,4970479616,2197913600,4.0000
524,2197815296,7986220032,8791261184,4974682112,2202116096,4.0000
525,2202009600,7969442816,8808038400,4978884608,2206318592,4.0000
526,2206203904,7952665600,8824815616,4983087104,2210521088,4.0000
527,2210398208,7935888384,8841592832,4987289600,2214723584,4.0000
528,2214592512,7919111168,8858370048,4991492096,2218926080,4.0000
529,2218786816,7902333952,8875147264,4995694592,2223128576,4.0000
530,2222981120,7885556736,8891924480,4999897088,2227331072,4.0000
531,2227175424,7868779520,8908701696,5004099584,2231533568,4.0000
532,2231369728,7852002304,8925478912,5008302080,2235736064,4.0000
533,2235564032,7835225088,8942256128,5012504576,2239938560,4.0000
534,2239758336,7818447872,8959033344,5016707072,2244141056,4.0000
535,2243952640,7801670656,8975810560,5020909568,2248343552,4.0000
536,2248146944,7784893440,8992587776,5025112064,2252546048,4.0000
537,2252341248,7768116224,9009364992,5029314560,2256748544,4.0000
538,2256535552,7751339008,9026142208,5033517056,2260951040,4.0000
539,2260729856,7734561792,9042919424,5037719552,2265153536,4.0000
540,2264924160,7717784576,9059696640,5041922048,2269356032,4.0000
541,2269118464,7701007360,9076473856,5046124544,2273558528,4.0000
542,2273312768,7684230144,9093251072,5050327040,2277761024,4.0000
543,2277507072,7667452928,9110028288,5054529536,2281963520,4.0000
544,2281701376,7650675712,9126805504,5058732032,2286166016,4.0000
545,2285895680,7633898496,9143582720,5062934528,2290368512,4.0000
546,2290089984,7617121280,9160359936,5067137024,2294571008,4.0000
547,2294284288,7600344064,9177137152,5071339520,2298773504,4.0000
548,2298478592,7543720960,9233760256,5075542016,2302976000,4.0173
549,2302672896,7526943744,9250537472,5079744512,2307178496,4.0173
550,2306867200,7510166528,9267314688,5083947008,2311380992,4.0173
551,2311061504,7493389312,9284091904,5088149504,2315583488,4.0172
552,2315255808,7476612096,9300869120,5092352000,2319785984,4.0172
553,2319450112,7499680768,9277800448,5096554496,2323988480,4.0000
554,2323644416,7482903552,9294577664,5100756992,2328190976,4.0000
555,2327838720,7466126336,9311354880,5104959488,2332393472,4.0000
556,2332033024,7449349120,9328132096,5109161984,2336595968,4.0000
557,2336227328,7432571904,9344909312,5113364480,2340798464,4.0000
558,2340421632,7415794688,9361686528,5117566976,2345000960,4.0000
559,2344615936,7399017472,9378463744,5121769472,2349203456,4.0000
560,2348810240,7373851648,9403629568,5125971968,2353405952,4.0036
561,2353004544,7357074432,9420406784,5130174464,2357608448,4.0036
562,2357198848,7340297216,9437184000,5134376960,2361810944,4.0036
563,2361393152,7323520000,9453961216,5138579456,2366013440,4.0036
564,2365587456,7306742784,9470738432,5142781952,2370215936,4.0035
565,2369781760,7298354176,9479127040,5146984448,2374418432,4.0000
566,2373976064,7281576960,9495904256,5151186944,2378620928,4.0000
567,2378170368,7264799744,9512681472,5155389440,2382823424,4.0000
568,2382364672,7248022528,9529458688,5159591936,2387025920,4.0000
569,2386558976,7231245312,9546235904,5163794432,2391228416,4.0000
570,2390753280,7214468096,9563013120,5167996928,2395430912,4.0000
571,2394947584,7197690880,9579790336,5172199424,2399633408,4.0000
572,2399141888,7180913664,9596567552,5176401920,2403835904,4.0000
573,2403336192,7164136448,9613344768,5180604416,2408038400,4.0000
574,2407530496,7147359232,9630121984,5184806912,2412240896,4.0000
575,2411724800,7130582016,9646899200,5189009408,2416443392,4.0000
576,2415919104,7113804800,9663676416,5193211904,2420645888,4.0000
577,2420113408,7097027584,9680453632,5197414400,2424848384,4.0000
578,2424307712,7040404480,9737076736,5201616896,2429050880,4.0164
579,2428502016,7023627264,9753853952,5205819392,2433253376,4.0164
580,2432696320,7006850048,9770631168,5210021888,2437455872,4.0164
581,2436890624,6990072832,9787408384,5214224384,2441658368,4.0164
582,2441084928,6973295616,9804185600,5218426880,2445860864,4.0163
583,2445279232,6996364288,9781116928,5222629376,2450063360,4.0000
584,2449473536,6979587072,9797894144,5226831872,2454265856,4.0000
585,2453667840,6962809856,9814671360,5231034368,2458468352,4.0000
586,2457862144,6946032640,9831448576,5235236864,2462670848,4.0000
587,2462056448,6929255424,9848225792,5239439360,2466873344,4.0000
588,2466250752,6912478208,9865003008,5243641856,2471075840,4.0000
589,2470445056,6895700992,9881780224,5247844352,2475278336,4.0000
590,2474639360,6878923776,9898557440,5252046848,2479480832,4.0000
591,2478833664,6862146560,9915334656,5256249344,2483683328,4.0000
592,2483027968,6845369344,9932111872,5260451840,2487885824,4.0000
593,2487222272,6828592128,9948889088,5264654336,2492088320,4.0000
594,2491416576,6811814912,9965666304,5268856832,2496290816,4.0000
595,2495610880,6795037696,9982443520,5273059328,2500493312,4.0000
596,2499805184,6778260480,9999220736,5277261824,2504695808,4.0000
597,2503999488,6761483264,10015997952,5281464320,2508898304,4.0000
598,2508193792,6744706048,10032775168,5285666816,2513100800,4.0000
599,2512388096,6727928832,10049552384,5289869312,2517303296,4.0000
600,2516582400,6711151616,10066329600,5294071808,2521505792,4.0000
601,2520776704,6694374400,10083106816,5298274304,2525708288,4.0000
602,2524971008,6677597184,10099884032,5302476800,2529910784,4.0000
603,2529165312,6660819968,10116661248,5306679296,2534113280,4.0000
604,2533359616,6644042752,10133438464,5310881792,2538315776,4.0000
605,2537553920,6627265536,10150215680,5315084288,2542518272,4.0000
606,2541748224,6610488320,10166992896,5319286784,2546720768,4.0000
607,2545942528,6593711104,10183770112,5323489280,2550923264,4.0000
608,2550136832,6537088000,10240393216,5327691776,2555125760,4.0156
609,2554331136,6520310784,10257170432,5331894272,2559328256,4.0156
610,2558525440,6503533568,10273947648,5336096768,2563530752,4.0156
611,2562719744,6486756352,10290724864,5340299264,2567733248,4.0155
612,2566914048,6469979136,10307502080,5344501760,2571935744,4.0155
613,2571108352,6453201920,10324279296,5348704256,2576138240,4.0155
614,2575302656,6476270592,10301210624,5352906752,2580340736,4.0000
615,2579496960,6459493376,10317987840,5357109248,2584543232,4.0000
616,2583691264,6442716160,10334765056,5361311744,2588745728,4.0000
617,2587885568,6425938944,10351542272,5365514240,2592948224,4.0000
618,2592079872,6409161728,10368319488,5369716736,2597150720,4.0000
619,2596274176,6392384512,10385096704,5373919232,2601353216,4.0000
620,2600468480,6375607296,10401873920,5378121728,2605555712,4.0000
621,2604662784,6358830080,10418651136,5382324224,2609758208,4.0000
622,2608857088,6342052864,10435428352,5386526720,2613960704,4.0000
623,2613051392,6325275648,10452205568,5390729216,2618163200,4.0000
624,2617245696,6308498432,10468982784,5394931712,2622365696,4.0000
625,2621440000,6291721216,10485760000,5399134208,2626568192,4.0000
626,2625634304,6274944000,10502537216,5403336704,2630770688,4.0000
627,2629828608,6258166784,10519314432,5407539200,2634973184,4.0000
628,2634022912,6241389568,10536091648,5411741696,2639175680,4.0000
629,2638217216,6224612352,10552868864,5415944192,2643378176,4.0000
630,2642411520,6207835136,10569646080,5420146688,2647580672,4.0000
631,2646605824,6191057920,10586423296,5424349184,2651783168,4.0000
632,2650800128,6174280704,10603200512,5428551680,2655985664,4.0000
633,2654994432,6157503488,10619977728,5432754176,2660188160,4.0000
634,2659188736,6140726272,10636754944,5436956672,2664390656,4.0000
635,2663383040,6123949056,10653532160,5441159168,2668593152,4.0000
636,2667577344,6107171840,10670309376,5445361664,2672795648,4.0000
637,2671771648,6090394624,10687086592,5449564160,2676998144,4.0000
638,2675965952,6073617408,10703863808,5453766656,2681200640,4.0000
639,2680160256,6016994304,10760486912,5457969152,2685403136,4.0149
640,2684354560,6000217088,10777264128,5462171648,2689605632,4.0148
641,2688548864,5983439872,10794041344,5466374144,2693808128,4.0148
642,2692743168,5966662656,10810818560,5470576640,2698010624,4.0148
643,2696937472,5939399680,10838081536,5474779136,2702213120,4.0187
644,2701131776,5964565504,10812915712,5478981632,2706415616,4.0031
645,2705326080,5947788288,10829692928,5483184128,2710618112,4.0031
646,2709520384,5931011072,10846470144,5487386624,2714820608,4.0031
647,2713714688,5914233856,10863247360,5491589120,2719023104,4.0031
648,2717908992,5897456640,10880024576,5495791616,2723225600,4.0031
649,2722103296,5889068032,10888413184,5499994112,2727428096,4.0000
650,2726297600,5872290816,10905190400,5504196608,2731630592,4.0000
651,2730491904,5855513600,10921967616,5508399104,2735833088,4.0000
652,2734686208,5838736384,10938744832,5512601600,2740035584,4.0000
653,2738880512,5821959168,10955522048,5516804096,2744238080,4.0000
654,2743074816,5805181952,10972299264,5521006592,2748440576,4.0000
655,2747269120,5788404736,10989076480,5525209088,2752643072,4.0000
656,2751463424,5771627520,11005853696,5529411584,2756845568,4.0000
657,2755657728,5754850304,11022630912,5533614080,2761048064,4.0000
658,2759852032,5738073088,11039408128,5537816576,2765250560,4.0000
659,2764046336,5721295872,11056185344,5542019072,2769453056,4.0000
660,2768240640,5704518656,11072962560,5546221568,2773655552,4.0000
661,2772434944,5687741440,11089739776,5550424064,2777858048,4.0000
662,2776629248,5670964224,11106516992,5554626560,2782060544,4.0000
663,2780823552,5654187008,11123294208,5558829056,2786263040,4.0000
664,2785017856,5637409792,11140071424,5563031552,2790465536,4.0000
665,2789212160,5620632576,11156848640,5567234048,2794668032,4.0000
666,2793406464,5603855360,11173625856,5571436544,2798870528,4.0000
667,2797600768,5587078144,11190403072,5575639040,2803073024,4.0000
668,2801795072,5570300928,11207180288,5579841536,2807275520,4.0000
669,2805989376,5513677824,11263803392,5584044032,2811478016,4.0142
670,2810183680,5496900608,11280580608,5588246528,2815680512,4.0142
671,2814377984,5480123392,11297357824,5592449024,2819883008,4.0142
672,2818572288,5463346176,11314135040,5596651520,2824085504,4.0141
673,2822766592,5446568960,11330912256,5600854016,2828288000,4.0141
674,2826960896,5429791744,11347689472,5605056512,2832490496,4.0141
675,2831155200,5452860416,11324620800,5609259008,2836692992,4.0000
676,2835349504,5436083200,11341398016,5613461504,2840895488,4.0000
677,2839543808,5419305984,11358175232,5617664000,2845097984,4.0000
678,2843738112,5402528768,11374952448,5621866496,2849300480,4.0000
679,2847932416,5385751552,11391729664,5626068992,2853502976,4.0000
680,2852126720,5368974336,11408506880,5630271488,2857705472,4.0000
681,2856321024,5352197120,11425284096,5634473984,2861907968,4.0000
682,2860515328,5335419904,11442061312,5638676480,2866110464,4.0000
683,2864709632,5318642688,11458838528,5642878976,2870312960,4.0000
684,2868903936,5301865472,11475615744,5647081472,2874515456,4.0000
685,2873098240,5285088256,11492392960,5651283968,2878717952,4.0000
686,2877292544,5268311040,11509170176,5655486464,2882920448,4.0000
687,2881486848,5251533824,11525947392,5659688960,2887122944,4.0000
688,2885681152,5234756608,11542724608,5663891456,2891325440,4.0000
689,2889875456,5217979392,11559501824,5668093952,2895527936,4.0000
690,2894069760,5201202176,11576279040,5672296448,2899730432,4.0000
691,2898264064,5184424960,11593056256,5676498944,2903932928,4.0000
692,2902458368,5167647744,11609833472,5680701440,2908135424,4.0000
693,2906652672,5150870528,11626610688,5684903936,2912337920,4.0000
694,2910846976,5134093312,11643387904,5689106432,2916540416,4.0000
695,2915041280,5117316096,11660165120,5693308928,2920742912,4.0000
696,2919235584,5100538880,11676942336,5697511424,2924945408,4.0000
697,2923429888,5083761664,11693719552,5701713920,2929147904,4.0000
698,2927624192,5066984448,11710496768,5705916416,2933350400,4.0000
699,2931818496,5050207232,11727273984,5710118912,2937552896,4.0000
700,2936012800,5033430016,11744051200,5714321408,2941755392,4.0000
701,2940207104,4976806912,11800674304,5718523904,2945957888,4.0136
702,2944401408,4960029696,11817451520,5722726400,2950160384,4.0135
703,2948595712,4943252480,11834228736,5726928896,2954362880,4.0135
704,2952790016,4926475264,11851005952,5731131392,2958565376,4.0135
705,2956984320,4909698048,11867783168,5735333888,2962767872,4.0135
706,2961178624,4932766720,11844714496,5739536384,2966970368,4.0000
707,2965372928,4915989504,11861491712,5743738880,2971172864,4.0000
708,2969567232,4899212288,11878268928,5747941376,2975375360,4.0000
709,2973761536,4882435072,11895046144,5752143872,2979577856,4.0000
710,2977955840,4865657856,11911823360,5756346368,2983780352,4.0000
711,2982150144,4848880640,11928600576,5760548864,2987982848,4.0000
712,2986344448,4832103424,11945377792,5764751360,2992185344,4.0000
713,2990538752,4815326208,11962155008,5768953856,2996387840,4.0000
714,2994733056,4798548992,11978932224,5773156352,3000590336,4.0000
715,2998927360,4781771776,11995709440,5777358848,3004792832,4.0000
716,3003121664,4764994560,12012486656,5781561344,3008995328,4.0000
717,3007315968,4748217344,12029263872,5785763840,3013197824,4.0000
718,3011510272,4731440128,12046041088,5789966336,3017400320,4.0000
719,3015704576,4714662912,12062818304,5794168832,3021602816,4.0000
720,3019898880,4697885696,12079595520,5798371328,3025805312,4.0000
721,3024093184,4681108480,12096372736,5802573824,3030007808,4.0000
722,3028287488,4664331264,12113149952,5806776320,3034210304,4.0000
723,3032481792,4647554048,12129927168,5810978816,3038412800,4.0000
724,3036676096,4630776832,12146704384,5815181312,3042615296,4.0000
725,3040870400,4613999616,12163481600,5819383808,3046817792,4.0000
726,3045064704,4597222400,12180258816,5823586304,3051020288,4.0000
727,3049259008,4580445184,12197036032,5827788800,3055222784,4.0000
728,3053453312,4555279360,12222201856,5831991296,3059425280,4.0027
729,3057647616,4538502144,12238979072,5836193792,3063627776,4.0027
730,3061841920,4521724928,12255756288,5840396288,3067830272,4.0027
731,3066036224,4463004672,12314476544,5844598784,3072032768,4.0164
732,3070230528,4446227456,12331253760,5848801280,3076235264,4.0164
733,3074424832,4429450240,12348030976,5853003776,3080437760,4.0164
734,3078619136,4423158784,12354322432,5857206272,3084640256,4.0129
735,3082813440,4406381568,12371099648,5861408768,3088842752,4.0129
736,3087007744,4389604352,12387876864,5865611264,3093045248,4.0129
737,3091202048,4412673024,12364808192,5869813760,3097247744,4.0000
738,3095396352,4395895808,12381585408,5874016256,3101450240,4.0000
739,3099590656,4379118592,12398362624,5878218752,3105652736,4.0000
740,3103784960,4362341376,12415139840,5882421248,3109855232,4.0000
741,3107979264,4345564160,12431917056,5886623744,3114057728,4.0000
742,3112173568,4328786944,12448694272,5890826240,3118260224,4.0000
743,3116367872,4312009728,12465471488,5895028736,3122462720,4.0000
744,3120562176,4295232512,12482248704,5899231232,3126665216,4.0000
745,3124756480,4278455296,12499025920,5903433728,3130867712,4.0000
746,3128950784,4261678080,12515803136,5907636224,3135070208,4.0000
747,3133145088,4244900864,12532580352,5911838720,3139272704,4.0000
748,3137339392,4228123648,12549357568,5916041216,3143475200,4.0000
749,3141533696,4211346432,12566134784,5920243712,3147677696,4.0000
750,3145728000,4194569216,12582912000,5924446208,3151880192,4.0000
751,3149922304,4177792000,12599689216,5928648704,3156082688,4.0000
752,3154116608,4161014784,12616466432,5932851200,3160285184,4.0000
753,3158310912,4144237568,12633243648,5937053696,3164487680,4.0000
754,3162505216,4127460352,12650020864,5941256192,3168690176,4.0000
755,3166699520,4110683136,12666798080,5945458688,3172892672,4.0000
756,3170893824,4093905920,12683575296,5949661184,3177095168,4.0000
757,3175088128,4077128704,12700352512,5953863680,3181297664,4.0000
758,3179282432,4060351488,12717129728,5958066176,3185500160,4.0000
759,3183476736,4043574272,12733906944,5962268672,3189702656,4.0000
760,3187671040,4026797056,12750684160,5966471168,3193905152,4.0000
761,3191865344,4010019840,12767461376,5970673664,3198107648,4.0000
762,3196059648,3953396736,12824084480,5974876160,3202310144,4.0125
763,3200253952,3936619520,12840861696,5979078656,3206512640,4.0125
764,3204448256,3919842304,12857638912,5983281152,3210715136,4.0124
765,3208642560,3903065088,12874416128,5987483648,3214917632,4.0124
766,3212836864,3886287872,12891193344,5991686144,3219120128,4.0124
767,3217031168,3909356544,12868124672,5995892736,3223326720,4.0000
768,3221225472,3892579328,12884901888,6000095232,3227529216,4.0000
769,3225419776,3875802112,12901679104,6004297728,3231731712,4.0000
770,3229614080,3859024896,12918456320,6008500224,3235934208,4.0000
771,3233808384,3842247680,12935233536,6012702720,3240136704,4.0000
772,3238002688,3825470464,12952010752,6016905216,3244339200,4.0000
773,3242196992,3808693248,12968787968,6021107712,3248541696,4.0000
774,3246391296,3791916032,12985565184,6025310208,3252744192,4.0000
775,3250585600,3775138816,13002342400,6029512704,3256946688,4.0000
776,3254779904,3758361600,13019119616,6033715200,3261149184,4.0000
777,3258974208,3741584384,13035896832,6037917696,3265351680,4.0000
778,3263168512,3724807168,13052674048,6042120192,3269554176,4.0000
779,3267362816,3708029952,13069451264,6046322688,3273756672,4.0000
780,3271557120,3691252736,13086228480,6050525184,3277959168,4.0000
781,3275751424,3674475520,13103005696,6054727680,3282161664,4.0000
782,3279945728,3657698304,13119782912,6058930176,3286364160,4.0000
783,3284140032,3640921088,13136560128,6063132672,3290566656,4.0000
784,3288334336,3624143872,13153337344,6067335168,3294769152,4.0000
785,3292528640,3607366656,13170114560,6071537664,3298971648,4.0000
786,3296722944,3590589440,13186891776,6075740160,3303174144,4.0000
787,3300917248,3573812224,13203668992,6079942656,3307376640,4.0000
788,3305111552,3557035008,13220446208,6084145152,3311579136,4.0000
789,3309305856,3540257792,13237223424,6088347648,3315781632,4.0000
790,3313500160,3523480576,13254000640,6092550144,3319984128,4.0000
791,3317694464,3506703360,13270777856,6096752640,3324186624,4.0000
792,3321888768,3450080256,13327400960,6100955136,3328389120,4.0120
793,3326083072,3433303040,13344178176,6105157632,3332591616,4.0120
794,3330277376,3416525824,13360955392,6109360128,3336794112,4.0120
795,3334471680,3399748608,13377732608,6113562624,3340996608,4.0119
796,3338665984,3382971392,13394509824,6117765120,3345199104,4.0119
797,3342860288,3366194176,13411287040,6121967616,3349401600,4.0119
798,3347054592,3389262848,13388218368,6126170112,3353604096,4.0000
799,3351248896,3372485632,13404995584,6130372608,3357806592,4.0000
800,3355443200,3355708416,13421772800,6134575104,3362009088,4.0000
801,3359637504,3338931200,13438550016,6138777600,3366211584,4.0000
802,3363831808,3322153984,13455327232,6142980096,3370414080,4.0000
803,3368026112,3305376768,13472104448,6147182592,3374616576,4.0000
804,3372220416,3288599552,13488881664,6151385088,3378819072,4.0000
805,3376414720,3271822336,13505658880,6155587584,3383021568,4.0000
806,3380609024,3255045120,13522436096,6159790080,3387224064,4.0000
807,3384803328,3238267904,13539213312,6163992576,3391426560,4.0000
808,3388997632,3221490688,13555990528,6168195072,3395629056,4.0000
809,3393191936,3204713472,13572767744,6172397568,3399831552,4.0000
810,3397386240,3187936256,13589544960,6176600064,3404034048,4.0000
811,3401580544,3171159040,13606322176,6180802560,3408236544,4.0000
812,3405774848,3145993216,13631488000,6185005056,3412439040,4.0025
813,3409969152,3129216000,13648265216,6189207552,3416641536,4.0025
814,3414163456,3112438784,13665042432,6193410048,3420844032,4.0025
815,3418357760,3095661568,13681819648,6197612544,3425046528,4.0025
816,3422552064,3078884352,13698596864,6201815040,3429249024,4.0025
817,3426746368,3070495744,13706985472,6206017536,3433451520,4.0000
818,3430940672,3053718528,13723762688,6210220032,3437654016,4.0000
819,3435134976,3036941312,13740539904,6214422528,3441856512,4.0000
820,3439329280,3020164096,13757317120,6218625024,3446059008,4.0000
821,3443523584,3003386880,13774094336,6222827520,3450261504,4.0000
822,3447717888,2946763776,13830717440,6227030016,3454464000,4.0116
823,3451912192,2929986560,13847494656,6231232512,3458666496,4.0115
824,3456106496,2913209344,13864271872,6235435008,3462868992,4.0115
825,3460300800,2896432128,13881049088,6239637504,3467071488,4.0115
826,3464495104,2879654912,13897826304,6243840000,3471273984,4.0115
827,3468689408,2902723584,13874757632,6248042496,3475476480,4.0000
828,3472883712,2885946368,13891534848,6252244992,3479678976,4.0000
829,3477078016,2869169152,13908312064,6256447488,3483881472,4.0000
830,3481272320,2852391936,13925089280,6260649984,3488083968,4.0000
831,3485466624,2835614720,13941866496,6264852480,3492286464,4.0000
832,3489660928,2818837504,13958643712,6269054976,3496488960,4.0000
833,3493855232,2802060288,13975420928,6273257472,3500691456,4.0000
834,3498049536,2785283072,13992198144,6277459968,3504893952,4.0000
835,3502243840,2768505856,14008975360,6281662464,3509096448,4.0000
836,3506438144,2751728640,14025752576,6285864960,3513298944,4.0000
837,3510632448,2734951424,14042529792,6290067456,3517501440,4.0000
838,3514826752,2718174208,14059307008,6294269952,3521703936,4.0000
839,3519021056,2701396992,14076084224,6298472448,3525906432,4.0000
840,3523215360,2684619776,14092861440,6302674944,3530108928,4.0000
841,3527409664,2667842560,14109638656,6306877440,3534311424,4.0000
842,3531603968,2651065344,14126415872,6311079936,3538513920,4.0000
843,3535798272,2634288128,14143193088,6315282432,3542716416,4.0000
844,3539992576,2617510912,14159970304,6319484928,3546918912,4.0000
845,3544186880,2600733696,14176747520,6323687424,3551121408,4.0000
846,3548381184,2583956480,14193524736,6327889920,3555323904,4.0000
847,3552575488,2567179264,14210301952,6332092416,3559526400,4.0000
848,3556769792,2550402048,14227079168,6336294912,3563728896,4.0000
849,3560964096,2533624832,14243856384,6340497408,3567931392,4.0000
850,3565158400,2477001728,14300479488,6344699904,3572133888,4.0112
851,3569352704,2460224512,14317256704,6348902400,3576336384,4.0112
852,3573547008,2443447296,14334033920,6353104896,3580538880,4.0112
853,3577741312,2426670080,14350811136,6357307392,3584741376,4.0111
854,3581935616,2409892864,14367588352,6361509888,3588943872,4.0111
855,3586129920,2432961536,14344519680,6365712384,3593146368,4.0000
856,3590324224,2416184320,14361296896,6369914880,3597348864,4.0000
857,3594518528,2399407104,14378074112,6374117376,3601551360,4.0000
858,3598712832,2382629888,14394851328,6378319872,3605753856,4.0000
859,3602907136,2365852672,14411628544,6382522368,3609956352,4.0000
860,3607101440,2349075456,14428405760,6386724864,3614158848,4.0000
861,3611295744,2332298240,14445182976,6390927360,3618361344,4.0000
862,3615490048,2315521024,14461960192,6395129856,3622563840,4.0000
863,3619684352,2298743808,14478737408,6399332352,3626766336,4.0000
864,3623878656,2281966592,14495514624,6403534848,3630968832,4.0000
865,3628072960,2265189376,14512291840,6407737344,3635171328,4.0000
866,3632267264,2248412160,14529069056,6411939840,3639373824,4.0000
867,3636461568,2231634944,14545846272,6416142336,3643576320,4.0000
868,3640655872,2214857728,14562623488,6420344832,3647778816,4.0000
869,3644850176,2198080512,14579400704,6424547328,3651981312,4.0000
870,3649044480,2181303296,14596177920,6428749824,3656183808,4.0000
871,3653238784,2164526080,14612955136,6432952320,3660386304,4.0000
872,3657433088,2147748864,14629732352,6437154816,3664588800,4.0000
873,3661627392,2130971648,14646509568,6441357312,3668791296,4.0000
874,3665821696,2114194432,14663286784,6445559808,3672993792,4.0000
875,3670016000,2097417216,14680064000,6449762304,3677196288,4.0000
876,3674210304,2080640000,14696841216,6453964800,3681398784,4.0000
877,3678404608,2063862784,14713618432,6458167296,3685601280,4.0000
878,3682598912,2047085568,14730395648,6462369792,3689803776,4.0000
879,3686793216,1990462464,14787018752,6466572288,3694006272,4.0108
880,3690987520,1973685248,14803795968,6470774784,3698208768,4.0108
881,3695181824,1956908032,14820573184,6474977280,3702411264,4.0108
882,3699376128,1940130816,14837350400,6479179776,3706613760,4.0108
883,3703570432,1923353600,14854127616,6483382272,3710816256,4.0108
884,3707764736,1946422272,14831058944,6487584768,3715018752,4.0000
885,3711959040,1929645056,14847836160,6491787264,3719221248,4.0000
886,3716153344,1912867840,14864613376,6495989760,3723423744,4.0000
887,3720347648,1896090624,14881390592,6500192256,3727626240,4.0000
888,3724541952,1879313408,14898167808,6504394752,3731828736,4.0000
889,3728736256,1862536192,14914945024,6508597248,3736031232,4.0000
890,3732930560,1837370368,14940110848,6512799744,3740233728,4.0022
891,3737124864,1820593152,14956888064,6517002240,3744436224,4.0022
892,3741319168,1803815936,14973665280,6521204736,3748638720,4.0022
893,3745513472,1787038720,14990442496,6525407232,3752841216,4.0022
894,3749707776,1778650112,14998831104,6529609728,3757043712,4.0000
895,3753902080,1761872896,15015608320,6533812224,3761246208,4.0000
896,3758096384,1745095680,15032385536,6538014720,3765448704,4.0000
897,3762290688,1728318464,15049162752,6542217216,3769651200,4.0000
898,3766484992,1711541248,15065939968,6546419712,3773853696,4.0000
899,3770679296,1694764032,15082717184,6550622208,3778056192,4.0000
900,3774873600,1677986816,15099494400,6554824704,3782258688,4.0000
901,3779067904,1661209600,15116271616,6559027200,3786461184,4.0000
902,3783262208,1644432384,15133048832,6563229696,3790663680,4.0000
903,3787456512,1627655168,15149826048,6567432192,3794866176,4.0000
904,3791650816,1610877952,15166603264,6571634688,3799068672,4.0000
905,3795845120,1594100736,15183380480,6575837184,3803271168,4.0000
906,3800039424,1577323520,15200157696,6580039680,3807473664,4.0000
907,3804233728,1520700416,15256780800,6584242176,3811676160,4.0105
908,3808428032,1503923200,15273558016,6588444672,3815878656,4.0105
909,3812622336,1487145984,15290335232,6592647168,3820081152,4.0105
910,3816816640,1470368768,15307112448,6596849664,3824283648,4.0104
911,3821010944,1453591552,15323889664,6601052160,3828486144,4.0104
912,3825205248,1436814336,15340666880,6605254656,3832688640,4.0104
913,3829399552,1459883008,15317598208,6609457152,3836891136,4.0000
914,3833593856,1443105792,15334375424,6613659648,3841093632,4.0000
915,3837788160,1426328576,15351152640,6617862144,3845296128,4.0000
916,3841982464,1409551360,15367929856,6622064640,3849498624,4.0000
917,3846176768,1392774144,15384707072,6626267136,3853701120,4.0000
918,3850371072,1375996928,15401484288,6630469632,3857903616,4.0000
919,3854565376,1359219712,15418261504,6634672128,3862106112,4.0000
920,3858759680,1342442496,15435038720,6638874624,3866308608,4.0000
921,3862953984,1325665280,15451815936,6643077120,3870511104,4.0000
922,3867148288,1308888064,15468593152,6647279616,3874713600,4.0000
923,3871342592,1292110848,15485370368,6651482112,3878916096,4.0000
924,3875536896,1275333632,15502147584,6655684608,3883118592,4.0000
925,3879731200,1258556416,15518924800,6659887104,3887321088,4.0000
926,3883925504,1241779200,15535702016,6664089600,3891523584,4.0000
927,3888119808,1225001984,15552479232,6668292096,3895726080,4.0000
928,3892314112,1208224768,15569256448,6672494592,3899928576,4.0000
929,3896508416,1191447552,15586033664,6676697088,3904131072,4.0000
930,3900702720,1174670336,15602810880,6680899584,3908333568,4.0000
931,3904897024,1157893120,15619588096,6685102080,3912536064,4.0000
932,3909091328,1141115904,15636365312,6689304576,3916738560,4.0000
933,3913285632,1124338688,15653142528,6693507072,3920941056,4.0000
934,3917479936,1107561472,15669919744,6697709568,3925143552,4.0000
935,3921674240,1090784256,15686696960,6701912064,3929346048,4.0000
936,3925868544,1074007040,15703474176,6706114560,3933548544,4.0000
937,3930062848,1057229824,15720251392,6710317056,3937751040,4.0000
938,3934257152,1000606720,15776874496,6714519552,3941953536,4.0101
939,3938451456,983829504,15793651712,6718722048,3946156032,4.0101
940,3942645760,967052288,15810428928,6722924544,3950358528,4.0101
941,3946840064,950275072,15827206144,6727127040,3954561024,4.0101
942,3951034368,933497856,15843983360,6731329536,3958763520,4.0101
943,3955228672,956566528,15820914688,6735532032,3962966016,4.0000
944,3959422976,939789312,15837691904,6739734528,3967168512,4.0000
945,3963617280,923012096,15854469120,6743937024,3971371008,4.0000
946,3967811584,906234880,15871246336,6748139520,3975573504,4.0000
947,3972005888,889457664,15888023552,6752342016,3979776000,4.0000
948,3976200192,872680448,15904800768,6756544512,3983978496,4.0000
949,3980394496,855903232,15921577984,6760747008,3988180992,4.0000
950,3984588800,839126016,15938355200,6764949504,3992383488,4.0000
951,3988783104,822348800,15955132416,6769152000,3996585984,4.0000
952,3992977408,805571584,15971909632,6773354496,4000788480,4.0000
953,3997171712,788794368,15988686848,6777556992,4004990976,4.0000
954,4001366016,772017152,16005464064,6781759488,4009193472,4.0000
955,4005560320,755239936,16022241280,6785961984,4013395968,4.0000
956,4009754624,738462720,16039018496,6790164480,4017598464,4.0000
957,4013948928,721685504,16055795712,6794366976,4021800960,4.0000
958,4018143232,704908288,16072572928,6798569472,4026003456,4.0000
959,4022337536,688131072,16089350144,6802771968,4030205952,4.0000
960,4026531840,671353856,16106127360,6806974464,4034408448,4.0000
961,4030726144,654576640,16122904576,6811176960,4038610944,4.0000
962,4034920448,637799424,16139681792,6815379456,4042813440,4.0000
963,4039114752,621022208,16156459008,6819581952,4047015936,4.0000
964,4043309056,604244992,16173236224,6823784448,4051218432,4.0000
965,4047503360,587467776,16190013440,6827986944,4055420928,4.0000
966,4051697664,570690560,16206790656,6832189440,4059623424,4.0000
967,4055891968,553913344,16223567872,6836391936,4063825920,4.0000
968,4060086272,497290240,16280190976,6840594432,4068028416,4.0098
969,4064280576,480513024,16296968192,6844796928,4072230912,4.0098
970,4068474880,463735808,16313745408,6848999424,4076433408,4.0098
971,4072669184,446958592,16330522624,6853201920,4080635904,4.0098
972,4076863488,430181376,16347299840,6857404416,4084838400,4.0098
973,4081057792,402918400,16374562816,6861606912,4089040896,4.0123
974,4085252096,428084224,16349396992,6865809408,4093243392,4.0021
975,4089446400,411307008,16366174208,6870011904,4097445888,4.0021
976,4093640704,394529792,16382951424,6874214400,4101648384,4.0020
977,4097835008,377752576,16399728640,6878416896,4105850880,4.0020
978,4102029312,369363968,16408117248,6882619392,4110053376,4.0000
979,4106223616,352586752,16424894464,6886821888,4114255872,4.0000
980,4110417920,335809536,16441671680,6891024384,4118458368,4.0000
981,4114612224,319032320,16458448896,6895226880,4122660864,4.0000
982,4118806528,302255104,16475226112,6899429376,4126863360,4.0000
983,4123000832,285477888,16492003328,6903631872,4131065856,4.0000
984,4127195136,268700672,16508780544,6907834368,4135268352,4.0000
985,4131389440,251923456,16525557760,6912036864,4139470848,4.0000
986,4135583744,235146240,16542334976,6916239360,4143673344,4.0000
987,4139778048,218369024,16559112192,6920441856,4147875840,4.0000
988,4143972352,201591808,16575889408,6924644352,4152078336,4.0000
989,4148166656,184814592,16592666624,6928846848,4156280832,4.0000
990,4152360960,168037376,16609443840,6933049344,4160483328,4.0000
991,4156555264,151260160,16626221056,6937251840,4164685824,4.0000
992,4160749568,134482944,16642998272,6941454336,4168888320,4.0000
993,4164943872,117705728,16659775488,6945656832,4173090816,4.0000
994,4169138176,100928512,16676552704,6949859328,4177293312,4.0000
995,4173332480,84151296,16693329920,6954061824,4181495808,4.0000
996,4177526784,67374080,16710107136,6958264320,4185698304,4.0000
997,4181721088,58985472,16718495744,6962466816,4189900800,3.9980
998,4185915392,58985472,16718495744,6966669312,4194103296,3.9940
999,4190109696,58985472,16718495744,6970871808,4198305792,3.9900
1000,4194304000,58985472,16718495744,6975074304,4202508288,3.9860
1001,4198498304,58985472,16718495744,6979276800,4206710784,3.9820
1002,4202692608,58985472,16718495744,6983479296,4210913280,3.9780
1003,4206886912,58985472,16718495744,6987681792,4215115776,3.9741
1004,4211081216,58985472,16718495744,6991884288,4219318272,3.9701
1005,4215275520,58985472,16718495744,6996086784,4223520768,3.9662
1006,4219469824,58985472,16718495744,7000289280,4227723264,3.9622
1007,4223664128,58985472,16718495744,7004491776,4231925760,3.9583
1008,4227858432,58985472,16718495744,7008694272,4236128256,3.9544
1009,4232052736,58985472,16718495744,7012896768,4240330752,3.9504
1010,4236247040,58985472,16718495744,7017099264,4244533248,3.9465
1011,4240441344,58985472,16718495744,7021301760,4248735744,3.9426
1012,4244635648,58985472,16718495744,7025504256,4252938240,3.9387
1013,4248829952,58985472,16718495744,7029706752,4257140736,3.9348
1014,4253024256,58985472,16718495744,7033909248,4261343232,3.9310
1015,4257218560,58985472,16718495744,7038111744,4265545728,3.9271
1016,4261412864,58985472,16718495744,7042314240,4269748224,3.9232
1017,4265607168,58985472,16718495744,7046516736,4273950720,3.9194
1018,4269801472,58985472,16718495744,7050719232,4278153216,3.9155
1019,4273995776,58985472,16718495744,7054921728,4282355712,3.9117
1020,4278190080,58985472,16718495744,7059124224,4286558208,3.9078
1021,4282384384,58985472,16718495744,7063326720,4290760704,3.9040
1022,4286578688,58985472,16718495744,7067529216,4294963200,3.9002
1023,4290772992,58985472,16718495744,7071735808,4299169792,3.8964
1024,4294967296,58985472,16718495744,7075938304,4303372288,3.8926
1025,4299161600,58985472,16718495744,7080140800,4307574784,3.8888
1026,4303355904,58985472,16718495744,7084343296,4311777280,3.8850
1027,4307550208,58985472,16718495744,7088545792,4315979776,3.8812
1028,4311744512,58985472,16718495744,7092748288,4320182272,3.8774
1029,4315938816,58985472,16718495744,7096950784,4324384768,3.8737
1030,4320133120,58985472,16718495744,7101153280,4328587264,3.8699
1031,4324327424,58985472,16718495744,7105355776,4332789760,3.8661
1032,4328521728,58985472,16718495744,7109558272,4336992256,3.8624
1033,4332716032,58985472,16718495744,7113760768,4341194752,3.8587
1034,4336910336,58985472,16718495744,7117963264,4345397248,3.8549
1035,4341104640,58985472,16718495744,7122165760,4349599744,3.8512
1036,4345298944,58985472,16718495744,7126368256,4353802240,3.8475
1037,4349493248,58985472,16718495744,7130570752,4358004736,3.8438
1038,4353687552,58985472,16718495744,7134773248,4362207232,3.8401
1039,4357881856,58985472,16718495744,7138975744,4366409728,3.8364
1040,4362076160,58985472,16718495744,7143178240,4370612224,3.8327
1041,4366270464,58985472,16718495744,7147380736,4374814720,3.8290
1042,4370464768,58985472,16718495744,7151583232,4379017216,3.8253
1043,4374659072,58985472,16718495744,7155785728,4383219712,3.8217
1044,4378853376,58985472,16718495744,7159988224,4387422208,3.8180
1045,4383047680,58985472,16718495744,7164190720,4391624704,3.8144
1046,4387241984,58985472,16718495744,7168393216,4395827200,3.8107
1047,4391436288,58985472,16718495744,7172595712,4400029696,3.8071
1048,4395630592,58985472,16718495744,7176798208,4404232192,3.8034
1049,4399824896,58985472,16718495744,7181000704,4408434688,3.7998
1050,4404019200,58985472,16718495744,7185203200,4412637184,3.7962
1051,4408213504,58985472,16718495744,7189405696,4416839680,3.7926
1052,4412407808,58985472,16718495744,7193608192,4421042176,3.7890
1053,4416602112,58985472,16718495744,7197810688,4425244672,3.7854
1054,4420796416,58985472,16718495744,7202013184,4429447168,3.7818
1055,4424990720,58985472,16718495744,7206215680,4433649664,3.7782
1056,4429185024,58985472,16718495744,7210418176,4437852160,3.7746
1057,4433379328,58985472,16718495744,7214620672,4442054656,3.7711
1058,4437573632,58985472,16718495744,7218823168,4446257152,3.7675
1059,4441767936,58985472,16718495744,7223025664,4450459648,3.7639
1060,4445962240,58985472,16718495744,7227228160,4454662144,3.7604
1061,4450156544,58985472,16718495744,7231430656,4458864640,3.7568
1062,4454350848,58985472,16718495744,7235633152,4463067136,3.7533
1063,4458545152,58985472,16718495744,7239835648,4467269632,3.7498
1064,4462739456,58985472,16718495744,7244038144,4471472128,3.7462
1065,4466933760,58985472,16718495744,7248240640,4475674624,3.7427
1066,4471128064,58985472,16718495744,7252443136,4479877120,3.7392
1067,4475322368,58985472,16718495744,7256645632,4484079616,3.7357
1068,4479516672,58985472,16718495744,7260848128,4488282112,3.7322
1069,4483710976,58985472,16718495744,7265050624,4492484608,3.7287
1070,4487905280,58985472,16718495744,7269253120,4496687104,3.7252
1071,4492099584,58985472,16718495744,7273455616,4500889600,3.7218
1072,4496293888,58985472,16718495744,7277658112,4505092096,3.7183
1073,4500488192,58985472,16718495744,7281860608,4509294592,3.7148
1074,4504682496,58985472,16718495744,7286063104,4513497088,3.7114
1075,4508876800,58985472,16718495744,7290265600,4517699584,3.7079
1076,4513071104,58985472,16718495744,7294468096,4521902080,3.7045
1077,4517265408,58985472,16718495744,7298670592,4526104576,3.7010
1078,4521459712,58985472,16718495744,7302873088,4530307072,3.6976
1079,4525654016,58985472,16718495744,7307075584,4534509568,3.6942
1080,4529848320,58985472,16718495744,7311278080,4538712064,3.6907
1081,4534042624,58985472,16718495744,7315480576,4542914560,3.6873
1082,4538236928,58985472,16718495744,7319683072,4547117056,3.6839
1083,4542431232,58985472,16718495744,7323885568,4551319552,3.6805
1084,4546625536,58985472,16718495744,7328088064,4555522048,3.6771
1085,4550819840,58985472,16718495744,7332290560,4559724544,3.6737
1086,4555014144,58985472,16718495744,7336493056,4563927040,3.6703
1087,4559208448,58985472,16718495744,7340695552,4568129536,3.6670
1088,4563402752,58985472,16718495744,7344898048,4572332032,3.6636
1089,4567597056,58985472,16718495744,7349100544,4576534528,3.6602
1090,4571791360,58985472,16718495744,7353303040,4580737024,3.6569
1091,4575985664,58985472,16718495744,7357505536,4584939520,3.6535
1092,4580179968,58985472,16718495744,7361708032,4589142016,3.6502
1093,4584374272,58985472,16718495744,7365910528,4593344512,3.6468
1094,4588568576,58985472,16718495744,7370113024,4597547008,3.6435
1095,4592762880,58985472,16718495744,7374315520,4601749504,3.6402
1096,4596957184,58985472,16718495744,7378518016,4605952000,3.6369
1097,4601151488,58985472,16718495744,7382720512,4610154496,3.6335
1098,4605345792,58985472,16718495744,7386923008,4614356992,3.6302
1099,4609540096,58985472,16718495744,7391125504,4618559488,3.6269
1100,4613734400,58985472,16718495744,7395328000,4622761984,3.6236
1101,4617928704,58985472,16718495744,7399530496,4626964480,3.6203
1102,4622123008,58985472,16718495744,7403732992,4631166976,3.6171
1103,4626317312,58985472,16718495744,7407935488,4635369472,3.6138
1104,4630511616,58985472,16718495744,7412137984,4639571968,3.6105
1105,4634705920,58985472,16718495744,7416340480,4643774464,3.6072
1106,4638900224,58985472,16718495744,7420542976,4647976960,3.6040
1107,4643094528,58985472,16718495744,7424745472,4652179456,3.6007
1108,4647288832,58985472,16718495744,7428947968,4656381952,3.5975
1109,4651483136,58985472,16718495744,7433150464,4660584448,3.5942
1110,4655677440,58985472,16718495744,7437352960,4664786944,3.5910
1111,4659871744,58985472,16718495744,7441555456,4668989440,3.5878
1112,4664066048,58985472,16718495744,7445757952,4673191936,3.5845
1113,4668260352,58985472,16718495744,7449960448,4677394432,3.5813
1114,4672454656,58985472,16718495744,7454162944,4681596928,3.5781
1115,4676648960,58985472,16718495744,7458365440,4685799424,3.5749
1116,4680843264,58985472,16718495744,7462567936,4690001920,3.5717
1117,4685037568,58985472,16718495744,7466770432,4694204416,3.5685
1118,4689231872,58985472,16718495744,7470972928,4698406912,3.5653
1119,4693426176,58985472,16718495744,7475175424,4702609408,3.5621
1120,4697620480,58985472,16718495744,7479377920,4706811904,3.5589
1121,4701814784,58985472,16718495744,7483580416,4711014400,3.5558
1122,4706009088,58985472,16718495744,7487782912,4715216896,3.5526
1123,4710203392,58985472,16718495744,7491985408,4719419392,3.5494
1124,4714397696,58985472,16718495744,7496187904,4723621888,3.5463
1125,4718592000,58985472,16718495744,7500390400,4727824384,3.5431
1126,4722786304,58985472,16718495744,7504592896,4732026880,3.5400
1127,4726980608,58985472,16718495744,7508795392,4736229376,3.5368
1128,4731174912,58985472,16718495744,7512997888,4740431872,3.5337
1129,4735369216,58985472,16718495744,7517200384,4744634368,3.5306
1130,4739563520,58985472,16718495744,7521402880,4748836864,3.5274
1131,4743757824,58985472,16718495744,7525605376,4753039360,3.5243
1132,4747952128,58985472,16718495744,7529807872,4757241856,3.5212
1133,4752146432,58985472,16718495744,7534010368,4761444352,3.5181
1134,4756340736,58985472,16718495744,7538212864,4765646848,3.5150
1135,4760535040,58985472,16718495744,7542415360,4769849344,3.5119
1136,4764729344,58985472,16718495744,7546617856,4774051840,3.5088
1137,4768923648,58985472,16718495744,7550820352,4778254336,3.5057
1138,4773117952,58985472,16718495744,7555022848,4782456832,3.5026
1139,4777312256,58985472,16718495744,7559225344,4786659328,3.4996
1140,4781506560,58985472,16718495744,7563427840,4790861824,3.4965
1141,4785700864,58985472,16718495744,7567630336,4795064320,3.4934
1142,4789895168,58985472,16718495744,7571832832,4799266816,3.4904
1143,4794089472,58985472,16718495744,7576035328,4803469312,3.4873
1144,4798283776,58985472,16718495744,7580237824,4807671808,3.4843
1145,4802478080,58985472,16718495744,7584440320,4811874304,3.4812
1146,4806672384,58985472,16718495744,7588642816,4816076800,3.4782
1147,4810866688,58985472,16718495744,7592845312,4820279296,3.4752
1148,4815060992,58985472,16718495744,7597047808,4824481792,3.4721
1149,4819255296,58985472,16718495744,7601250304,4828684288,3.4691
1150,4823449600,58985472,16718495744,7605452800,4832886784,3.4661
1151,4827643904,58985472,16718495744,7609655296,4837089280,3.4631
1152,4831838208,58985472,16718495744,7613857792,4841291776,3.4601
1153,4836032512,58985472,16718495744,7618060288,4845494272,3.4571
1154,4840226816,58985472,16718495744,7622262784,4849696768,3.4541
1155,4844421120,58985472,16718495744,7626465280,4853899264,3.4511
1156,4848615424,58985472,16718495744,7630667776,4858101760,3.4481
1157,4852809728,58985472,16718495744,7634870272,4862304256,3.4451
1158,4857004032,58985472,16718495744,7639072768,4866506752,3.4421
1159,4861198336,58985472,16718495744,7643275264,4870709248,3.4392
1160,4865392640,58985472,16718495744,7647477760,4874911744,3.4362
1161,4869586944,58985472,16718495744,7651680256,4879114240,3.4332
1162,4873781248,58985472,16718495744,7655882752,4883316736,3.4303
1163,4877975552,58985472,16718495744,7660085248,4887519232,3.4273
1164,4882169856,58985472,16718495744,7664287744,4891721728,3.4244
1165,4886364160,58985472,16718495744,7668490240,4895924224,3.4215
1166,4890558464,58985472,16718495744,7672692736,4900126720,3.4185
1167,4894752768,58985472,16718495744,7676895232,4904329216,3.4156
1168,4898947072,58985472,16718495744,7681097728,4908531712,3.4127
1169,4903141376,58985472,16718495744,7685300224,4912734208,3.4098
1170,4907335680,58985472,16718495744,7689502720,4916936704,3.4068
1171,4911529984,58985472,16718495744,7693705216,4921139200,3.4039
1172,4915724288,58985472,16718495744,7697907712,4925341696,3.4010
1173,4919918592,58985472,16718495744,7702110208,4929544192,3.3981
1174,4924112896,58985472,16718495744,7706312704,4933746688,3.3952
1175,4928307200,58985472,16718495744,7710515200,4937949184,3.3923
1176,4932501504,58985472,16718495744,7714717696,4942151680,3.3895
1177,4936695808,58985472,16718495744,7718920192,4946354176,3.3866
1178,4940890112,58985472,16718495744,7723122688,4950556672,3.3837
1179,4945084416,58985472,16718495744,7727325184,4954759168,3.3808
1180,4949278720,58985472,16718495744,7731527680,4958961664,3.3780
1181,4953473024,58985472,16718495744,7735730176,4963164160,3.3751
1182,4957667328,58985472,16718495744,7739932672,4967366656,3.3723
1183,4961861632,58985472,16718495744,7744135168,4971569152,3.3694
1184,4966055936,58985472,16718495744,7748337664,4975771648,3.3666
1185,4970250240,58985472,16718495744,7752540160,4979974144,3.3637
1186,4974444544,58985472,16718495744,7756742656,4984176640,3.3609
1187,4978638848,58985472,16718495744,7760945152,4988379136,3.3580
1188,4982833152,58985472,16718495744,7765147648,4992581632,3.3552
1189,4987027456,58985472,16718495744,7769350144,4996784128,3.3524
1190,4991221760,58985472,16718495744,7773552640,5000986624,3.3496
1191,4995416064,58985472,16718495744,7777755136,5005189120,3.3468
1192,4999610368,58985472,16718495744,7781957632,5009391616,3.3440
1193,5003804672,58985472,16718495744,7786160128,5013594112,3.3412
1194,5007998976,58985472,16718495744,7790362624,5017796608,3.3384
1195,5012193280,58985472,16718495744,7794565120,5021999104,3.3356
1196,5016387584,58985472,16718495744,7798767616,5026201600,3.3328
1197,5020581888,58985472,16718495744,7802970112,5030404096,3.3300
1198,5024776192,58985472,16718495744,7807172608,5034606592,3.3272
1199,5028970496,58985472,16718495744,7811375104,5038809088,3.3244
1200,5033164800,58985472,16718495744,7815577600,5043011584,3.3217
