2026/10/06 10:57:10.729, 0, 1063 MHz, 13051 MiB, 29.27 W
2026/10/06 10:57:10.734, 1, 1063 MHz, 13399 MiB, 30.25 W
2026/10/06 10:57:10.737, 2, 1063 MHz, 15475 MiB, 27.58 W
2026/10/06 10:57:10.740, 3, 1063 MHz, 15819 MiB, 28.53 W
2026/10/06 10:57:11.743, 0, 1063 MHz, 13129 MiB, 29.51 W
2026/10/06 10:57:11.746, 1, 1063 MHz, 13399 MiB, 30.49 W
2026/10/06 10:57:11.749, 2, 1063 MHz, 15475 MiB, 27.58 W
2026/10/06 10:57:11.752, 3, 1063 MHz, 15819 MiB, 28.53 W
2026/10/06 10:57:12.755, 0, 1063 MHz, 13215 MiB, 140.81 W
2026/10/06 10:57:12.758, 1, 1063 MHz, 13399 MiB, 30.45 W
2026/10/06 10:57:12.761, 2, 1063 MHz, 15475 MiB, 27.56 W
2026/10/06 10:57:12.768, 3, 1063 MHz, 15819 MiB, 28.51 W
2026/10/06 10:57:13.774, 0, 1063 MHz, 13215 MiB, 91.89 W
2026/10/06 10:57:13.777, 1, 1063 MHz, 13399 MiB, 30.47 W
2026/10/06 10:57:13.779, 2, 1063 MHz, 15475 MiB, 27.56 W
2026/10/06 10:57:13.782, 3, 1063 MHz, 15819 MiB, 28.52 W
2026/10/06 10:57:14.785, 0, 1063 MHz, 13215 MiB, 95.98 W
2026/10/06 10:57:14.788, 1, 1063 MHz, 13399 MiB, 30.47 W
2026/10/06 10:57:14.791, 2, 1063 MHz, 15475 MiB, 27.56 W
2026/10/06 10:57:14.794, 3, 1063 MHz, 15819 MiB, 28.52 W
2026/10/06 10:57:15.799, 0, 1063 MHz, 13215 MiB, 93.87 W
2026/10/06 10:57:15.802, 1, 1063 MHz, 13399 MiB, 30.47 W
2026/10/06 10:57:15.805, 2, 1063 MHz, 15475 MiB, 27.56 W
2026/10/06 10:57:15.808, 3, 1063 MHz, 15819 MiB, 28.52 W
2026/10/06 10:57:16.813, 0, 1063 MHz, 13215 MiB, 30.46 W
2026/10/06 10:57:16.817, 1, 1063 MHz, 13477 MiB, 123.51 W
2026/10/06 10:57:16.819, 2, 1063 MHz, 15475 MiB, 27.56 W
2026/10/06 10:57:16.825, 3, 1063 MHz, 15819 MiB, 28.51 W
2026/10/06 10:57:17.828, 0, 1063 MHz, 13215 MiB, 29.98 W
2026/10/06 10:57:17.831, 1, 1063 MHz, 13477 MiB, 120.14 W
2026/10/06 10:57:17.836, 2, 1063 MHz, 15475 MiB, 27.56 W
2026/10/06 10:57:17.839, 3, 1063 MHz, 15819 MiB, 28.51 W
2026/10/06 10:57:18.842, 0, 1063 MHz, 13215 MiB, 29.50 W
2026/10/06 10:57:18.845, 1, 1063 MHz, 13477 MiB, 143.40 W
2026/10/06 10:57:18.854, 2, 1063 MHz, 15475 MiB, 27.56 W
2026/10/06 10:57:18.857, 3, 1063 MHz, 15819 MiB, 28.51 W
2026/10/06 10:57:19.860, 0, 1063 MHz, 13215 MiB, 29.50 W
2026/10/06 10:57:19.863, 1, 1063 MHz, 13477 MiB, 107.45 W
2026/10/06 10:57:19.866, 2, 1063 MHz, 15475 MiB, 27.56 W
2026/10/06 10:57:19.869, 3, 1063 MHz, 15819 MiB, 28.52 W
2026/10/06 10:57:20.874, 0, 1063 MHz, 13215 MiB, 29.50 W
2026/10/06 10:57:20.875, 1, 1063 MHz, 13477 MiB, 102.40 W
2026/10/06 10:57:20.878, 2, 1063 MHz, 15475 MiB, 27.56 W
2026/10/06 10:57:20.883, 3, 1063 MHz, 15819 MiB, 28.51 W
2026/10/06 10:57:21.886, 0, 1063 MHz, 13215 MiB, 29.51 W
2026/10/06 10:57:21.889, 1, 1063 MHz, 13477 MiB, 30.71 W
2026/10/06 10:57:21.892, 2, 1063 MHz, 15553 MiB, 94.92 W
2026/10/06 10:57:21.895, 3, 1063 MHz, 15819 MiB, 28.52 W
2026/10/06 10:57:22.898, 0, 1063 MHz, 13215 MiB, 29.51 W
2026/10/06 10:57:22.901, 1, 1063 MHz, 13477 MiB, 30.69 W
2026/10/06 10:57:22.909, 2, 1063 MHz, 15553 MiB, 108.11 W
2026/10/06 10:57:22.912, 3, 1063 MHz, 15819 MiB, 28.53 W
2026/10/06 10:57:23.915, 0, 1063 MHz, 13215 MiB, 29.51 W
2026/10/06 10:57:23.918, 1, 1063 MHz, 13477 MiB, 30.71 W
2026/10/06 10:57:23.921, 2, 1063 MHz, 15553 MiB, 137.78 W
2026/10/06 10:57:23.924, 3, 1063 MHz, 15819 MiB, 28.52 W
2026/10/06 10:57:24.929, 0, 1063 MHz, 13215 MiB, 29.51 W
2026/10/06 10:57:24.932, 1, 1063 MHz, 13477 MiB, 30.71 W
2026/10/06 10:57:24.935, 2, 1063 MHz, 15553 MiB, 118.39 W
2026/10/06 10:57:24.940, 3, 1063 MHz, 15819 MiB, 28.52 W
2026/10/06 10:57:25.943, 0, 1063 MHz, 13215 MiB, 29.51 W
2026/10/06 10:57:25.947, 1, 1063 MHz, 13477 MiB, 30.47 W
2026/10/06 10:57:25.954, 2, 1063 MHz, 15553 MiB, 28.05 W
2026/10/06 10:57:25.957, 3, 1063 MHz, 15897 MiB, 105.46 W
2026/10/06 10:57:26.960, 0, 1063 MHz, 13215 MiB, 29.51 W
2026/10/06 10:57:26.963, 1, 1063 MHz, 13477 MiB, 30.47 W
2026/10/06 10:57:26.966, 2, 1063 MHz, 15553 MiB, 27.80 W
2026/10/06 10:57:26.971, 3, 1063 MHz, 15897 MiB, 102.87 W
2026/10/06 10:57:27.974, 0, 1063 MHz, 13215 MiB, 29.51 W
2026/10/06 10:57:27.977, 1, 1063 MHz, 13477 MiB, 30.47 W
2026/10/06 10:57:27.979, 2, 1063 MHz, 15553 MiB, 27.80 W
2026/10/06 10:57:27.985, 3, 1063 MHz, 15897 MiB, 130.58 W
2026/10/06 10:57:28.989, 0, 1063 MHz, 13215 MiB, 29.50 W
2026/10/06 10:57:28.992, 1, 1063 MHz, 13477 MiB, 30.45 W
2026/10/06 10:57:28.995, 2, 1063 MHz, 15553 MiB, 27.80 W
2026/10/06 10:57:28.998, 3, 1063 MHz, 15897 MiB, 145.65 W
2026/10/06 10:57:30.001, 0, 1063 MHz, 13215 MiB, 29.51 W
2026/10/06 10:57:30.005, 1, 1063 MHz, 13477 MiB, 30.70 W
2026/10/06 10:57:30.008, 2, 1063 MHz, 15553 MiB, 27.80 W
2026/10/06 10:57:30.011, 3, 1063 MHz, 15897 MiB, 94.69 W
2026/10/06 10:57:31.014, 0, 1063 MHz, 13229 MiB, 29.75 W
2026/10/06 10:57:31.017, 1, 1063 MHz, 13491 MiB, 32.38 W
2026/10/06 10:57:31.020, 2, 1063 MHz, 15567 MiB, 36.25 W
2026/10/06 10:57:31.023, 3, 1063 MHz, 15915 MiB, 83.16 W
2026/10/06 10:57:32.026, 0, 1063 MHz, 13233 MiB, 35.79 W
2026/10/06 10:57:32.029, 1, 1063 MHz, 13495 MiB, 54.34 W
2026/10/06 10:57:32.032, 2, 1063 MHz, 15571 MiB, 66.37 W
2026/10/06 10:57:32.035, 3, 1063 MHz, 15921 MiB, 29.72 W
2026/10/06 10:57:33.038, 0, 1063 MHz, 13237 MiB, 55.29 W
2026/10/06 10:57:33.043, 1, 1063 MHz, 13499 MiB, 32.87 W
2026/10/06 10:57:33.046, 2, 1063 MHz, 15575 MiB, 30.70 W
2026/10/06 10:57:33.049, 3, 1063 MHz, 15929 MiB, 42.26 W
2026/10/06 10:57:34.052, 0, 1063 MHz, 13237 MiB, 79.15 W
2026/10/06 10:57:34.055, 1, 1063 MHz, 13499 MiB, 38.90 W
2026/10/06 10:57:34.058, 2, 1063 MHz, 15575 MiB, 28.77 W
2026/10/06 10:57:34.061, 3, 1063 MHz, 15929 MiB, 35.03 W
2026/10/06 10:57:35.064, 0, 1063 MHz, 13237 MiB, 63.75 W
2026/10/06 10:57:35.067, 1, 1063 MHz, 13499 MiB, 31.43 W
2026/10/06 10:57:35.070, 2, 1063 MHz, 15575 MiB, 29.25 W
2026/10/06 10:57:35.073, 3, 1063 MHz, 15929 MiB, 41.53 W
2026/10/06 10:57:36.077, 0, 1063 MHz, 13237 MiB, 55.81 W
2026/10/06 10:57:36.081, 1, 1063 MHz, 13499 MiB, 67.10 W
2026/10/06 10:57:36.084, 2, 1063 MHz, 15575 MiB, 28.53 W
2026/10/06 10:57:36.087, 3, 1063 MHz, 15929 MiB, 31.90 W
2026/10/06 10:57:37.090, 0, 1063 MHz, 13237 MiB, 30.46 W
2026/10/06 10:57:37.093, 1, 1063 MHz, 13499 MiB, 31.90 W
2026/10/06 10:57:37.096, 2, 1063 MHz, 15575 MiB, 30.70 W
2026/10/06 10:57:37.100, 3, 1063 MHz, 15929 MiB, 61.55 W
2026/10/06 10:57:38.104, 0, 1063 MHz, 13237 MiB, 53.37 W
2026/10/06 10:57:38.107, 1, 1063 MHz, 13499 MiB, 64.41 W
2026/10/06 10:57:38.109, 2, 1063 MHz, 15575 MiB, 28.55 W
2026/10/06 10:57:38.112, 3, 1063 MHz, 15929 MiB, 33.33 W
2026/10/06 10:57:39.115, 0, 1063 MHz, 13237 MiB, 37.47 W
2026/10/06 10:57:39.121, 1, 1063 MHz, 13499 MiB, 32.38 W
2026/10/06 10:57:39.124, 2, 1063 MHz, 15575 MiB, 31.19 W
2026/10/06 10:57:39.127, 3, 1063 MHz, 15929 MiB, 53.85 W
2026/10/06 10:57:40.130, 0, 1063 MHz, 13237 MiB, 115.67 W
2026/10/06 10:57:40.133, 1, 1063 MHz, 13499 MiB, 30.70 W
2026/10/06 10:57:40.136, 2, 1063 MHz, 15575 MiB, 27.80 W
2026/10/06 10:57:40.139, 3, 1063 MHz, 15929 MiB, 28.75 W
2026/10/06 10:57:41.144, 0, 1063 MHz, 13237 MiB, 96.47 W
2026/10/06 10:57:41.147, 1, 1063 MHz, 13499 MiB, 30.71 W
2026/10/06 10:57:41.150, 2, 1063 MHz, 15575 MiB, 27.80 W
2026/10/06 10:57:41.153, 3, 1063 MHz, 15929 MiB, 28.75 W
2026/10/06 10:57:42.156, 0, 1063 MHz, 13237 MiB, 97.91 W
2026/10/06 10:57:42.161, 1, 1063 MHz, 13499 MiB, 30.70 W
2026/10/06 10:57:42.164, 2, 1063 MHz, 15575 MiB, 27.80 W
2026/10/06 10:57:42.167, 3, 1063 MHz, 15929 MiB, 28.75 W
2026/10/06 10:57:43.170, 0, 1063 MHz, 13237 MiB, 96.22 W
2026/10/06 10:57:43.173, 1, 1063 MHz, 13499 MiB, 30.71 W
2026/10/06 10:57:43.179, 2, 1063 MHz, 15575 MiB, 27.80 W
2026/10/06 10:57:43.184, 3, 1063 MHz, 15929 MiB, 28.75 W
2026/10/06 10:57:44.187, 0, 1063 MHz, 13237 MiB, 30.70 W
2026/10/06 10:57:44.190, 1, 1063 MHz, 13499 MiB, 116.53 W
2026/10/06 10:57:44.193, 2, 1063 MHz, 15575 MiB, 27.80 W
2026/10/06 10:57:44.196, 3, 1063 MHz, 15929 MiB, 28.99 W
2026/10/06 10:57:45.199, 0, 1063 MHz, 13237 MiB, 29.98 W
2026/10/06 10:57:45.203, 1, 1063 MHz, 13499 MiB, 114.67 W
2026/10/06 10:57:45.206, 2, 1063 MHz, 15575 MiB, 27.80 W
2026/10/06 10:57:45.209, 3, 1063 MHz, 15929 MiB, 28.99 W
2026/10/06 10:57:46.212, 0, 1063 MHz, 13237 MiB, 29.98 W
2026/10/06 10:57:46.215, 1, 1063 MHz, 13499 MiB, 136.18 W
2026/10/06 10:57:46.220, 2, 1063 MHz, 15575 MiB, 27.80 W
2026/10/06 10:57:46.225, 3, 1063 MHz, 15929 MiB, 28.75 W
2026/10/06 10:57:47.229, 0, 1063 MHz, 13237 MiB, 29.75 W
2026/10/06 10:57:47.233, 1, 1063 MHz, 13499 MiB, 100.29 W
2026/10/06 10:57:47.240, 2, 1063 MHz, 15575 MiB, 27.80 W
2026/10/06 10:57:47.246, 3, 1063 MHz, 15929 MiB, 28.75 W
2026/10/06 10:57:48.249, 0, 1063 MHz, 13237 MiB, 29.74 W
2026/10/06 10:57:48.252, 1, 1063 MHz, 13499 MiB, 102.93 W
2026/10/06 10:57:48.255, 2, 1063 MHz, 15575 MiB, 27.80 W
2026/10/06 10:57:48.258, 3, 1063 MHz, 15929 MiB, 28.75 W
2026/10/06 10:57:49.262, 0, 1063 MHz, 13237 MiB, 29.76 W
2026/10/06 10:57:49.265, 1, 1063 MHz, 13499 MiB, 30.95 W
2026/10/06 10:57:49.269, 2, 1063 MHz, 15575 MiB, 96.66 W
2026/10/06 10:57:49.275, 3, 1063 MHz, 15929 MiB, 28.77 W
2026/10/06 10:57:50.280, 0, 1063 MHz, 13237 MiB, 29.74 W
2026/10/06 10:57:50.283, 1, 1063 MHz, 13499 MiB, 30.95 W
2026/10/06 10:57:50.286, 2, 1063 MHz, 15575 MiB, 111.94 W
2026/10/06 10:57:50.289, 3, 1063 MHz, 15929 MiB, 28.75 W
2026/10/06 10:57:51.294, 0, 1063 MHz, 13237 MiB, 29.74 W
2026/10/06 10:57:51.297, 1, 1063 MHz, 13499 MiB, 30.95 W
2026/10/06 10:57:51.302, 2, 1063 MHz, 15575 MiB, 133.23 W
2026/10/06 10:57:51.305, 3, 1063 MHz, 15929 MiB, 28.75 W
2026/10/06 10:57:52.308, 0, 1063 MHz, 13237 MiB, 29.76 W
2026/10/06 10:57:52.313, 1, 1063 MHz, 13499 MiB, 30.95 W
2026/10/06 10:57:52.318, 2, 1063 MHz, 15575 MiB, 122.24 W
2026/10/06 10:57:52.321, 3, 1063 MHz, 15929 MiB, 28.75 W
2026/10/06 10:57:53.324, 0, 1063 MHz, 13237 MiB, 29.76 W
2026/10/06 10:57:53.327, 1, 1063 MHz, 13499 MiB, 30.95 W
2026/10/06 10:57:53.333, 2, 1063 MHz, 15575 MiB, 28.05 W
2026/10/06 10:57:53.339, 3, 1063 MHz, 15929 MiB, 94.25 W
2026/10/06 10:57:54.342, 0, 1063 MHz, 13237 MiB, 29.74 W
2026/10/06 10:57:54.345, 1, 1063 MHz, 13499 MiB, 30.94 W
2026/10/06 10:57:54.348, 2, 1063 MHz, 15575 MiB, 28.05 W
2026/10/06 10:57:54.351, 3, 1063 MHz, 15929 MiB, 111.47 W
2026/10/06 10:57:55.356, 0, 1063 MHz, 13237 MiB, 29.74 W
2026/10/06 10:57:55.359, 1, 1063 MHz, 13499 MiB, 30.71 W
2026/10/06 10:57:55.362, 2, 1063 MHz, 15575 MiB, 28.05 W
2026/10/06 10:57:55.364, 3, 1063 MHz, 15929 MiB, 119.35 W
2026/10/06 10:57:56.372, 0, 1063 MHz, 13237 MiB, 29.51 W
2026/10/06 10:57:56.375, 1, 1063 MHz, 13499 MiB, 30.95 W
2026/10/06 10:57:56.378, 2, 1063 MHz, 15575 MiB, 27.80 W
2026/10/06 10:57:56.381, 3, 1063 MHz, 15929 MiB, 105.20 W
2026/10/06 10:57:57.384, 0, 1063 MHz, 13237 MiB, 29.50 W
2026/10/06 10:57:57.391, 1, 1063 MHz, 13499 MiB, 30.95 W
2026/10/06 10:57:57.394, 2, 1063 MHz, 15575 MiB, 27.80 W
2026/10/06 10:57:57.397, 3, 1063 MHz, 15929 MiB, 94.44 W
2026/10/06 10:57:58.400, 0, 1063 MHz, 13237 MiB, 30.48 W
2026/10/06 10:57:58.403, 1, 1063 MHz, 13499 MiB, 33.36 W
2026/10/06 10:57:58.406, 2, 1063 MHz, 15575 MiB, 36.27 W
2026/10/06 10:57:58.409, 3, 1063 MHz, 15929 MiB, 95.45 W
2026/10/06 10:57:59.412, 0, 1063 MHz, 13237 MiB, 43.27 W
2026/10/06 10:57:59.415, 1, 1063 MHz, 13499 MiB, 79.16 W
2026/10/06 10:57:59.418, 2, 1063 MHz, 15575 MiB, 35.03 W
2026/10/06 10:57:59.421, 3, 1063 MHz, 15929 MiB, 30.69 W
2026/10/06 10:58:00.424, 0, 1063 MHz, 13237 MiB, 32.16 W
2026/10/06 10:58:00.429, 1, 1063 MHz, 13499 MiB, 33.59 W
2026/10/06 10:58:00.432, 2, 1063 MHz, 15575 MiB, 32.88 W
2026/10/06 10:58:00.435, 3, 1063 MHz, 15929 MiB, 53.61 W
2026/10/06 10:58:01.438, 0, 1063 MHz, 13237 MiB, 30.46 W
2026/10/06 10:58:01.441, 1, 1063 MHz, 13499 MiB, 32.62 W
2026/10/06 10:58:01.444, 2, 1063 MHz, 15575 MiB, 34.33 W
2026/10/06 10:58:01.447, 3, 1063 MHz, 15929 MiB, 87.22 W
2026/10/06 10:58:02.450, 0, 1063 MHz, 13237 MiB, 32.17 W
2026/10/06 10:58:02.453, 1, 1063 MHz, 13499 MiB, 39.63 W
2026/10/06 10:58:02.456, 2, 1063 MHz, 15575 MiB, 60.10 W
2026/10/06 10:58:02.459, 3, 1063 MHz, 15929 MiB, 60.86 W
2026/10/06 10:58:03.462, 0, 1063 MHz, 13237 MiB, 34.10 W
2026/10/06 10:58:03.467, 1, 1063 MHz, 13499 MiB, 38.19 W
2026/10/06 10:58:03.470, 2, 1063 MHz, 15575 MiB, 41.08 W
2026/10/06 10:58:03.473, 3, 1063 MHz, 15929 MiB, 69.51 W
2026/10/06 10:58:04.476, 0, 1063 MHz, 13237 MiB, 60.38 W
2026/10/06 10:58:04.480, 1, 1063 MHz, 13499 MiB, 31.66 W
2026/10/06 10:58:04.483, 2, 1063 MHz, 15575 MiB, 29.74 W
2026/10/06 10:58:04.486, 3, 1063 MHz, 15929 MiB, 40.57 W
2026/10/06 10:58:05.491, 0, 1063 MHz, 13237 MiB, 30.94 W
2026/10/06 10:58:05.494, 1, 1063 MHz, 13499 MiB, 32.88 W
2026/10/06 10:58:05.497, 2, 1063 MHz, 15575 MiB, 32.40 W
2026/10/06 10:58:05.500, 3, 1063 MHz, 15929 MiB, 82.93 W
2026/10/06 10:58:06.503, 0, 1063 MHz, 13237 MiB, 37.23 W
2026/10/06 10:58:06.507, 1, 1063 MHz, 13499 MiB, 46.40 W
2026/10/06 10:58:06.510, 2, 1063 MHz, 15575 MiB, 61.55 W
2026/10/06 10:58:06.513, 3, 1063 MHz, 15929 MiB, 47.33 W
2026/10/06 10:58:07.516, 0, 1063 MHz, 13237 MiB, 33.37 W
2026/10/06 10:58:07.519, 1, 1063 MHz, 13499 MiB, 36.51 W
2026/10/06 10:58:07.522, 2, 1063 MHz, 15575 MiB, 38.90 W
2026/10/06 10:58:07.525, 3, 1063 MHz, 15929 MiB, 74.29 W
2026/10/06 10:58:08.528, 0, 1063 MHz, 13237 MiB, 102.49 W
2026/10/06 10:58:08.531, 1, 1063 MHz, 13499 MiB, 30.95 W
2026/10/06 10:58:08.534, 2, 1063 MHz, 15575 MiB, 28.05 W
2026/10/06 10:58:08.537, 3, 1063 MHz, 15929 MiB, 29.24 W
2026/10/06 10:58:09.544, 0, 1063 MHz, 13237 MiB, 142.49 W
2026/10/06 10:58:09.549, 1, 1063 MHz, 13499 MiB, 30.93 W
2026/10/06 10:58:09.552, 2, 1063 MHz, 15575 MiB, 27.80 W
2026/10/06 10:58:09.557, 3, 1063 MHz, 15929 MiB, 29.24 W
2026/10/06 10:58:10.560, 0, 1063 MHz, 13237 MiB, 141.05 W
2026/10/06 10:58:10.563, 1, 1063 MHz, 13499 MiB, 30.69 W
2026/10/06 10:58:10.566, 2, 1063 MHz, 15575 MiB, 27.80 W
2026/10/06 10:58:10.569, 3, 1063 MHz, 15929 MiB, 29.24 W
2026/10/06 10:58:11.572, 0, 1063 MHz, 13237 MiB, 132.46 W
2026/10/06 10:58:11.575, 1, 1063 MHz, 13499 MiB, 30.69 W
2026/10/06 10:58:11.578, 2, 1063 MHz, 15575 MiB, 27.80 W
2026/10/06 10:58:11.584, 3, 1063 MHz, 15929 MiB, 28.99 W
2026/10/06 10:58:12.587, 0, 1063 MHz, 13237 MiB, 30.46 W
2026/10/06 10:58:12.590, 1, 1063 MHz, 13499 MiB, 103.42 W
2026/10/06 10:58:12.593, 2, 1063 MHz, 15575 MiB, 27.80 W
2026/10/06 10:58:12.596, 3, 1063 MHz, 15929 MiB, 29.00 W
2026/10/06 10:58:13.602, 0, 1063 MHz, 13237 MiB, 30.22 W
2026/10/06 10:58:13.609, 1, 1063 MHz, 13499 MiB, 99.32 W
2026/10/06 10:58:13.611, 2, 1063 MHz, 15575 MiB, 27.80 W
2026/10/06 10:58:13.614, 3, 1063 MHz, 15929 MiB, 29.00 W
2026/10/06 10:58:14.617, 0, 1063 MHz, 13237 MiB, 29.98 W
2026/10/06 10:58:14.621, 1, 1063 MHz, 13499 MiB, 117.51 W
2026/10/06 10:58:14.626, 2, 1063 MHz, 15575 MiB, 27.80 W
2026/10/06 10:58:14.632, 3, 1063 MHz, 15929 MiB, 28.99 W
2026/10/06 10:58:15.635, 0, 1063 MHz, 13237 MiB, 29.98 W
2026/10/06 10:58:15.638, 1, 1063 MHz, 13499 MiB, 113.23 W
2026/10/06 10:58:15.641, 2, 1063 MHz, 15575 MiB, 27.80 W
2026/10/06 10:58:15.644, 3, 1063 MHz, 15929 MiB, 29.24 W
2026/10/06 10:58:16.647, 0, 1063 MHz, 13237 MiB, 29.99 W
2026/10/06 10:58:16.650, 1, 1063 MHz, 13499 MiB, 31.43 W
2026/10/06 10:58:16.653, 2, 1063 MHz, 15575 MiB, 132.01 W
2026/10/06 10:58:16.656, 3, 1063 MHz, 15929 MiB, 29.00 W
2026/10/06 10:58:17.659, 0, 1063 MHz, 13237 MiB, 29.76 W
2026/10/06 10:58:17.666, 1, 1063 MHz, 13499 MiB, 30.95 W
2026/10/06 10:58:17.669, 2, 1063 MHz, 15575 MiB, 93.48 W
2026/10/06 10:58:17.672, 3, 1063 MHz, 15929 MiB, 29.00 W
2026/10/06 10:58:18.675, 0, 1063 MHz, 13237 MiB, 29.99 W
2026/10/06 10:58:18.678, 1, 1063 MHz, 13499 MiB, 30.95 W
2026/10/06 10:58:18.683, 2, 1063 MHz, 15575 MiB, 91.61 W
2026/10/06 10:58:18.686, 3, 1063 MHz, 15929 MiB, 28.77 W
2026/10/06 10:58:19.689, 0, 1063 MHz, 13237 MiB, 29.76 W
2026/10/06 10:58:19.692, 1, 1063 MHz, 13499 MiB, 30.95 W
2026/10/06 10:58:19.695, 2, 1063 MHz, 15575 MiB, 95.93 W
2026/10/06 10:58:19.700, 3, 1063 MHz, 15929 MiB, 28.75 W
2026/10/06 10:58:20.706, 0, 1063 MHz, 13237 MiB, 29.74 W
2026/10/06 10:58:20.709, 1, 1063 MHz, 13499 MiB, 31.17 W
2026/10/06 10:58:20.711, 2, 1063 MHz, 15575 MiB, 28.77 W
2026/10/06 10:58:20.714, 3, 1063 MHz, 15929 MiB, 118.39 W
2026/10/06 10:58:21.720, 0, 1063 MHz, 13237 MiB, 29.74 W
2026/10/06 10:58:21.725, 1, 1063 MHz, 13499 MiB, 30.93 W
2026/10/06 10:58:21.728, 2, 1063 MHz, 15575 MiB, 28.05 W
2026/10/06 10:58:21.731, 3, 1063 MHz, 15929 MiB, 101.89 W
2026/10/06 10:58:22.739, 0, 1063 MHz, 13237 MiB, 29.74 W
2026/10/06 10:58:22.745, 1, 1063 MHz, 13499 MiB, 30.95 W
2026/10/06 10:58:22.748, 2, 1063 MHz, 15575 MiB, 28.05 W
2026/10/06 10:58:22.751, 3, 1063 MHz, 15929 MiB, 100.16 W
2026/10/06 10:58:23.758, 0, 1063 MHz, 13237 MiB, 29.75 W
2026/10/06 10:58:23.761, 1, 1063 MHz, 13499 MiB, 30.95 W
2026/10/06 10:58:23.763, 2, 1063 MHz, 15575 MiB, 28.05 W
2026/10/06 10:58:23.767, 3, 1063 MHz, 15929 MiB, 98.54 W
2026/10/06 10:58:24.770, 0, 1063 MHz, 13237 MiB, 29.74 W
2026/10/06 10:58:24.773, 1, 1063 MHz, 13499 MiB, 30.94 W
2026/10/06 10:58:24.776, 2, 1063 MHz, 15575 MiB, 28.06 W
2026/10/06 10:58:24.781, 3, 1063 MHz, 15929 MiB, 115.02 W
2026/10/06 10:58:25.784, 0, 1063 MHz, 13237 MiB, 29.76 W
2026/10/06 10:58:25.787, 1, 1063 MHz, 13499 MiB, 31.43 W
2026/10/06 10:58:25.790, 2, 1063 MHz, 15575 MiB, 29.26 W
2026/10/06 10:58:25.793, 3, 1063 MHz, 15929 MiB, 30.71 W
2026/10/06 10:58:26.796, 0, 1063 MHz, 13237 MiB, 65.70 W
2026/10/06 10:58:26.799, 1, 1063 MHz, 13499 MiB, 31.66 W
2026/10/06 10:58:26.802, 2, 1063 MHz, 15575 MiB, 29.50 W
2026/10/06 10:58:26.805, 3, 1063 MHz, 15929 MiB, 41.54 W
2026/10/06 10:58:27.808, 0, 1063 MHz, 13237 MiB, 31.19 W
2026/10/06 10:58:27.811, 1, 1063 MHz, 13499 MiB, 34.57 W
2026/10/06 10:58:27.814, 2, 1063 MHz, 15575 MiB, 38.66 W
2026/10/06 10:58:27.817, 3, 1063 MHz, 15929 MiB, 86.77 W
2026/10/06 10:58:28.824, 0, 1063 MHz, 13237 MiB, 31.45 W
2026/10/06 10:58:28.827, 1, 1063 MHz, 13499 MiB, 36.49 W
2026/10/06 10:58:28.830, 2, 1063 MHz, 15575 MiB, 45.91 W
2026/10/06 10:58:28.835, 3, 1063 MHz, 15929 MiB, 76.70 W
2026/10/06 10:58:29.838, 0, 1063 MHz, 13237 MiB, 78.91 W
2026/10/06 10:58:29.842, 1, 1063 MHz, 13499 MiB, 38.90 W
2026/10/06 10:58:29.845, 2, 1063 MHz, 15575 MiB, 29.25 W
2026/10/06 10:58:29.848, 3, 1063 MHz, 15929 MiB, 33.83 W
2026/10/06 10:58:30.853, 0, 1063 MHz, 13237 MiB, 37.47 W
2026/10/06 10:58:30.856, 1, 1063 MHz, 13499 MiB, 60.84 W
2026/10/06 10:58:30.859, 2, 1063 MHz, 15575 MiB, 60.38 W
2026/10/06 10:58:30.862, 3, 1063 MHz, 15929 MiB, 30.45 W
2026/10/06 10:58:31.865, 0, 1063 MHz, 13237 MiB, 50.25 W
2026/10/06 10:58:31.868, 1, 1063 MHz, 13499 MiB, 70.23 W
2026/10/06 10:58:31.871, 2, 1063 MHz, 15575 MiB, 28.77 W
2026/10/06 10:58:31.874, 3, 1063 MHz, 15929 MiB, 32.14 W
2026/10/06 10:58:32.877, 0, 1063 MHz, 13237 MiB, 32.65 W
2026/10/06 10:58:32.880, 1, 1063 MHz, 13499 MiB, 36.25 W
2026/10/06 10:58:32.885, 2, 1063 MHz, 15575 MiB, 34.82 W
2026/10/06 10:58:32.890, 3, 1063 MHz, 15929 MiB, 63.47 W
2026/10/06 10:58:33.893, 0, 1063 MHz, 13237 MiB, 31.45 W
2026/10/06 10:58:33.898, 1, 1063 MHz, 13499 MiB, 32.62 W
2026/10/06 10:58:33.901, 2, 1063 MHz, 15575 MiB, 31.43 W
2026/10/06 10:58:33.905, 3, 1063 MHz, 15929 MiB, 60.82 W
2026/10/06 10:58:34.911, 0, 1063 MHz, 13237 MiB, 30.24 W
2026/10/06 10:58:34.914, 1, 1063 MHz, 13499 MiB, 31.21 W
2026/10/06 10:58:34.917, 2, 1063 MHz, 15575 MiB, 28.07 W
2026/10/06 10:58:34.920, 3, 1063 MHz, 15929 MiB, 29.50 W
2026/10/06 10:58:35.923, 0, 1063 MHz, 13237 MiB, 30.48 W
2026/10/06 10:58:35.926, 1, 1063 MHz, 13499 MiB, 30.95 W
2026/10/06 10:58:35.929, 2, 1063 MHz, 15575 MiB, 27.80 W
2026/10/06 10:58:35.932, 3, 1063 MHz, 15929 MiB, 29.26 W
2026/10/06 10:58:36.935, 0, 1063 MHz, 13237 MiB, 108.46 W
2026/10/06 10:58:36.940, 1, 1063 MHz, 13499 MiB, 30.93 W
2026/10/06 10:58:36.943, 2, 1063 MHz, 15575 MiB, 27.80 W
2026/10/06 10:58:36.946, 3, 1063 MHz, 15929 MiB, 28.99 W
2026/10/06 10:58:37.949, 0, 1063 MHz, 13237 MiB, 89.95 W
2026/10/06 10:58:37.952, 1, 1063 MHz, 13499 MiB, 30.94 W
2026/10/06 10:58:37.956, 2, 1063 MHz, 15575 MiB, 28.05 W
2026/10/06 10:58:37.961, 3, 1063 MHz, 15929 MiB, 29.24 W
2026/10/06 10:58:38.964, 0, 1063 MHz, 13237 MiB, 103.88 W
2026/10/06 10:58:38.967, 1, 1063 MHz, 13499 MiB, 30.93 W
2026/10/06 10:58:38.970, 2, 1063 MHz, 15575 MiB, 27.80 W
2026/10/06 10:58:38.973, 3, 1063 MHz, 15929 MiB, 29.24 W
2026/10/06 10:58:39.976, 0, 1063 MHz, 13237 MiB, 98.88 W
2026/10/06 10:58:39.979, 1, 1063 MHz, 13499 MiB, 30.94 W
2026/10/06 10:58:39.981, 2, 1063 MHz, 15575 MiB, 28.05 W
2026/10/06 10:58:39.988, 3, 1063 MHz, 15929 MiB, 29.24 W
2026/10/06 10:58:40.991, 0, 1063 MHz, 13237 MiB, 131.68 W
2026/10/06 10:58:40.996, 1, 1063 MHz, 13499 MiB, 30.93 W
2026/10/06 10:58:41.001, 2, 1063 MHz, 15575 MiB, 28.05 W
2026/10/06 10:58:41.004, 3, 1063 MHz, 15929 MiB, 29.24 W
2026/10/06 10:58:42.007, 0, 1063 MHz, 13237 MiB, 92.41 W
2026/10/06 10:58:42.010, 1, 1063 MHz, 13499 MiB, 30.93 W
2026/10/06 10:58:42.013, 2, 1063 MHz, 15575 MiB, 27.80 W
2026/10/06 10:58:42.016, 3, 1063 MHz, 15929 MiB, 28.99 W
2026/10/06 10:58:43.021, 0, 1063 MHz, 13237 MiB, 146.99 W
2026/10/06 10:58:43.024, 1, 1063 MHz, 13499 MiB, 30.93 W
2026/10/06 10:58:43.027, 2, 1063 MHz, 15575 MiB, 28.05 W
2026/10/06 10:58:43.030, 3, 1063 MHz, 15929 MiB, 29.22 W
2026/10/06 10:58:44.033, 0, 1063 MHz, 13237 MiB, 112.41 W
2026/10/06 10:58:44.037, 1, 1063 MHz, 13499 MiB, 125.76 W
2026/10/06 10:58:44.040, 2, 1063 MHz, 15575 MiB, 27.78 W
2026/10/06 10:58:44.043, 3, 1063 MHz, 15929 MiB, 29.20 W
2026/10/06 10:58:45.046, 0, 1063 MHz, 13237 MiB, 104.53 W
2026/10/06 10:58:45.049, 1, 1063 MHz, 13499 MiB, 98.77 W
2026/10/06 10:58:45.053, 2, 1063 MHz, 15575 MiB, 28.04 W
2026/10/06 10:58:45.058, 3, 1063 MHz, 15929 MiB, 29.22 W
2026/10/06 10:58:46.065, 0, 1063 MHz, 13237 MiB, 146.39 W
2026/10/06 10:58:46.068, 1, 1063 MHz, 13499 MiB, 130.80 W
2026/10/06 10:58:46.075, 2, 1063 MHz, 15575 MiB, 28.03 W
2026/10/06 10:58:46.078, 3, 1063 MHz, 15929 MiB, 29.20 W
2026/10/06 10:58:47.084, 0, 1063 MHz, 13237 MiB, 99.53 W
2026/10/06 10:58:47.087, 1, 1063 MHz, 13499 MiB, 145.87 W
2026/10/06 10:58:47.095, 2, 1063 MHz, 15575 MiB, 28.03 W
2026/10/06 10:58:47.104, 3, 1063 MHz, 15929 MiB, 28.97 W
2026/10/06 10:58:48.108, 0, 1063 MHz, 13237 MiB, 117.30 W
2026/10/06 10:58:48.110, 1, 1063 MHz, 13499 MiB, 99.49 W
2026/10/06 10:58:48.115, 2, 1063 MHz, 15575 MiB, 27.80 W
2026/10/06 10:58:48.120, 3, 1063 MHz, 15929 MiB, 29.22 W
2026/10/06 10:58:49.124, 0, 1063 MHz, 13237 MiB, 147.93 W
2026/10/06 10:58:49.127, 1, 1063 MHz, 13499 MiB, 105.20 W
2026/10/06 10:58:49.132, 2, 1063 MHz, 15575 MiB, 27.80 W
2026/10/06 10:58:49.137, 3, 1063 MHz, 15929 MiB, 28.98 W
2026/10/06 10:58:50.140, 0, 1063 MHz, 13237 MiB, 115.84 W
2026/10/06 10:58:50.143, 1, 1063 MHz, 13499 MiB, 116.93 W
2026/10/06 10:58:50.146, 2, 1063 MHz, 15575 MiB, 27.80 W
2026/10/06 10:58:50.149, 3, 1063 MHz, 15929 MiB, 28.73 W
2026/10/06 10:58:51.156, 0, 1063 MHz, 13237 MiB, 145.43 W
2026/10/06 10:58:51.159, 1, 1063 MHz, 13499 MiB, 117.57 W
2026/10/06 10:58:51.162, 2, 1063 MHz, 15575 MiB, 97.97 W
2026/10/06 10:58:51.165, 3, 1063 MHz, 15929 MiB, 28.96 W
2026/10/06 10:58:52.168, 0, 1063 MHz, 13237 MiB, 109.76 W
2026/10/06 10:58:52.174, 1, 1063 MHz, 13499 MiB, 145.78 W
2026/10/06 10:58:52.179, 2, 1063 MHz, 15575 MiB, 97.25 W
2026/10/06 10:58:52.185, 3, 1063 MHz, 15929 MiB, 28.96 W
2026/10/06 10:58:53.190, 0, 1063 MHz, 13237 MiB, 124.60 W
2026/10/06 10:58:53.197, 1, 1063 MHz, 13499 MiB, 103.04 W
2026/10/06 10:58:53.202, 2, 1063 MHz, 15575 MiB, 101.04 W
2026/10/06 10:58:53.205, 3, 1063 MHz, 15929 MiB, 28.72 W
2026/10/06 10:58:54.208, 0, 1063 MHz, 13237 MiB, 149.18 W
2026/10/06 10:58:54.211, 1, 1063 MHz, 13499 MiB, 132.88 W
2026/10/06 10:58:54.215, 2, 1063 MHz, 15575 MiB, 97.24 W
2026/10/06 10:58:54.221, 3, 1063 MHz, 15929 MiB, 28.96 W
2026/10/06 10:58:55.224, 0, 1063 MHz, 13237 MiB, 98.50 W
2026/10/06 10:58:55.227, 1, 1063 MHz, 13499 MiB, 142.97 W
2026/10/06 10:58:55.230, 2, 1063 MHz, 15575 MiB, 118.30 W
2026/10/06 10:58:55.232, 3, 1063 MHz, 15929 MiB, 29.20 W
2026/10/06 10:58:56.238, 0, 1063 MHz, 13237 MiB, 148.31 W
2026/10/06 10:58:56.241, 1, 1063 MHz, 13499 MiB, 97.26 W
2026/10/06 10:58:56.245, 2, 1063 MHz, 15575 MiB, 132.16 W
2026/10/06 10:58:56.252, 3, 1063 MHz, 15929 MiB, 28.96 W
2026/10/06 10:58:57.257, 0, 1063 MHz, 13237 MiB, 149.20 W
2026/10/06 10:58:57.261, 1, 1063 MHz, 13499 MiB, 131.19 W
2026/10/06 10:58:57.263, 2, 1063 MHz, 15575 MiB, 98.89 W
2026/10/06 10:58:57.269, 3, 1063 MHz, 15929 MiB, 28.72 W
2026/10/06 10:58:58.277, 0, 1063 MHz, 13237 MiB, 98.45 W
2026/10/06 10:58:58.282, 1, 1063 MHz, 13499 MiB, 101.28 W
2026/10/06 10:58:58.285, 2, 1063 MHz, 15575 MiB, 28.75 W
2026/10/06 10:58:58.290, 3, 1063 MHz, 15929 MiB, 74.20 W
2026/10/06 10:58:59.299, 0, 1063 MHz, 13237 MiB, 147.16 W
2026/10/06 10:58:59.302, 1, 1063 MHz, 13499 MiB, 145.18 W
2026/10/06 10:58:59.305, 2, 1063 MHz, 15575 MiB, 137.83 W
2026/10/06 10:58:59.312, 3, 1063 MHz, 15929 MiB, 110.71 W
2026/10/06 10:59:00.321, 0, 1063 MHz, 13237 MiB, 104.46 W
2026/10/06 10:59:00.324, 1, 1063 MHz, 13499 MiB, 118.76 W
2026/10/06 10:59:00.327, 2, 1063 MHz, 15575 MiB, 106.51 W
2026/10/06 10:59:00.332, 3, 1063 MHz, 15929 MiB, 97.38 W
2026/10/06 10:59:01.339, 0, 1063 MHz, 13237 MiB, 150.76 W
2026/10/06 10:59:01.343, 1, 1063 MHz, 13499 MiB, 113.89 W
2026/10/06 10:59:01.346, 2, 1063 MHz, 15575 MiB, 115.15 W
2026/10/06 10:59:01.351, 3, 1063 MHz, 15929 MiB, 116.95 W
2026/10/06 10:59:02.359, 0, 1063 MHz, 13237 MiB, 114.74 W
2026/10/06 10:59:02.362, 1, 1063 MHz, 13499 MiB, 145.20 W
2026/10/06 10:59:02.365, 2, 1063 MHz, 15575 MiB, 137.11 W
2026/10/06 10:59:02.373, 3, 1063 MHz, 15929 MiB, 114.79 W
2026/10/06 10:59:03.378, 0, 1063 MHz, 13237 MiB, 149.66 W
2026/10/06 10:59:03.381, 1, 1063 MHz, 13499 MiB, 106.03 W
2026/10/06 10:59:03.384, 2, 1063 MHz, 15575 MiB, 95.32 W
2026/10/06 10:59:03.388, 3, 1063 MHz, 15929 MiB, 108.44 W
2026/10/06 10:59:04.394, 0, 1063 MHz, 13237 MiB, 149.56 W
2026/10/06 10:59:04.397, 1, 1063 MHz, 13499 MiB, 129.90 W
2026/10/06 10:59:04.400, 2, 1063 MHz, 15575 MiB, 137.35 W
2026/10/06 10:59:04.403, 3, 1063 MHz, 15929 MiB, 136.94 W
2026/10/06 10:59:05.406, 0, 1063 MHz, 13237 MiB, 99.88 W
2026/10/06 10:59:05.409, 1, 1063 MHz, 13499 MiB, 147.84 W
2026/10/06 10:59:05.415, 2, 1063 MHz, 15575 MiB, 136.64 W
2026/10/06 10:59:05.418, 3, 1063 MHz, 15929 MiB, 99.29 W
2026/10/06 10:59:06.421, 0, 1063 MHz, 13237 MiB, 142.92 W
2026/10/06 10:59:06.424, 1, 1063 MHz, 13499 MiB, 100.02 W
2026/10/06 10:59:06.430, 2, 1063 MHz, 15575 MiB, 132.88 W
2026/10/06 10:59:06.433, 3, 1063 MHz, 15931 MiB, 119.11 W
2026/10/06 10:59:07.438, 0, 1063 MHz, 13237 MiB, 127.40 W
2026/10/06 10:59:07.441, 1, 1063 MHz, 13499 MiB, 101.76 W
2026/10/06 10:59:07.444, 2, 1063 MHz, 15575 MiB, 108.49 W
2026/10/06 10:59:07.447, 3, 1063 MHz, 15931 MiB, 116.31 W
2026/10/06 10:59:08.453, 0, 1063 MHz, 13237 MiB, 93.62 W
2026/10/06 10:59:08.456, 1, 1063 MHz, 13499 MiB, 123.26 W
2026/10/06 10:59:08.459, 2, 1063 MHz, 15575 MiB, 126.64 W
2026/10/06 10:59:08.468, 3, 1063 MHz, 15931 MiB, 118.15 W
2026/10/06 10:59:09.473, 0, 1063 MHz, 13237 MiB, 96.75 W
2026/10/06 10:59:09.476, 1, 1063 MHz, 13499 MiB, 94.84 W
2026/10/06 10:59:09.479, 2, 1063 MHz, 15575 MiB, 138.56 W
2026/10/06 10:59:09.487, 3, 1063 MHz, 15931 MiB, 149.19 W
2026/10/06 10:59:10.498, 0, 1063 MHz, 13237 MiB, 32.13 W
2026/10/06 10:59:10.501, 1, 1063 MHz, 13499 MiB, 99.96 W
2026/10/06 10:59:10.509, 2, 1063 MHz, 15575 MiB, 107.30 W
2026/10/06 10:59:10.515, 3, 1063 MHz, 15931 MiB, 98.65 W
2026/10/06 10:59:11.522, 0, 1063 MHz, 13237 MiB, 31.15 W
2026/10/06 10:59:11.526, 1, 1063 MHz, 13499 MiB, 140.97 W
2026/10/06 10:59:11.531, 2, 1063 MHz, 15575 MiB, 118.53 W
2026/10/06 10:59:11.538, 3, 1063 MHz, 15931 MiB, 140.17 W
2026/10/06 10:59:12.544, 0, 1063 MHz, 13237 MiB, 30.90 W
2026/10/06 10:59:12.547, 1, 1063 MHz, 13499 MiB, 98.17 W
2026/10/06 10:59:12.552, 2, 1063 MHz, 15575 MiB, 135.52 W
2026/10/06 10:59:12.557, 3, 1063 MHz, 15931 MiB, 144.01 W
2026/10/06 10:59:13.564, 0, 1063 MHz, 13237 MiB, 30.92 W
2026/10/06 10:59:13.567, 1, 1063 MHz, 13499 MiB, 124.85 W
2026/10/06 10:59:13.570, 2, 1063 MHz, 15575 MiB, 93.21 W
2026/10/06 10:59:13.574, 3, 1063 MHz, 15931 MiB, 97.20 W
2026/10/06 10:59:14.580, 0, 1063 MHz, 13237 MiB, 30.94 W
2026/10/06 10:59:14.583, 1, 1063 MHz, 13499 MiB, 32.38 W
2026/10/06 10:59:14.586, 2, 1063 MHz, 15575 MiB, 28.29 W
2026/10/06 10:59:14.589, 3, 1063 MHz, 15931 MiB, 93.24 W
2026/10/06 10:59:15.592, 0, 1063 MHz, 13237 MiB, 30.68 W
2026/10/06 10:59:15.596, 1, 1063 MHz, 13499 MiB, 95.33 W
2026/10/06 10:59:15.599, 2, 1063 MHz, 15575 MiB, 119.57 W
2026/10/06 10:59:15.604, 3, 1063 MHz, 15931 MiB, 112.12 W
2026/10/06 10:59:16.610, 0, 1063 MHz, 13237 MiB, 30.92 W
2026/10/06 10:59:16.614, 1, 1063 MHz, 13499 MiB, 91.04 W
2026/10/06 10:59:16.617, 2, 1063 MHz, 15575 MiB, 90.56 W
2026/10/06 10:59:16.620, 3, 1063 MHz, 15931 MiB, 149.77 W
2026/10/06 10:59:17.623, 0, 1063 MHz, 13237 MiB, 30.68 W
2026/10/06 10:59:17.626, 1, 1063 MHz, 13499 MiB, 92.52 W
2026/10/06 10:59:17.631, 2, 1063 MHz, 15575 MiB, 99.91 W
2026/10/06 10:59:17.636, 3, 1063 MHz, 15931 MiB, 105.63 W
2026/10/06 10:59:18.641, 0, 1063 MHz, 13237 MiB, 30.66 W
2026/10/06 10:59:18.644, 1, 1063 MHz, 13499 MiB, 97.98 W
2026/10/06 10:59:18.647, 2, 1063 MHz, 15575 MiB, 123.58 W
2026/10/06 10:59:18.653, 3, 1063 MHz, 15931 MiB, 147.13 W
2026/10/06 10:59:19.662, 0, 1063 MHz, 13237 MiB, 30.70 W
2026/10/06 10:59:19.665, 1, 1063 MHz, 13499 MiB, 32.38 W
2026/10/06 10:59:19.668, 2, 1063 MHz, 15575 MiB, 95.87 W
2026/10/06 10:59:19.673, 3, 1063 MHz, 15931 MiB, 100.64 W
2026/10/06 10:59:20.676, 0, 1063 MHz, 13237 MiB, 30.44 W
2026/10/06 10:59:20.679, 1, 1063 MHz, 13499 MiB, 32.14 W
2026/10/06 10:59:20.682, 2, 1063 MHz, 15575 MiB, 93.76 W
2026/10/06 10:59:20.685, 3, 1063 MHz, 15931 MiB, 118.32 W
2026/10/06 10:59:21.688, 0, 1063 MHz, 13237 MiB, 30.20 W
2026/10/06 10:59:21.692, 1, 1063 MHz, 13499 MiB, 31.88 W
2026/10/06 10:59:21.695, 2, 1063 MHz, 15575 MiB, 91.29 W
2026/10/06 10:59:21.698, 3, 1063 MHz, 15931 MiB, 125.12 W
2026/10/06 10:59:22.704, 0, 1063 MHz, 13237 MiB, 29.99 W
2026/10/06 10:59:22.708, 1, 1063 MHz, 13499 MiB, 31.67 W
2026/10/06 10:59:22.711, 2, 1063 MHz, 15575 MiB, 28.77 W
2026/10/06 10:59:22.714, 3, 1063 MHz, 15931 MiB, 94.20 W
2026/10/06 10:59:23.718, 0, 1063 MHz, 13237 MiB, 30.46 W
2026/10/06 10:59:23.721, 1, 1063 MHz, 13499 MiB, 31.66 W
2026/10/06 10:59:23.723, 2, 1063 MHz, 15575 MiB, 91.78 W
2026/10/06 10:59:23.728, 3, 1063 MHz, 15931 MiB, 101.60 W
2026/10/06 10:59:24.735, 0, 1063 MHz, 13237 MiB, 29.98 W
2026/10/06 10:59:24.738, 1, 1063 MHz, 13499 MiB, 31.66 W
2026/10/06 10:59:24.741, 2, 1063 MHz, 15575 MiB, 99.01 W
2026/10/06 10:59:24.748, 3, 1063 MHz, 15931 MiB, 106.90 W
2026/10/06 10:59:25.756, 0, 1063 MHz, 13237 MiB, 29.98 W
2026/10/06 10:59:25.759, 1, 1063 MHz, 13499 MiB, 31.66 W
2026/10/06 10:59:25.762, 2, 1063 MHz, 15575 MiB, 91.30 W
2026/10/06 10:59:25.768, 3, 1063 MHz, 15931 MiB, 102.81 W
2026/10/06 10:59:26.778, 0, 1063 MHz, 13237 MiB, 29.98 W
2026/10/06 10:59:26.781, 1, 1063 MHz, 13499 MiB, 31.66 W
2026/10/06 10:59:26.783, 2, 1063 MHz, 15575 MiB, 128.89 W
2026/10/06 10:59:26.790, 3, 1063 MHz, 15931 MiB, 98.95 W
2026/10/06 10:59:27.795, 0, 1063 MHz, 13237 MiB, 29.98 W
2026/10/06 10:59:27.798, 1, 1063 MHz, 13499 MiB, 31.66 W
2026/10/06 10:59:27.801, 2, 1063 MHz, 15575 MiB, 28.77 W
2026/10/06 10:59:27.807, 3, 1063 MHz, 15931 MiB, 125.06 W
2026/10/06 10:59:28.810, 0, 1063 MHz, 13237 MiB, 29.98 W
2026/10/06 10:59:28.813, 1, 1063 MHz, 13499 MiB, 31.66 W
2026/10/06 10:59:28.818, 2, 1063 MHz, 15575 MiB, 28.53 W
2026/10/06 10:59:28.821, 3, 1063 MHz, 15931 MiB, 100.89 W
2026/10/06 10:59:29.824, 0, 1063 MHz, 13237 MiB, 29.98 W
2026/10/06 10:59:29.827, 1, 1063 MHz, 13499 MiB, 31.66 W
2026/10/06 10:59:29.830, 2, 1063 MHz, 15575 MiB, 28.53 W
2026/10/06 10:59:29.835, 3, 1063 MHz, 15931 MiB, 101.67 W
2026/10/06 10:59:30.839, 0, 1063 MHz, 13237 MiB, 29.98 W
2026/10/06 10:59:30.846, 1, 1063 MHz, 13499 MiB, 31.66 W
2026/10/06 10:59:30.848, 2, 1063 MHz, 15575 MiB, 28.29 W
2026/10/06 10:59:30.851, 3, 1063 MHz, 15931 MiB, 106.91 W
2026/10/06 10:59:31.855, 0, 1063 MHz, 13237 MiB, 29.98 W
2026/10/06 10:59:31.858, 1, 1063 MHz, 13499 MiB, 31.66 W
2026/10/06 10:59:31.860, 2, 1063 MHz, 15575 MiB, 28.29 W
2026/10/06 10:59:31.865, 3, 1063 MHz, 15931 MiB, 122.42 W
2026/10/06 10:59:32.869, 0, 1063 MHz, 13237 MiB, 29.98 W
2026/10/06 10:59:32.872, 1, 1063 MHz, 13499 MiB, 31.41 W
2026/10/06 10:59:32.877, 2, 1063 MHz, 15575 MiB, 28.29 W
2026/10/06 10:59:32.882, 3, 1063 MHz, 15931 MiB, 128.73 W
2026/10/06 10:59:33.885, 0, 1063 MHz, 13237 MiB, 29.98 W
2026/10/06 10:59:33.888, 1, 1063 MHz, 13499 MiB, 31.43 W
2026/10/06 10:59:33.891, 2, 1063 MHz, 15575 MiB, 28.29 W
2026/10/06 10:59:33.894, 3, 1063 MHz, 15931 MiB, 94.01 W
2026/10/06 10:59:34.899, 0, 1063 MHz, 13237 MiB, 29.98 W
2026/10/06 10:59:34.903, 1, 1063 MHz, 13499 MiB, 31.43 W
2026/10/06 10:59:34.906, 2, 1063 MHz, 15575 MiB, 28.29 W
2026/10/06 10:59:34.909, 3, 1063 MHz, 15931 MiB, 101.19 W
2026/10/06 10:59:35.912, 0, 1063 MHz, 13237 MiB, 29.99 W
2026/10/06 10:59:35.915, 1, 1063 MHz, 13499 MiB, 31.41 W
2026/10/06 10:59:35.918, 2, 1063 MHz, 15575 MiB, 28.29 W
2026/10/06 10:59:35.921, 3, 1063 MHz, 15931 MiB, 94.92 W
2026/10/06 10:59:36.924, 0, 1063 MHz, 13237 MiB, 30.00 W
2026/10/06 10:59:36.927, 1, 1063 MHz, 13499 MiB, 31.43 W
2026/10/06 10:59:36.930, 2, 1063 MHz, 15575 MiB, 29.50 W
2026/10/06 10:59:36.933, 3, 1063 MHz, 15931 MiB, 30.95 W
2026/10/06 10:59:37.936, 0, 1063 MHz, 13237 MiB, 69.54 W
2026/10/06 10:59:37.939, 1, 1063 MHz, 13499 MiB, 32.15 W
2026/10/06 10:59:37.942, 2, 1063 MHz, 15575 MiB, 29.50 W
2026/10/06 10:59:37.945, 3, 1063 MHz, 15931 MiB, 40.57 W
2026/10/06 10:59:38.948, 0, 1063 MHz, 13237 MiB, 54.84 W
2026/10/06 10:59:38.951, 1, 1063 MHz, 13499 MiB, 32.86 W
2026/10/06 10:59:38.954, 2, 1063 MHz, 15575 MiB, 30.46 W
2026/10/06 10:59:38.959, 3, 1063 MHz, 15931 MiB, 45.64 W
2026/10/06 10:59:39.962, 0, 1063 MHz, 13237 MiB, 74.61 W
2026/10/06 10:59:39.965, 1, 1063 MHz, 13499 MiB, 48.78 W
2026/10/06 10:59:39.968, 2, 1063 MHz, 15575 MiB, 29.50 W
2026/10/06 10:59:39.971, 3, 1063 MHz, 15931 MiB, 34.78 W
2026/10/06 10:59:40.974, 0, 1063 MHz, 13237 MiB, 39.89 W
2026/10/06 10:59:40.979, 1, 1063 MHz, 13499 MiB, 56.75 W
2026/10/06 10:59:40.982, 2, 1063 MHz, 15575 MiB, 62.51 W
2026/10/06 10:59:40.985, 3, 1063 MHz, 15931 MiB, 31.90 W
2026/10/06 10:59:41.988, 0, 1063 MHz, 13237 MiB, 32.15 W
2026/10/06 10:59:41.991, 1, 1063 MHz, 13499 MiB, 33.10 W
2026/10/06 10:59:41.994, 2, 1063 MHz, 15575 MiB, 31.92 W
2026/10/06 10:59:41.997, 3, 1063 MHz, 15931 MiB, 79.37 W
2026/10/06 10:59:43.000, 0, 1063 MHz, 13237 MiB, 30.94 W
2026/10/06 10:59:43.003, 1, 1063 MHz, 13499 MiB, 33.83 W
2026/10/06 10:59:43.009, 2, 1063 MHz, 15575 MiB, 32.88 W
2026/10/06 10:59:43.012, 3, 1063 MHz, 15931 MiB, 80.28 W
2026/10/06 10:59:44.015, 0, 1063 MHz, 13237 MiB, 33.60 W
2026/10/06 10:59:44.018, 1, 1063 MHz, 13499 MiB, 42.77 W
2026/10/06 10:59:44.021, 2, 1063 MHz, 15575 MiB, 75.74 W
2026/10/06 10:59:44.024, 3, 1063 MHz, 15931 MiB, 48.27 W
2026/10/06 10:59:45.027, 0, 1063 MHz, 13237 MiB, 42.79 W
2026/10/06 10:59:45.030, 1, 1063 MHz, 13499 MiB, 57.24 W
2026/10/06 10:59:45.033, 2, 1063 MHz, 15575 MiB, 56.72 W
2026/10/06 10:59:45.036, 3, 1063 MHz, 15931 MiB, 33.10 W
2026/10/06 10:59:46.040, 0, 1063 MHz, 13237 MiB, 100.02 W
2026/10/06 10:59:46.043, 1, 1063 MHz, 13499 MiB, 31.41 W
2026/10/06 10:59:46.049, 2, 1063 MHz, 15575 MiB, 28.29 W
2026/10/06 10:59:46.055, 3, 1063 MHz, 15931 MiB, 29.95 W
2026/10/06 10:59:47.058, 0, 1063 MHz, 13237 MiB, 104.66 W
2026/10/06 10:59:47.061, 1, 1063 MHz, 13499 MiB, 31.43 W
2026/10/06 10:59:47.064, 2, 1063 MHz, 15575 MiB, 28.05 W
2026/10/06 10:59:47.067, 3, 1063 MHz, 15931 MiB, 29.48 W
2026/10/06 10:59:48.070, 0, 1063 MHz, 13237 MiB, 124.28 W
2026/10/06 10:59:48.078, 1, 1063 MHz, 13499 MiB, 31.43 W
2026/10/06 10:59:48.082, 2, 1063 MHz, 15575 MiB, 28.05 W
2026/10/06 10:59:48.085, 3, 1063 MHz, 15931 MiB, 29.48 W
2026/10/06 10:59:49.088, 0, 1063 MHz, 13237 MiB, 113.76 W
2026/10/06 10:59:49.091, 1, 1063 MHz, 13499 MiB, 31.43 W
2026/10/06 10:59:49.094, 2, 1063 MHz, 15575 MiB, 28.05 W
2026/10/06 10:59:49.097, 3, 1063 MHz, 15931 MiB, 29.48 W
2026/10/06 10:59:50.102, 0, 1063 MHz, 13237 MiB, 100.08 W
2026/10/06 10:59:50.105, 1, 1063 MHz, 13499 MiB, 31.42 W
2026/10/06 10:59:50.108, 2, 1063 MHz, 15575 MiB, 28.05 W
2026/10/06 10:59:50.115, 3, 1063 MHz, 15931 MiB, 29.48 W
2026/10/06 10:59:51.120, 0, 1063 MHz, 13237 MiB, 148.65 W
2026/10/06 10:59:51.124, 1, 1063 MHz, 13499 MiB, 31.41 W
2026/10/06 10:59:51.127, 2, 1063 MHz, 15575 MiB, 28.04 W
2026/10/06 10:59:51.130, 3, 1063 MHz, 15931 MiB, 29.46 W
2026/10/06 10:59:52.133, 0, 1063 MHz, 13237 MiB, 148.65 W
2026/10/06 10:59:52.141, 1, 1063 MHz, 13499 MiB, 31.17 W
2026/10/06 10:59:52.146, 2, 1063 MHz, 15575 MiB, 28.05 W
2026/10/06 10:59:52.149, 3, 1063 MHz, 15931 MiB, 29.22 W
2026/10/06 10:59:53.152, 0, 1063 MHz, 13237 MiB, 100.08 W
2026/10/06 10:59:53.157, 1, 1063 MHz, 13499 MiB, 31.17 W
2026/10/06 10:59:53.160, 2, 1063 MHz, 15575 MiB, 28.05 W
2026/10/06 10:59:53.163, 3, 1063 MHz, 15931 MiB, 28.99 W
2026/10/06 10:59:54.166, 0, 1063 MHz, 13237 MiB, 148.79 W
2026/10/06 10:59:54.177, 1, 1063 MHz, 13499 MiB, 127.43 W
2026/10/06 10:59:54.182, 2, 1063 MHz, 15575 MiB, 28.03 W
2026/10/06 10:59:54.185, 3, 1063 MHz, 15931 MiB, 29.20 W
2026/10/06 10:59:55.188, 0, 1063 MHz, 13237 MiB, 137.76 W
2026/10/06 10:59:55.196, 1, 1063 MHz, 13499 MiB, 143.93 W
2026/10/06 10:59:55.201, 2, 1063 MHz, 15575 MiB, 28.03 W
2026/10/06 10:59:55.204, 3, 1063 MHz, 15931 MiB, 29.44 W
2026/10/06 10:59:56.207, 0, 1063 MHz, 13237 MiB, 100.50 W
2026/10/06 10:59:56.213, 1, 1063 MHz, 13499 MiB, 99.23 W
2026/10/06 10:59:56.218, 2, 1063 MHz, 15575 MiB, 28.04 W
2026/10/06 10:59:56.221, 3, 1063 MHz, 15931 MiB, 28.98 W
2026/10/06 10:59:57.225, 0, 1063 MHz, 13237 MiB, 117.53 W
2026/10/06 10:59:57.228, 1, 1063 MHz, 13499 MiB, 103.28 W
2026/10/06 10:59:57.231, 2, 1063 MHz, 15575 MiB, 28.03 W
2026/10/06 10:59:57.234, 3, 1063 MHz, 15931 MiB, 28.98 W
2026/10/06 10:59:58.239, 0, 1063 MHz, 13237 MiB, 101.44 W
2026/10/06 10:59:58.242, 1, 1063 MHz, 13499 MiB, 113.56 W
2026/10/06 10:59:58.247, 2, 1063 MHz, 15575 MiB, 28.04 W
2026/10/06 10:59:58.250, 3, 1063 MHz, 15931 MiB, 28.98 W
2026/10/06 10:59:59.255, 0, 1063 MHz, 13237 MiB, 100.98 W
2026/10/06 10:59:59.259, 1, 1063 MHz, 13499 MiB, 96.84 W
2026/10/06 10:59:59.263, 2, 1063 MHz, 15575 MiB, 27.80 W
2026/10/06 10:59:59.268, 3, 1063 MHz, 15931 MiB, 28.98 W
2026/10/06 11:00:00.271, 0, 1063 MHz, 13237 MiB, 94.18 W
2026/10/06 11:00:00.274, 1, 1063 MHz, 13499 MiB, 141.14 W
2026/10/06 11:00:00.277, 2, 1063 MHz, 15575 MiB, 28.03 W
2026/10/06 11:00:00.280, 3, 1063 MHz, 15931 MiB, 28.98 W
2026/10/06 11:00:01.284, 0, 1063 MHz, 13237 MiB, 106.45 W
2026/10/06 11:00:01.290, 1, 1063 MHz, 13499 MiB, 102.56 W
2026/10/06 11:00:01.295, 2, 1063 MHz, 15575 MiB, 104.95 W
2026/10/06 11:00:01.300, 3, 1063 MHz, 15931 MiB, 28.96 W
2026/10/06 11:00:02.306, 0, 1063 MHz, 13237 MiB, 145.42 W
2026/10/06 11:00:02.312, 1, 1063 MHz, 13499 MiB, 129.04 W
2026/10/06 11:00:02.317, 2, 1063 MHz, 15575 MiB, 95.82 W
2026/10/06 11:00:02.320, 3, 1063 MHz, 15931 MiB, 28.96 W
2026/10/06 11:00:03.323, 0, 1063 MHz, 13237 MiB, 95.18 W
2026/10/06 11:00:03.328, 1, 1063 MHz, 13499 MiB, 97.75 W
2026/10/06 11:00:03.333, 2, 1063 MHz, 15575 MiB, 134.33 W
2026/10/06 11:00:03.336, 3, 1063 MHz, 15931 MiB, 28.96 W
2026/10/06 11:00:04.342, 0, 1063 MHz, 13237 MiB, 117.22 W
2026/10/06 11:00:04.349, 1, 1063 MHz, 13499 MiB, 101.59 W
2026/10/06 11:00:04.355, 2, 1063 MHz, 15575 MiB, 140.96 W
2026/10/06 11:00:04.363, 3, 1063 MHz, 15931 MiB, 28.96 W
2026/10/06 11:00:05.369, 0, 1063 MHz, 13237 MiB, 100.19 W
2026/10/06 11:00:05.373, 1, 1063 MHz, 13499 MiB, 122.89 W
2026/10/06 11:00:05.376, 2, 1063 MHz, 15575 MiB, 100.39 W
2026/10/06 11:00:05.379, 3, 1063 MHz, 15931 MiB, 28.73 W
2026/10/06 11:00:06.382, 0, 1063 MHz, 13237 MiB, 100.19 W
2026/10/06 11:00:06.387, 1, 1063 MHz, 13499 MiB, 100.15 W
2026/10/06 11:00:06.392, 2, 1063 MHz, 15575 MiB, 117.32 W
2026/10/06 11:00:06.395, 3, 1063 MHz, 15931 MiB, 28.98 W
2026/10/06 11:00:07.398, 0, 1063 MHz, 13237 MiB, 128.93 W
2026/10/06 11:00:07.401, 1, 1063 MHz, 13499 MiB, 103.45 W
2026/10/06 11:00:07.406, 2, 1063 MHz, 15575 MiB, 140.08 W
2026/10/06 11:00:07.409, 3, 1063 MHz, 15931 MiB, 28.72 W
2026/10/06 11:00:08.414, 0, 1063 MHz, 13237 MiB, 98.99 W
2026/10/06 11:00:08.417, 1, 1063 MHz, 13499 MiB, 70.14 W
2026/10/06 11:00:08.420, 2, 1063 MHz, 15575 MiB, 28.77 W
2026/10/06 11:00:08.426, 3, 1063 MHz, 15931 MiB, 101.53 W
2026/10/06 11:00:09.433, 0, 1063 MHz, 13237 MiB, 143.89 W
2026/10/06 11:00:09.436, 1, 1063 MHz, 13499 MiB, 83.28 W
2026/10/06 11:00:09.443, 2, 1063 MHz, 15575 MiB, 95.56 W
2026/10/06 11:00:09.449, 3, 1063 MHz, 15931 MiB, 149.43 W
2026/10/06 11:00:10.459, 0, 1063 MHz, 13237 MiB, 150.14 W
2026/10/06 11:00:10.467, 1, 1063 MHz, 13499 MiB, 95.51 W
2026/10/06 11:00:10.472, 2, 1063 MHz, 15575 MiB, 113.30 W
2026/10/06 11:00:10.477, 3, 1063 MHz, 15931 MiB, 100.74 W
2026/10/06 11:00:11.482, 0, 1063 MHz, 13237 MiB, 98.74 W
2026/10/06 11:00:11.486, 1, 1063 MHz, 13499 MiB, 101.11 W
2026/10/06 11:00:11.489, 2, 1063 MHz, 15575 MiB, 93.17 W
2026/10/06 11:00:11.495, 3, 1063 MHz, 15931 MiB, 96.48 W
2026/10/06 11:00:12.501, 0, 1063 MHz, 13237 MiB, 139.57 W
2026/10/06 11:00:12.504, 1, 1063 MHz, 13499 MiB, 83.54 W
2026/10/06 11:00:12.509, 2, 1063 MHz, 15575 MiB, 97.96 W
2026/10/06 11:00:12.512, 3, 1063 MHz, 15931 MiB, 123.91 W
2026/10/06 11:00:13.521, 0, 1063 MHz, 13237 MiB, 102.12 W
2026/10/06 11:00:13.524, 1, 1063 MHz, 13499 MiB, 102.49 W
2026/10/06 11:00:13.527, 2, 1063 MHz, 15575 MiB, 94.37 W
2026/10/06 11:00:13.530, 3, 1063 MHz, 15931 MiB, 102.91 W
2026/10/06 11:00:14.533, 0, 1063 MHz, 13237 MiB, 140.38 W
2026/10/06 11:00:14.538, 1, 1063 MHz, 13499 MiB, 100.32 W
2026/10/06 11:00:14.542, 2, 1063 MHz, 15575 MiB, 94.84 W
2026/10/06 11:00:14.546, 3, 1063 MHz, 15931 MiB, 97.14 W
2026/10/06 11:00:15.551, 0, 1063 MHz, 13237 MiB, 149.82 W
2026/10/06 11:00:15.555, 1, 1063 MHz, 13499 MiB, 121.57 W
2026/10/06 11:00:15.555, 2, 1063 MHz, 15575 MiB, 118.52 W
2026/10/06 11:00:15.560, 3, 1063 MHz, 15931 MiB, 93.48 W
2026/10/06 11:00:16.566, 0, 1063 MHz, 13237 MiB, 105.66 W
2026/10/06 11:00:16.569, 1, 1063 MHz, 13499 MiB, 122.78 W
2026/10/06 11:00:16.572, 2, 1063 MHz, 15575 MiB, 93.89 W
2026/10/06 11:00:16.575, 3, 1063 MHz, 15931 MiB, 100.50 W
2026/10/06 11:00:17.579, 0, 1063 MHz, 13237 MiB, 98.20 W
2026/10/06 11:00:17.582, 1, 1063 MHz, 13499 MiB, 133.52 W
2026/10/06 11:00:17.587, 2, 1063 MHz, 15575 MiB, 110.17 W
2026/10/06 11:00:17.592, 3, 1063 MHz, 15931 MiB, 118.63 W
2026/10/06 11:00:18.599, 0, 1063 MHz, 13237 MiB, 98.69 W
2026/10/06 11:00:18.603, 1, 1063 MHz, 13499 MiB, 125.92 W
2026/10/06 11:00:18.608, 2, 1063 MHz, 15575 MiB, 90.99 W
2026/10/06 11:00:18.613, 3, 1063 MHz, 15931 MiB, 99.83 W
2026/10/06 11:00:19.617, 0, 1063 MHz, 13237 MiB, 95.85 W
2026/10/06 11:00:19.620, 1, 1063 MHz, 13499 MiB, 147.85 W
2026/10/06 11:00:19.625, 2, 1063 MHz, 15575 MiB, 98.21 W
2026/10/06 11:00:19.630, 3, 1063 MHz, 15931 MiB, 94.30 W
2026/10/06 11:00:20.636, 0, 1063 MHz, 13237 MiB, 32.11 W
2026/10/06 11:00:20.642, 1, 1063 MHz, 13499 MiB, 116.14 W
2026/10/06 11:00:20.645, 2, 1063 MHz, 15575 MiB, 107.29 W
2026/10/06 11:00:20.647, 3, 1063 MHz, 15931 MiB, 124.26 W
2026/10/06 11:00:21.651, 0, 1063 MHz, 13237 MiB, 31.16 W
2026/10/06 11:00:21.653, 1, 1063 MHz, 13499 MiB, 140.11 W
2026/10/06 11:00:21.660, 2, 1063 MHz, 15575 MiB, 93.41 W
2026/10/06 11:00:21.665, 3, 1063 MHz, 15931 MiB, 100.81 W
2026/10/06 11:00:22.669, 0, 1063 MHz, 13237 MiB, 31.39 W
2026/10/06 11:00:22.671, 1, 1063 MHz, 13499 MiB, 148.18 W
2026/10/06 11:00:22.680, 2, 1063 MHz, 15575 MiB, 94.84 W
2026/10/06 11:00:22.686, 3, 1063 MHz, 15931 MiB, 100.79 W
2026/10/06 11:00:23.689, 0, 1063 MHz, 13237 MiB, 31.15 W
2026/10/06 11:00:23.692, 1, 1063 MHz, 13499 MiB, 108.57 W
2026/10/06 11:00:23.699, 2, 1063 MHz, 15575 MiB, 98.94 W
2026/10/06 11:00:23.704, 3, 1063 MHz, 15931 MiB, 107.79 W
2026/10/06 11:00:24.707, 0, 1063 MHz, 13237 MiB, 31.15 W
2026/10/06 11:00:24.710, 1, 1063 MHz, 13499 MiB, 127.83 W
2026/10/06 11:00:24.713, 2, 1063 MHz, 15575 MiB, 133.12 W
2026/10/06 11:00:24.719, 3, 1063 MHz, 15931 MiB, 147.37 W
2026/10/06 11:00:25.726, 0, 1063 MHz, 13237 MiB, 30.92 W
2026/10/06 11:00:25.729, 1, 1063 MHz, 13499 MiB, 90.58 W
2026/10/06 11:00:25.732, 2, 1063 MHz, 15575 MiB, 96.10 W
2026/10/06 11:00:25.737, 3, 1063 MHz, 15931 MiB, 102.50 W
2026/10/06 11:00:26.743, 0, 1063 MHz, 13237 MiB, 30.92 W
2026/10/06 11:00:26.745, 1, 1063 MHz, 13499 MiB, 98.70 W
2026/10/06 11:00:26.751, 2, 1063 MHz, 15575 MiB, 119.26 W
2026/10/06 11:00:26.757, 3, 1063 MHz, 15931 MiB, 128.08 W
2026/10/06 11:00:27.760, 0, 1063 MHz, 13237 MiB, 30.92 W
2026/10/06 11:00:27.763, 1, 1063 MHz, 13499 MiB, 92.51 W
2026/10/06 11:00:27.766, 2, 1063 MHz, 15575 MiB, 103.69 W
2026/10/06 11:00:27.769, 3, 1063 MHz, 15931 MiB, 116.14 W
2026/10/06 11:00:28.774, 0, 1063 MHz, 13237 MiB, 30.94 W
2026/10/06 11:00:28.777, 1, 1063 MHz, 13499 MiB, 33.10 W
2026/10/06 11:00:28.780, 2, 1063 MHz, 15575 MiB, 99.97 W
2026/10/06 11:00:28.785, 3, 1063 MHz, 15931 MiB, 94.92 W
2026/10/06 11:00:29.788, 0, 1063 MHz, 13237 MiB, 30.92 W
2026/10/06 11:00:29.791, 1, 1063 MHz, 13499 MiB, 32.36 W
2026/10/06 11:00:29.795, 2, 1063 MHz, 15575 MiB, 140.34 W
2026/10/06 11:00:29.800, 3, 1063 MHz, 15931 MiB, 145.31 W
2026/10/06 11:00:30.806, 0, 1063 MHz, 13237 MiB, 30.70 W
2026/10/06 11:00:30.809, 1, 1063 MHz, 13499 MiB, 32.14 W
2026/10/06 11:00:30.815, 2, 1063 MHz, 15575 MiB, 94.18 W
2026/10/06 11:00:30.818, 3, 1063 MHz, 15931 MiB, 105.63 W
2026/10/06 11:00:31.821, 0, 1063 MHz, 13237 MiB, 30.92 W
2026/10/06 11:00:31.824, 1, 1063 MHz, 13499 MiB, 32.12 W
2026/10/06 11:00:31.826, 2, 1063 MHz, 15575 MiB, 119.58 W
2026/10/06 11:00:31.829, 3, 1063 MHz, 15931 MiB, 150.11 W
2026/10/06 11:00:32.836, 0, 1063 MHz, 13237 MiB, 30.95 W
2026/10/06 11:00:32.839, 1, 1063 MHz, 13499 MiB, 32.14 W
2026/10/06 11:00:32.842, 2, 1063 MHz, 15575 MiB, 29.01 W
2026/10/06 11:00:32.844, 3, 1063 MHz, 15931 MiB, 93.96 W
2026/10/06 11:00:33.848, 0, 1063 MHz, 13237 MiB, 30.68 W
2026/10/06 11:00:33.850, 1, 1063 MHz, 13499 MiB, 32.12 W
2026/10/06 11:00:33.853, 2, 1063 MHz, 15575 MiB, 92.99 W
2026/10/06 11:00:33.859, 3, 1063 MHz, 15931 MiB, 131.53 W
2026/10/06 11:00:34.862, 0, 1063 MHz, 13237 MiB, 30.92 W
2026/10/06 11:00:34.865, 1, 1063 MHz, 13499 MiB, 31.88 W
2026/10/06 11:00:34.868, 2, 1063 MHz, 15575 MiB, 92.02 W
2026/10/06 11:00:34.871, 3, 1063 MHz, 15931 MiB, 150.59 W
2026/10/06 11:00:35.878, 0, 1063 MHz, 13237 MiB, 30.70 W
2026/10/06 11:00:35.881, 1, 1063 MHz, 13499 MiB, 32.14 W
2026/10/06 11:00:35.884, 2, 1063 MHz, 15575 MiB, 92.98 W
2026/10/06 11:00:35.889, 3, 1063 MHz, 15931 MiB, 111.71 W
2026/10/06 11:00:36.896, 0, 1063 MHz, 13237 MiB, 30.22 W
2026/10/06 11:00:36.900, 1, 1063 MHz, 13499 MiB, 31.90 W
2026/10/06 11:00:36.905, 2, 1063 MHz, 15575 MiB, 96.83 W
2026/10/06 11:00:36.911, 3, 1063 MHz, 15931 MiB, 109.24 W
2026/10/06 11:00:37.917, 0, 1063 MHz, 13237 MiB, 30.22 W
2026/10/06 11:00:37.920, 1, 1063 MHz, 13499 MiB, 31.91 W
2026/10/06 11:00:37.923, 2, 1063 MHz, 15575 MiB, 28.77 W
2026/10/06 11:00:37.926, 3, 1063 MHz, 15931 MiB, 105.22 W
2026/10/06 11:00:38.929, 0, 1063 MHz, 13237 MiB, 30.22 W
2026/10/06 11:00:38.932, 1, 1063 MHz, 13499 MiB, 31.90 W
2026/10/06 11:00:38.935, 2, 1063 MHz, 15575 MiB, 28.53 W
2026/10/06 11:00:38.938, 3, 1063 MHz, 15931 MiB, 136.26 W
2026/10/06 11:00:39.943, 0, 1063 MHz, 13237 MiB, 30.22 W
2026/10/06 11:00:39.946, 1, 1063 MHz, 13499 MiB, 31.90 W
2026/10/06 11:00:39.950, 2, 1063 MHz, 15575 MiB, 28.53 W
2026/10/06 11:00:39.954, 3, 1063 MHz, 15931 MiB, 151.07 W
2026/10/06 11:00:40.957, 0, 1063 MHz, 13237 MiB, 30.24 W
2026/10/06 11:00:40.960, 1, 1063 MHz, 13499 MiB, 31.90 W
2026/10/06 11:00:40.962, 2, 1063 MHz, 15575 MiB, 28.53 W
2026/10/06 11:00:40.965, 3, 1063 MHz, 15931 MiB, 94.44 W
2026/10/06 11:00:41.972, 0, 1063 MHz, 13237 MiB, 30.22 W
2026/10/06 11:00:41.975, 1, 1063 MHz, 13499 MiB, 31.90 W
2026/10/06 11:00:41.978, 2, 1063 MHz, 15575 MiB, 28.53 W
2026/10/06 11:00:41.981, 3, 1063 MHz, 15931 MiB, 116.47 W
2026/10/06 11:00:42.984, 0, 1063 MHz, 13237 MiB, 30.22 W
2026/10/06 11:00:42.989, 1, 1063 MHz, 13499 MiB, 31.90 W
2026/10/06 11:00:42.992, 2, 1063 MHz, 15575 MiB, 28.29 W
2026/10/06 11:00:42.995, 3, 1063 MHz, 15931 MiB, 125.29 W
2026/10/06 11:00:44.000, 0, 1063 MHz, 13237 MiB, 30.22 W
2026/10/06 11:00:44.003, 1, 1063 MHz, 13499 MiB, 31.90 W
2026/10/06 11:00:44.008, 2, 1063 MHz, 15575 MiB, 28.29 W
2026/10/06 11:00:44.011, 3, 1063 MHz, 15931 MiB, 139.16 W
2026/10/06 11:00:45.016, 0, 1063 MHz, 13237 MiB, 29.99 W
2026/10/06 11:00:45.019, 1, 1063 MHz, 13499 MiB, 31.67 W
2026/10/06 11:00:45.022, 2, 1063 MHz, 15575 MiB, 28.29 W
2026/10/06 11:00:45.025, 3, 1063 MHz, 15931 MiB, 94.44 W
2026/10/06 11:00:46.029, 0, 1063 MHz, 13237 MiB, 32.17 W
2026/10/06 11:00:46.032, 1, 1063 MHz, 13499 MiB, 31.68 W
2026/10/06 11:00:46.035, 2, 1063 MHz, 15575 MiB, 28.31 W
2026/10/06 11:00:46.038, 3, 1063 MHz, 15931 MiB, 30.95 W
2026/10/06 11:00:47.041, 0, 1063 MHz, 13237 MiB, 32.64 W
2026/10/06 11:00:47.044, 1, 1063 MHz, 13499 MiB, 48.57 W
2026/10/06 11:00:47.049, 2, 1063 MHz, 15575 MiB, 68.78 W
2026/10/06 11:00:47.053, 3, 1063 MHz, 15931 MiB, 29.97 W
2026/10/06 11:00:48.056, 0, 1063 MHz, 13237 MiB, 40.62 W
2026/10/06 11:00:48.059, 1, 1063 MHz, 13499 MiB, 52.16 W
2026/10/06 11:00:48.062, 2, 1063 MHz, 15575 MiB, 65.36 W
2026/10/06 11:00:48.067, 3, 1063 MHz, 15931 MiB, 44.44 W
2026/10/06 11:00:49.070, 0, 1063 MHz, 13237 MiB, 31.44 W
2026/10/06 11:00:49.073, 1, 1063 MHz, 13499 MiB, 33.35 W
2026/10/06 11:00:49.076, 2, 1063 MHz, 15575 MiB, 35.52 W
2026/10/06 11:00:49.079, 3, 1063 MHz, 15931 MiB, 88.66 W
2026/10/06 11:00:50.083, 0, 1063 MHz, 13237 MiB, 70.98 W
2026/10/06 11:00:50.086, 1, 1063 MHz, 13499 MiB, 32.40 W
2026/10/06 11:00:50.089, 2, 1063 MHz, 15575 MiB, 30.22 W
2026/10/06 11:00:50.092, 3, 1063 MHz, 15931 MiB, 40.09 W
2026/10/06 11:00:51.095, 0, 1063 MHz, 13237 MiB, 74.08 W
2026/10/06 11:00:51.098, 1, 1063 MHz, 13499 MiB, 55.57 W
2026/10/06 11:00:51.103, 2, 1063 MHz, 15575 MiB, 29.74 W
2026/10/06 11:00:51.106, 3, 1063 MHz, 15931 MiB, 33.58 W
2026/10/06 11:00:52.112, 0, 1063 MHz, 13237 MiB, 49.53 W
2026/10/06 11:00:52.115, 1, 1063 MHz, 13499 MiB, 66.61 W
2026/10/06 11:00:52.118, 2, 1063 MHz, 15575 MiB, 48.57 W
2026/10/06 11:00:52.125, 3, 1063 MHz, 15931 MiB, 34.29 W
2026/10/06 11:00:53.128, 0, 1063 MHz, 13237 MiB, 31.43 W
2026/10/06 11:00:53.131, 1, 1063 MHz, 13499 MiB, 34.06 W
2026/10/06 11:00:53.134, 2, 1063 MHz, 15575 MiB, 36.73 W
2026/10/06 11:00:53.137, 3, 1063 MHz, 15931 MiB, 89.38 W
2026/10/06 11:00:54.143, 0, 1063 MHz, 13237 MiB, 33.14 W
2026/10/06 11:00:54.146, 1, 1063 MHz, 13499 MiB, 40.12 W
2026/10/06 11:00:54.149, 2, 1063 MHz, 15575 MiB, 63.23 W
2026/10/06 11:00:54.152, 3, 1063 MHz, 15931 MiB, 62.74 W
2026/10/06 11:00:55.155, 0, 1063 MHz, 13237 MiB, 31.91 W
2026/10/06 11:00:55.158, 1, 1063 MHz, 13499 MiB, 35.54 W
2026/10/06 11:00:55.161, 2, 1063 MHz, 15575 MiB, 43.95 W
2026/10/06 11:00:55.164, 3, 1063 MHz, 15931 MiB, 81.24 W
2026/10/06 11:00:56.167, 0, 1063 MHz, 13237 MiB, 144.11 W
2026/10/06 11:00:56.170, 1, 1063 MHz, 13499 MiB, 31.90 W
2026/10/06 11:00:56.173, 2, 1063 MHz, 15575 MiB, 28.29 W
2026/10/06 11:00:56.176, 3, 1063 MHz, 15931 MiB, 29.95 W
2026/10/06 11:00:57.179, 0, 1063 MHz, 13237 MiB, 105.87 W
2026/10/06 11:00:57.183, 1, 1063 MHz, 13499 MiB, 31.41 W
2026/10/06 11:00:57.188, 2, 1063 MHz, 15575 MiB, 28.29 W
2026/10/06 11:00:57.191, 3, 1063 MHz, 15931 MiB, 29.72 W
2026/10/06 11:00:58.194, 0, 1063 MHz, 13237 MiB, 119.95 W
2026/10/06 11:00:58.197, 1, 1063 MHz, 13499 MiB, 31.41 W
2026/10/06 11:00:58.200, 2, 1063 MHz, 15575 MiB, 28.29 W
2026/10/06 11:00:58.203, 3, 1063 MHz, 15931 MiB, 29.72 W
2026/10/06 11:00:59.206, 0, 1063 MHz, 13237 MiB, 129.50 W
2026/10/06 11:00:59.210, 1, 1063 MHz, 13499 MiB, 31.41 W
2026/10/06 11:00:59.210, 2, 1063 MHz, 15575 MiB, 28.29 W
2026/10/06 11:00:59.214, 3, 1063 MHz, 15931 MiB, 29.46 W
2026/10/06 11:01:00.217, 0, 1063 MHz, 13237 MiB, 98.39 W
2026/10/06 11:01:00.221, 1, 1063 MHz, 13499 MiB, 31.41 W
2026/10/06 11:01:00.226, 2, 1063 MHz, 15575 MiB, 28.29 W
2026/10/06 11:01:00.229, 3, 1063 MHz, 15931 MiB, 29.48 W
2026/10/06 11:01:01.232, 0, 1063 MHz, 13237 MiB, 131.20 W
2026/10/06 11:01:01.235, 1, 1063 MHz, 13499 MiB, 31.41 W
2026/10/06 11:01:01.239, 2, 1063 MHz, 15575 MiB, 28.05 W
2026/10/06 11:01:01.242, 3, 1063 MHz, 15931 MiB, 29.48 W
2026/10/06 11:01:02.247, 0, 1063 MHz, 13237 MiB, 149.13 W
2026/10/06 11:01:02.250, 1, 1063 MHz, 13499 MiB, 31.41 W
2026/10/06 11:01:02.253, 2, 1063 MHz, 15575 MiB, 28.04 W
2026/10/06 11:01:02.259, 3, 1063 MHz, 15931 MiB, 29.46 W
2026/10/06 11:01:03.262, 0, 1063 MHz, 13237 MiB, 101.22 W
2026/10/06 11:01:03.265, 1, 1063 MHz, 13499 MiB, 31.41 W
2026/10/06 11:01:03.269, 2, 1063 MHz, 15575 MiB, 28.05 W
2026/10/06 11:01:03.272, 3, 1063 MHz, 15931 MiB, 29.48 W
2026/10/06 11:01:04.275, 0, 1063 MHz, 13237 MiB, 113.19 W
2026/10/06 11:01:04.295, 1, 1063 MHz, 13499 MiB, 115.97 W
2026/10/06 11:01:04.301, 2, 1063 MHz, 15575 MiB, 28.04 W
2026/10/06 11:01:04.304, 3, 1063 MHz, 15931 MiB, 29.46 W
2026/10/06 11:01:05.307, 0, 1063 MHz, 13237 MiB, 147.83 W
2026/10/06 11:01:05.312, 1, 1063 MHz, 13499 MiB, 107.07 W
2026/10/06 11:01:05.318, 2, 1063 MHz, 15575 MiB, 28.04 W
2026/10/06 11:01:05.323, 3, 1063 MHz, 15931 MiB, 29.44 W
2026/10/06 11:01:06.326, 0, 1063 MHz, 13237 MiB, 103.37 W
2026/10/06 11:01:06.331, 1, 1063 MHz, 13499 MiB, 103.53 W
2026/10/06 11:01:06.336, 2, 1063 MHz, 15575 MiB, 28.04 W
2026/10/06 11:01:06.341, 3, 1063 MHz, 15931 MiB, 29.46 W
2026/10/06 11:01:07.344, 0, 1063 MHz, 13237 MiB, 139.51 W
2026/10/06 11:01:07.350, 1, 1063 MHz, 13499 MiB, 105.20 W
2026/10/06 11:01:07.356, 2, 1063 MHz, 15575 MiB, 28.03 W
2026/10/06 11:01:07.361, 3, 1063 MHz, 15931 MiB, 29.44 W
2026/10/06 11:01:08.364, 0, 1063 MHz, 13237 MiB, 100.26 W
2026/10/06 11:01:08.369, 1, 1063 MHz, 13499 MiB, 125.76 W
2026/10/06 11:01:08.376, 2, 1063 MHz, 15575 MiB, 28.04 W
2026/10/06 11:01:08.381, 3, 1063 MHz, 15931 MiB, 29.46 W
2026/10/06 11:01:09.384, 0, 1063 MHz, 13237 MiB, 95.68 W
2026/10/06 11:01:09.389, 1, 1063 MHz, 13499 MiB, 98.29 W
2026/10/06 11:01:09.392, 2, 1063 MHz, 15575 MiB, 28.05 W
2026/10/06 11:01:09.395, 3, 1063 MHz, 15931 MiB, 29.22 W
2026/10/06 11:01:10.398, 0, 1063 MHz, 13237 MiB, 118.67 W
2026/10/06 11:01:10.401, 1, 1063 MHz, 13499 MiB, 134.65 W
2026/10/06 11:01:10.408, 2, 1063 MHz, 15575 MiB, 28.04 W
2026/10/06 11:01:10.414, 3, 1063 MHz, 15931 MiB, 29.20 W
2026/10/06 11:01:11.420, 0, 1063 MHz, 13237 MiB, 106.15 W
2026/10/06 11:01:11.426, 1, 1063 MHz, 13499 MiB, 102.56 W
2026/10/06 11:01:11.433, 2, 1063 MHz, 15575 MiB, 135.05 W
2026/10/06 11:01:11.439, 3, 1063 MHz, 15931 MiB, 29.20 W
2026/10/06 11:01:12.442, 0, 1063 MHz, 13237 MiB, 150.00 W
2026/10/06 11:01:12.448, 1, 1063 MHz, 13499 MiB, 94.12 W
2026/10/06 11:01:12.455, 2, 1063 MHz, 15575 MiB, 95.38 W
2026/10/06 11:01:12.467, 3, 1063 MHz, 15931 MiB, 28.96 W
2026/10/06 11:01:13.480, 0, 1063 MHz, 13237 MiB, 100.92 W
2026/10/06 11:01:13.485, 1, 1063 MHz, 13499 MiB, 93.41 W
2026/10/06 11:01:13.490, 2, 1063 MHz, 15575 MiB, 116.84 W
2026/10/06 11:01:13.494, 3, 1063 MHz, 15931 MiB, 28.98 W
2026/10/06 11:01:14.501, 0, 1063 MHz, 13237 MiB, 100.67 W
2026/10/06 11:01:14.506, 1, 1063 MHz, 13499 MiB, 101.11 W
2026/10/06 11:01:14.509, 2, 1063 MHz, 15575 MiB, 137.13 W
2026/10/06 11:01:14.515, 3, 1063 MHz, 15931 MiB, 28.96 W
2026/10/06 11:01:15.522, 0, 1063 MHz, 13237 MiB, 97.79 W
2026/10/06 11:01:15.525, 1, 1063 MHz, 13499 MiB, 123.85 W
2026/10/06 11:01:15.528, 2, 1063 MHz, 15575 MiB, 94.84 W
2026/10/06 11:01:15.532, 3, 1063 MHz, 15931 MiB, 28.96 W
2026/10/06 11:01:16.537, 0, 1063 MHz, 13237 MiB, 101.88 W
2026/10/06 11:01:16.540, 1, 1063 MHz, 13499 MiB, 100.15 W
2026/10/06 11:01:16.543, 2, 1063 MHz, 15575 MiB, 91.78 W
2026/10/06 11:01:16.546, 3, 1063 MHz, 15931 MiB, 28.98 W
2026/10/06 11:01:17.549, 0, 1063 MHz, 13237 MiB, 102.85 W
2026/10/06 11:01:17.554, 1, 1063 MHz, 13499 MiB, 98.47 W
2026/10/06 11:01:17.559, 2, 1063 MHz, 15575 MiB, 83.63 W
2026/10/06 11:01:17.562, 3, 1063 MHz, 15931 MiB, 28.96 W
2026/10/06 11:01:18.568, 0, 1063 MHz, 13237 MiB, 106.45 W
2026/10/06 11:01:18.571, 1, 1063 MHz, 13499 MiB, 36.95 W
2026/10/06 11:01:18.575, 2, 1063 MHz, 15575 MiB, 28.51 W
2026/10/06 11:01:18.580, 3, 1063 MHz, 15931 MiB, 97.27 W
2026/10/06 11:01:19.583, 0, 1063 MHz, 13237 MiB, 114.02 W
2026/10/06 11:01:19.587, 1, 1063 MHz, 13499 MiB, 98.16 W
2026/10/06 11:01:19.590, 2, 1063 MHz, 15575 MiB, 97.19 W
2026/10/06 11:01:19.594, 3, 1063 MHz, 15931 MiB, 115.27 W
2026/10/06 11:01:20.600, 0, 1063 MHz, 13237 MiB, 97.72 W
2026/10/06 11:01:20.606, 1, 1063 MHz, 13499 MiB, 111.56 W
2026/10/06 11:01:20.610, 2, 1063 MHz, 15575 MiB, 118.30 W
2026/10/06 11:01:20.613, 3, 1063 MHz, 15931 MiB, 106.93 W
2026/10/06 11:01:21.616, 0, 1063 MHz, 13237 MiB, 100.91 W
2026/10/06 11:01:21.617, 1, 1063 MHz, 13499 MiB, 101.28 W
2026/10/06 11:01:21.620, 2, 1063 MHz, 15575 MiB, 94.37 W
2026/10/06 11:01:21.623, 3, 1063 MHz, 15931 MiB, 95.98 W
2026/10/06 11:01:22.628, 0, 1063 MHz, 13237 MiB, 148.62 W
2026/10/06 11:01:22.632, 1, 1063 MHz, 13499 MiB, 96.90 W
2026/10/06 11:01:22.638, 2, 1063 MHz, 15575 MiB, 99.84 W
2026/10/06 11:01:22.641, 3, 1063 MHz, 15931 MiB, 123.43 W
2026/10/06 11:01:23.644, 0, 1063 MHz, 13237 MiB, 105.18 W
2026/10/06 11:01:23.649, 1, 1063 MHz, 13499 MiB, 98.40 W
2026/10/06 11:01:23.654, 2, 1063 MHz, 15575 MiB, 137.60 W
2026/10/06 11:01:23.660, 3, 1063 MHz, 15931 MiB, 97.43 W
2026/10/06 11:01:24.668, 0, 1063 MHz, 13237 MiB, 97.00 W
2026/10/06 11:01:24.671, 1, 1063 MHz, 13499 MiB, 96.30 W
2026/10/06 11:01:24.674, 2, 1063 MHz, 15575 MiB, 93.40 W
2026/10/06 11:01:24.680, 3, 1063 MHz, 15931 MiB, 98.11 W
2026/10/06 11:01:25.687, 0, 1063 MHz, 13237 MiB, 98.21 W
2026/10/06 11:01:25.690, 1, 1063 MHz, 13499 MiB, 123.74 W
2026/10/06 11:01:25.695, 2, 1063 MHz, 15575 MiB, 115.89 W
2026/10/06 11:01:25.701, 3, 1063 MHz, 15931 MiB, 93.82 W
2026/10/06 11:01:26.706, 0, 1063 MHz, 13237 MiB, 106.14 W
2026/10/06 11:01:26.709, 1, 1063 MHz, 13499 MiB, 123.03 W
2026/10/06 11:01:26.714, 2, 1063 MHz, 15575 MiB, 96.53 W
2026/10/06 11:01:26.721, 3, 1063 MHz, 15931 MiB, 101.22 W
2026/10/06 11:01:27.726, 0, 1063 MHz, 13237 MiB, 104.70 W
2026/10/06 11:01:27.729, 1, 1063 MHz, 13499 MiB, 145.44 W
2026/10/06 11:01:27.735, 2, 1063 MHz, 15575 MiB, 95.32 W
2026/10/06 11:01:27.740, 3, 1063 MHz, 15931 MiB, 100.74 W
2026/10/06 11:01:28.745, 0, 1063 MHz, 13237 MiB, 144.13 W
2026/10/06 11:01:28.749, 1, 1063 MHz, 13499 MiB, 104.17 W
2026/10/06 11:01:28.755, 2, 1063 MHz, 15575 MiB, 92.20 W
2026/10/06 11:01:28.758, 3, 1063 MHz, 15931 MiB, 99.59 W
2026/10/06 11:01:29.764, 0, 1063 MHz, 13237 MiB, 146.46 W
2026/10/06 11:01:29.768, 1, 1063 MHz, 13499 MiB, 145.99 W
2026/10/06 11:01:29.774, 2, 1063 MHz, 15575 MiB, 98.69 W
2026/10/06 11:01:29.779, 3, 1063 MHz, 15931 MiB, 103.37 W
2026/10/06 11:01:30.784, 0, 1063 MHz, 13237 MiB, 32.11 W
2026/10/06 11:01:30.787, 1, 1063 MHz, 13499 MiB, 145.78 W
2026/10/06 11:01:30.794, 2, 1063 MHz, 15575 MiB, 116.13 W
2026/10/06 11:01:30.799, 3, 1063 MHz, 15931 MiB, 126.31 W
2026/10/06 11:01:31.805, 0, 1063 MHz, 13237 MiB, 31.63 W
2026/10/06 11:01:31.808, 1, 1063 MHz, 13499 MiB, 102.80 W
2026/10/06 11:01:31.811, 2, 1063 MHz, 15575 MiB, 93.45 W
2026/10/06 11:01:31.815, 3, 1063 MHz, 15931 MiB, 102.98 W
2026/10/06 11:01:32.823, 0, 1063 MHz, 13237 MiB, 31.39 W
2026/10/06 11:01:32.826, 1, 1063 MHz, 13499 MiB, 128.15 W
2026/10/06 11:01:32.829, 2, 1063 MHz, 15575 MiB, 95.09 W
2026/10/06 11:01:32.834, 3, 1063 MHz, 15931 MiB, 99.37 W
2026/10/06 11:01:33.842, 0, 1063 MHz, 13237 MiB, 31.41 W
2026/10/06 11:01:33.845, 1, 1063 MHz, 13499 MiB, 103.35 W
2026/10/06 11:01:33.848, 2, 1063 MHz, 15575 MiB, 56.02 W
2026/10/06 11:01:33.853, 3, 1063 MHz, 15931 MiB, 31.40 W
2026/10/06 11:01:34.861, 0, 1063 MHz, 13237 MiB, 31.15 W
2026/10/06 11:01:34.864, 1, 1063 MHz, 13499 MiB, 102.25 W
2026/10/06 11:01:34.867, 2, 1063 MHz, 15575 MiB, 133.12 W
2026/10/06 11:01:34.875, 3, 1063 MHz, 15931 MiB, 147.85 W
2026/10/06 11:01:35.887, 0, 1063 MHz, 13237 MiB, 31.17 W
2026/10/06 11:01:35.892, 1, 1063 MHz, 13499 MiB, 93.90 W
2026/10/06 11:01:35.897, 2, 1063 MHz, 15575 MiB, 96.05 W
2026/10/06 11:01:35.900, 3, 1063 MHz, 15931 MiB, 100.09 W
2026/10/06 11:01:36.903, 0, 1063 MHz, 13237 MiB, 30.92 W
2026/10/06 11:01:36.907, 1, 1063 MHz, 13499 MiB, 95.33 W
2026/10/06 11:01:36.913, 2, 1063 MHz, 15575 MiB, 122.07 W
2026/10/06 11:01:36.918, 3, 1063 MHz, 15931 MiB, 143.77 W
2026/10/06 11:01:37.923, 0, 1063 MHz, 13237 MiB, 30.90 W
2026/10/06 11:01:37.926, 1, 1063 MHz, 13499 MiB, 93.41 W
2026/10/06 11:01:37.932, 2, 1063 MHz, 15575 MiB, 139.76 W
2026/10/06 11:01:37.937, 3, 1063 MHz, 15931 MiB, 144.97 W
2026/10/06 11:01:38.943, 0, 1063 MHz, 13237 MiB, 30.93 W
2026/10/06 11:01:38.946, 1, 1063 MHz, 13499 MiB, 32.86 W
2026/10/06 11:01:38.952, 2, 1063 MHz, 15575 MiB, 97.07 W
2026/10/06 11:01:38.957, 3, 1063 MHz, 15931 MiB, 102.32 W
2026/10/06 11:01:39.962, 0, 1063 MHz, 13237 MiB, 30.92 W
2026/10/06 11:01:39.967, 1, 1063 MHz, 13499 MiB, 32.36 W
2026/10/06 11:01:39.972, 2, 1063 MHz, 15575 MiB, 130.96 W
2026/10/06 11:01:39.977, 3, 1063 MHz, 15931 MiB, 149.79 W
2026/10/06 11:01:40.987, 0, 1063 MHz, 13237 MiB, 30.94 W
2026/10/06 11:01:40.990, 1, 1063 MHz, 13499 MiB, 32.14 W
2026/10/06 11:01:40.993, 2, 1063 MHz, 15575 MiB, 104.96 W
2026/10/06 11:01:40.998, 3, 1063 MHz, 15931 MiB, 115.26 W
2026/10/06 11:01:42.005, 0, 1063 MHz, 13237 MiB, 30.92 W
2026/10/06 11:01:42.008, 1, 1063 MHz, 13499 MiB, 32.12 W
2026/10/06 11:01:42.013, 2, 1063 MHz, 15575 MiB, 139.13 W
2026/10/06 11:01:42.016, 3, 1063 MHz, 15931 MiB, 146.51 W
2026/10/06 11:01:43.019, 0, 1063 MHz, 13237 MiB, 30.70 W
2026/10/06 11:01:43.022, 1, 1063 MHz, 13499 MiB, 31.91 W
2026/10/06 11:01:43.025, 2, 1063 MHz, 15575 MiB, 28.77 W
2026/10/06 11:01:43.031, 3, 1063 MHz, 15931 MiB, 94.43 W
2026/10/06 11:01:44.031, 0, 1063 MHz, 13237 MiB, 30.92 W
2026/10/06 11:01:44.038, 1, 1063 MHz, 13499 MiB, 31.90 W
2026/10/06 11:01:44.041, 2, 1063 MHz, 15575 MiB, 91.05 W
2026/10/06 11:01:44.043, 3, 1063 MHz, 15931 MiB, 125.04 W
2026/10/06 11:01:45.048, 0, 1063 MHz, 13237 MiB, 30.68 W
2026/10/06 11:01:45.051, 1, 1063 MHz, 13499 MiB, 31.89 W
2026/10/06 11:01:45.056, 2, 1063 MHz, 15575 MiB, 88.89 W
2026/10/06 11:01:45.059, 3, 1063 MHz, 15931 MiB, 150.59 W
2026/10/06 11:01:46.067, 0, 1063 MHz, 13237 MiB, 30.92 W
2026/10/06 11:01:46.070, 1, 1063 MHz, 13499 MiB, 31.88 W
2026/10/06 11:01:46.073, 2, 1063 MHz, 15575 MiB, 92.26 W
2026/10/06 11:01:46.076, 3, 1063 MHz, 15931 MiB, 105.87 W
2026/10/06 11:01:47.084, 0, 1063 MHz, 13237 MiB, 30.68 W
2026/10/06 11:01:47.087, 1, 1063 MHz, 13499 MiB, 31.89 W
2026/10/06 11:01:47.090, 2, 1063 MHz, 15575 MiB, 92.02 W
2026/10/06 11:01:47.095, 3, 1063 MHz, 15931 MiB, 151.07 W
2026/10/06 11:01:48.106, 0, 1063 MHz, 13237 MiB, 30.70 W
2026/10/06 11:01:48.109, 1, 1063 MHz, 13499 MiB, 31.90 W
2026/10/06 11:01:48.111, 2, 1063 MHz, 15575 MiB, 28.77 W
2026/10/06 11:01:48.114, 3, 1063 MHz, 15931 MiB, 106.43 W
2026/10/06 11:01:49.118, 0, 1063 MHz, 13237 MiB, 30.72 W
2026/10/06 11:01:49.120, 1, 1063 MHz, 13499 MiB, 31.90 W
2026/10/06 11:01:49.127, 2, 1063 MHz, 15575 MiB, 28.75 W
2026/10/06 11:01:49.134, 3, 1063 MHz, 15931 MiB, 136.27 W
2026/10/06 11:01:50.137, 0, 1063 MHz, 13237 MiB, 30.70 W
2026/10/06 11:01:50.140, 1, 1063 MHz, 13499 MiB, 31.90 W
2026/10/06 11:01:50.142, 2, 1063 MHz, 15575 MiB, 28.53 W
2026/10/06 11:01:50.145, 3, 1063 MHz, 15931 MiB, 144.42 W
2026/10/06 11:01:51.150, 0, 1063 MHz, 13237 MiB, 30.46 W
2026/10/06 11:01:51.221, 1, 1063 MHz, 13499 MiB, 31.90 W
2026/10/06 11:01:51.226, 2, 1063 MHz, 15575 MiB, 28.53 W
2026/10/06 11:01:51.229, 3, 1063 MHz, 15931 MiB, 94.92 W
2026/10/06 11:01:52.232, 0, 1063 MHz, 13237 MiB, 30.22 W
2026/10/06 11:01:52.238, 1, 1063 MHz, 13499 MiB, 31.66 W
2026/10/06 11:01:52.246, 2, 1063 MHz, 15575 MiB, 28.53 W
2026/10/06 11:01:52.252, 3, 1063 MHz, 15931 MiB, 99.44 W
2026/10/06 11:01:53.255, 0, 1063 MHz, 13237 MiB, 30.46 W
2026/10/06 11:01:53.258, 1, 1063 MHz, 13499 MiB, 31.66 W
2026/10/06 11:01:53.261, 2, 1063 MHz, 15575 MiB, 28.29 W
2026/10/06 11:01:53.266, 3, 1063 MHz, 15931 MiB, 125.77 W
2026/10/06 11:01:54.269, 0, 1063 MHz, 13237 MiB, 29.98 W
2026/10/06 11:01:54.272, 1, 1063 MHz, 13499 MiB, 31.66 W
2026/10/06 11:01:54.275, 2, 1063 MHz, 15575 MiB, 28.29 W
2026/10/06 11:01:54.278, 3, 1063 MHz, 15931 MiB, 143.00 W
2026/10/06 11:01:55.283, 0, 1063 MHz, 13237 MiB, 30.22 W
2026/10/06 11:01:55.286, 1, 1063 MHz, 13499 MiB, 31.66 W
2026/10/06 11:01:55.289, 2, 1063 MHz, 15575 MiB, 28.29 W
2026/10/06 11:01:55.292, 3, 1063 MHz, 15931 MiB, 96.61 W
2026/10/06 11:01:56.295, 0, 1063 MHz, 13237 MiB, 32.17 W
2026/10/06 11:01:56.298, 1, 1063 MHz, 13499 MiB, 31.68 W
2026/10/06 11:01:56.301, 2, 1063 MHz, 15575 MiB, 28.29 W
2026/10/06 11:01:56.304, 3, 1063 MHz, 15931 MiB, 31.17 W
2026/10/06 11:01:57.307, 0, 1063 MHz, 13237 MiB, 30.96 W
2026/10/06 11:01:57.310, 1, 1063 MHz, 13499 MiB, 38.19 W
2026/10/06 11:01:57.313, 2, 1063 MHz, 15575 MiB, 78.87 W
2026/10/06 11:01:57.316, 3, 1063 MHz, 15931 MiB, 49.50 W
2026/10/06 11:01:58.322, 0, 1063 MHz, 13237 MiB, 33.60 W
2026/10/06 11:01:58.325, 1, 1063 MHz, 13499 MiB, 41.32 W
2026/10/06 11:01:58.328, 2, 1063 MHz, 15575 MiB, 68.06 W
2026/10/06 11:01:58.331, 3, 1063 MHz, 15931 MiB, 57.19 W
2026/10/06 11:01:59.334, 0, 1063 MHz, 13237 MiB, 33.13 W
2026/10/06 11:01:59.337, 1, 1063 MHz, 13499 MiB, 39.15 W
2026/10/06 11:01:59.340, 2, 1063 MHz, 15575 MiB, 57.20 W
2026/10/06 11:01:59.343, 3, 1063 MHz, 15931 MiB, 65.85 W
2026/10/06 11:02:00.346, 0, 1063 MHz, 13237 MiB, 38.42 W
2026/10/06 11:02:00.349, 1, 1063 MHz, 13499 MiB, 63.27 W
2026/10/06 11:02:00.352, 2, 1063 MHz, 15575 MiB, 58.65 W
2026/10/06 11:02:00.355, 3, 1063 MHz, 15931 MiB, 31.17 W
2026/10/06 11:02:01.360, 0, 1063 MHz, 13237 MiB, 32.88 W
2026/10/06 11:02:01.363, 1, 1063 MHz, 13499 MiB, 39.15 W
2026/10/06 11:02:01.366, 2, 1063 MHz, 15575 MiB, 55.54 W
2026/10/06 11:02:01.369, 3, 1063 MHz, 15931 MiB, 66.54 W
2026/10/06 11:02:02.372, 0, 1063 MHz, 13237 MiB, 37.95 W
2026/10/06 11:02:02.375, 1, 1063 MHz, 13499 MiB, 57.48 W
2026/10/06 11:02:02.378, 2, 1063 MHz, 15575 MiB, 65.40 W
2026/10/06 11:02:02.381, 3, 1063 MHz, 15931 MiB, 31.40 W
2026/10/06 11:02:03.384, 0, 1063 MHz, 13237 MiB, 50.98 W
2026/10/06 11:02:03.387, 1, 1063 MHz, 13499 MiB, 33.83 W
2026/10/06 11:02:03.390, 2, 1063 MHz, 15575 MiB, 32.15 W
2026/10/06 11:02:03.393, 3, 1063 MHz, 15931 MiB, 41.53 W
2026/10/06 11:02:04.399, 0, 1063 MHz, 13237 MiB, 42.53 W
2026/10/06 11:02:04.402, 1, 1063 MHz, 13499 MiB, 64.96 W
2026/10/06 11:02:04.405, 2, 1063 MHz, 15575 MiB, 52.13 W
2026/10/06 11:02:04.408, 3, 1063 MHz, 15931 MiB, 32.38 W
2026/10/06 11:02:05.411, 0, 1063 MHz, 13237 MiB, 38.68 W
2026/10/06 11:02:05.414, 1, 1063 MHz, 13499 MiB, 62.54 W
2026/10/06 11:02:05.417, 2, 1063 MHz, 15575 MiB, 65.12 W
2026/10/06 11:02:05.422, 3, 1063 MHz, 15931 MiB, 31.17 W
