iso,elapsed_min,tg_3s_last,checkpoints,max_watermark,clamps,results_done,infra
2026-09-09T00:19:39-04:00,0,,0,0,0,0,0
2026-09-09T00:20:09-04:00,0,,0,0,0,0,0
2026-09-09T00:20:39-04:00,1,,3,13312,0,1,0
2026-09-09T00:21:09-04:00,1,24.98,6,13312,0,2,0
2026-09-09T00:21:39-04:00,2,24.98,12,13312,0,3,0
2026-09-09T00:22:09-04:00,2,24.13,15,13312,0,4,0
2026-09-09T00:22:39-04:00,3,24.53,18,13312,0,5,0
2026-09-09T00:23:09-04:00,3,25.37,21,13312,0,6,0
2026-09-09T00:23:39-04:00,4,24.62,21,13312,0,6,0
2026-09-09T00:24:09-04:00,4,24.63,21,13312,0,6,0
2026-09-09T00:24:39-04:00,5,24.50,21,13312,0,6,0
2026-09-09T00:25:09-04:00,5,24.82,21,13312,0,6,0
2026-09-09T00:25:39-04:00,6,24.26,21,13312,0,6,0
2026-09-09T00:26:09-04:00,6,24.55,21,13312,0,6,0
2026-09-09T00:26:39-04:00,7,24.88,21,13312,0,6,0
2026-09-09T00:27:09-04:00,7,24.84,21,13312,0,6,0
2026-09-09T00:27:39-04:00,8,24.18,21,13312,0,6,0
2026-09-09T00:28:09-04:00,8,24.61,21,13312,0,6,0
2026-09-09T00:28:39-04:00,9,24.28,21,13312,0,7,1
2026-09-09T00:29:09-04:00,9,25.12,24,13312,0,7,1
2026-09-09T00:29:39-04:00,10,24.56,24,13312,0,7,1
2026-09-09T00:30:10-04:00,10,23.98,24,13312,0,7,1
2026-09-09T00:30:40-04:00,11,24.31,24,13312,0,7,1
2026-09-09T00:31:10-04:00,11,24.69,24,13312,0,7,1
2026-09-09T00:31:40-04:00,12,24.20,24,13312,0,7,1
2026-09-09T00:32:10-04:00,12,24.57,24,13312,0,7,1
2026-09-09T00:32:40-04:00,13,24.21,24,13312,0,7,1
2026-09-09T00:33:10-04:00,13,24.78,24,13312,0,7,1
2026-09-09T00:33:40-04:00,14,24.73,24,13312,0,7,1
2026-09-09T00:34:10-04:00,14,24.20,24,13312,0,7,1
2026-09-09T00:34:40-04:00,15,24.82,24,13312,0,8,2
2026-09-09T00:35:10-04:00,15,25.46,27,13312,0,8,2
2026-09-09T00:35:40-04:00,16,24.07,27,13312,0,8,2
2026-09-09T00:36:10-04:00,16,23.98,27,13312,0,8,2
2026-09-09T00:36:40-04:00,17,24.22,27,13312,0,8,2
2026-09-09T00:37:10-04:00,17,24.20,27,13312,0,8,2
2026-09-09T00:37:40-04:00,18,24.65,27,13312,0,8,2
2026-09-09T00:38:10-04:00,18,24.32,27,13312,0,8,2
2026-09-09T00:38:40-04:00,19,24.30,27,13312,0,8,2
2026-09-09T00:39:10-04:00,19,24.90,27,13312,0,8,2
2026-09-09T00:39:40-04:00,20,25.03,27,13312,0,8,2
2026-09-09T00:40:11-04:00,20,25.03,27,13312,0,8,2
2026-09-09T00:40:41-04:00,21,24.91,27,13312,0,9,3
2026-09-09T00:41:11-04:00,21,25.22,30,13312,0,9,3
2026-09-09T00:41:41-04:00,22,24.29,30,13312,0,9,3
2026-09-09T00:42:11-04:00,22,24.66,30,13312,0,9,3
2026-09-09T00:42:41-04:00,23,24.71,30,13312,0,9,3
2026-09-09T00:43:11-04:00,23,24.82,30,13312,0,9,3
2026-09-09T00:43:41-04:00,24,25.46,30,13312,0,9,3
2026-09-09T00:44:11-04:00,24,25.42,30,13312,0,9,3
2026-09-09T00:44:41-04:00,25,25.37,30,13312,0,9,3
2026-09-09T00:45:11-04:00,25,25.30,30,13312,0,9,3
2026-09-09T00:45:41-04:00,26,25.26,30,13312,0,9,3
2026-09-09T00:46:11-04:00,26,25.19,30,13312,0,9,3
2026-09-09T00:46:41-04:00,27,24.20,30,13312,0,10,4
2026-09-09T00:47:11-04:00,27,25.61,33,13312,0,10,4
2026-09-09T00:47:41-04:00,28,24.72,33,13312,0,10,4
2026-09-09T00:48:11-04:00,28,24.69,33,13312,0,10,4
2026-09-09T00:48:41-04:00,29,24.35,33,13312,0,10,4
2026-09-09T00:49:11-04:00,29,24.09,33,13312,0,10,4
2026-09-09T00:49:41-04:00,30,24.46,33,13312,0,10,4
2026-09-09T00:50:11-04:00,30,24.32,33,13312,0,10,4
2026-09-09T00:50:41-04:00,31,24.82,33,13312,0,10,4
2026-09-09T00:51:12-04:00,31,24.45,33,13312,0,10,4
2026-09-09T00:51:42-04:00,32,25.00,33,13312,0,10,4
2026-09-09T00:52:12-04:00,32,24.66,33,13312,0,10,4
2026-09-09T00:52:42-04:00,33,24.64,33,13312,0,11,5
2026-09-09T00:53:12-04:00,33,25.61,36,13312,0,11,5
2026-09-09T00:53:42-04:00,34,25.45,36,13312,0,11,5
2026-09-09T00:54:12-04:00,34,25.36,36,13312,0,11,5
2026-09-09T00:54:42-04:00,35,24.99,36,13312,0,11,5
2026-09-09T00:55:12-04:00,35,25.14,36,13312,0,11,5
2026-09-09T00:55:42-04:00,36,25.47,36,13312,0,11,5
2026-09-09T00:56:12-04:00,36,25.45,36,13312,0,11,5
2026-09-09T00:56:42-04:00,37,25.50,36,13312,0,11,5
2026-09-09T00:57:12-04:00,37,25.46,36,13312,0,11,5
2026-09-09T00:57:42-04:00,38,25.41,36,13312,0,11,5
2026-09-09T00:58:12-04:00,38,25.21,36,13312,0,11,5
2026-09-09T00:58:42-04:00,39,25.15,36,13312,0,12,6
2026-09-09T00:59:12-04:00,39,25.47,39,13312,0,12,6
2026-09-09T00:59:42-04:00,40,25.14,39,13312,0,12,6
2026-09-09T01:00:12-04:00,40,25.22,39,13312,0,12,6
2026-09-09T01:00:42-04:00,41,25.29,39,13312,0,12,6
2026-09-09T01:01:12-04:00,41,25.58,39,13312,0,12,6
2026-09-09T01:01:43-04:00,42,25.62,39,13312,0,12,6
