1790782730,33,35.43,0,36,36.19,0,50000
1790782732,33,35.19,0,36,36.19,0,49000
1790782734,33,35.43,0,36,36.19,0,49000
1790782736,33,35.43,0,36,36.19,0,51000
1790782739,33,35.43,0,36,35.94,0,49000
1790782741,33,35.43,0,36,36.19,0,51000
1790782743,33,35.43,0,36,35.70,0,50000
1790782745,33,35.43,0,36,36.21,0,48000
1790782747,33,35.43,0,36,35.97,0,49000
1790782749,33,35.43,0,36,35.97,0,50000
1790782751,34,35.19,0,36,35.94,0,49000
1790782753,33,35.43,0,36,36.19,0,49000
1790782755,33,35.19,0,36,35.94,0,52000
1790782758,33,35.43,0,36,36.19,0,50000
1790782760,33,35.43,0,36,35.94,0,52000
1790782762,34,35.43,0,36,35.94,0,52000
1790782764,33,35.43,0,36,35.94,0,50000
1790782766,33,35.43,0,36,35.94,0,49000
1790782768,33,35.43,0,36,36.19,0,49000
1790782770,33,35.43,0,36,36.19,0,51000
1790782772,33,35.19,0,36,36.19,0,51000
1790782774,33,35.43,0,36,35.72,0,51000
1790782777,33,35.43,0,36,35.94,0,49000
1790782779,33,35.43,0,36,36.19,0,51000
1790782781,33,35.43,0,36,36.19,0,54000
1790782783,33,35.43,0,36,36.19,0,48000
1790782785,33,35.43,0,36,35.97,0,52000
1790782787,33,35.43,0,36,36.21,0,50000
1790782789,33,35.43,0,36,35.70,0,50000
1790782791,33,35.43,0,36,35.94,0,51000
1790782793,33,35.43,0,36,35.94,0,51000
1790782796,33,35.43,0,36,36.21,0,51000
1790782798,33,35.19,0,36,36.19,0,49000
1790782800,33,35.43,0,36,35.94,0,50000
1790782802,33,35.19,0,36,35.96,0,54000
1790782804,33,35.43,0,36,35.94,0,53000
1790782806,33,35.43,0,36,35.96,0,50000
1790782808,33,35.19,0,36,35.96,0,50000
1790782810,33,35.43,0,36,35.94,0,49000
1790782813,33,35.19,0,36,35.96,0,52000
1790782815,33,35.43,0,36,35.96,0,50000
1790782817,33,35.43,0,36,35.94,0,51000
1790782819,33,35.19,0,36,35.94,0,52000
1790782821,33,35.19,0,36,35.94,0,50000
1790782823,37,140.22,92,39,140.96,93,55000
1790782825,35,35.92,0,37,36.43,0,48000
1790782827,34,35.68,0,37,36.43,0,51000
1790782829,35,146.15,61,38,148.06,34,54000
1790782832,36,36.65,64,38,37.41,0,52000
1790782834,35,35.92,0,37,36.67,0,49000
1790782836,34,35.92,0,37,36.70,0,50000
1790782838,38,147.12,53,40,146.38,96,55000
1790782840,38,151.39,69,40,149.59,67,52000
1790782842,35,35.68,0,38,36.43,0,56000
1790782844,38,73.87,96,40,66.43,87,54000
1790782846,36,36.17,0,38,37.16,0,50000
1790782848,35,35.92,0,38,36.92,0,51000
1790782851,37,145.84,69,40,148.88,68,55000
1790782853,36,36.41,0,39,36.68,0,50000
1790782855,35,35.92,0,38,36.43,0,53000
1790782857,35,35.92,0,38,36.43,0,56000
1790782859,37,36.65,0,39,37.41,0,51000
1790782861,35,36.17,0,38,36.94,0,49000
1790782863,35,36.17,0,38,36.92,0,52000
1790782865,38,55.15,94,41,75.57,96,53000
1790782867,36,36.17,0,38,36.94,0,52000
1790782870,35,36.17,0,38,36.92,0,51000
1790782872,35,36.17,0,38,36.94,0,55000
1790782874,35,35.92,0,38,36.92,0,54000
1790782876,35,35.92,0,38,36.67,0,50000
1790782878,35,35.92,0,37,36.67,0,53000
1790782880,35,35.92,0,37,36.67,0,49000
1790782882,34,35.92,0,37,36.70,0,52000
1790782884,34,35.92,0,37,36.67,0,51000
1790782886,34,35.92,0,37,36.67,0,52000
1790782889,34,35.92,0,37,36.45,0,50000
1790782891,34,35.68,0,37,36.45,0,57000
1790782893,34,35.92,0,37,36.45,0,55000
1790782895,34,35.92,0,37,36.43,0,51000
1790782897,34,35.68,0,36,36.45,0,51000
1790782899,34,35.68,0,36,36.45,0,51000
1790782901,34,35.68,0,36,36.45,0,52000
1790782903,34,35.68,0,36,36.21,0,49000
1790782906,33,35.68,0,36,36.45,0,52000
1790782908,33,35.68,0,36,36.43,0,48000
1790782910,33,35.43,0,36,36.19,0,54000
1790782912,33,35.68,0,36,36.21,0,52000
1790782914,33,35.68,0,36,36.19,0,49000
1790782916,33,35.68,0,36,36.19,0,51000
1790782918,33,35.43,0,36,36.21,0,55000
1790782920,33,35.68,0,36,36.21,0,51000
1790782922,33,35.68,0,36,36.21,0,54000
1790782925,33,35.43,0,36,36.21,0,51000
1790782927,33,35.68,0,36,36.19,0,51000
