# phase	boundary	cursor	tier_fnv	wm	used	mapped_bytes
prepare	1	0	f9dbd55202e74853	256	0	8912896
prepare	2	0	f9dbd55202e74853	512	0	17301504
prepare	3	0	f9dbd55202e74853	1024	512	34078720
prepare	4	0	f9dbd55202e74853	1536	1024	50855936
prepare	5	0	f9dbd55202e74853	2048	1536	67633152
prepare	6	0	f9dbd55202e74853	2560	2048	84410368
prepare	7	0	f9dbd55202e74853	3072	2560	101187584
prepare	8	0	f9dbd55202e74853	3584	3072	117964800
prepare	9	0	f9dbd55202e74853	4096	3584	134742016
prepare	10	0	f9dbd55202e74853	4608	4096	151519232
prepare	11	0	f9dbd55202e74853	5120	4608	168296448
prepare	12	0	f9dbd55202e74853	5632	5120	185073664
prepare	13	0	f9dbd55202e74853	6144	5632	201850880
prepare	14	0	f9dbd55202e74853	6656	6144	218628096
prepare	15	0	f9dbd55202e74853	7168	6656	235405312
prepare	16	0	f9dbd55202e74853	7680	7168	252182528
prepare	17	0	f9dbd55202e74853	8192	7680	268959744
prepare	18	0	f9dbd55202e74853	8704	8192	285736960
prepare	19	0	f9dbd55202e74853	9216	8704	302514176
prepare	20	0	f9dbd55202e74853	9728	9216	319291392
prepare	21	0	f9dbd55202e74853	10240	9728	336068608
prepare	22	0	f9dbd55202e74853	10752	10240	352845824
prepare	23	0	f9dbd55202e74853	11264	10752	369623040
prepare	24	0	f9dbd55202e74853	11776	11264	386400256
prepare	25	0	f9dbd55202e74853	12288	11776	403177472
prepare	26	0	f9dbd55202e74853	12800	12288	419954688
prepare	27	0	f9dbd55202e74853	13312	12800	436731904
prepare	28	0	f9dbd55202e74853	13824	13312	453509120
prepare	29	0	f9dbd55202e74853	14336	13824	470286336
prepare	30	0	f9dbd55202e74853	14848	14336	487063552
prepare	31	0	f9dbd55202e74853	15360	14848	503840768
prepare	32	0	f9dbd55202e74853	15872	15360	520617984
prepare	33	0	f9dbd55202e74853	16384	15872	537395200
prepare	34	0	f9dbd55202e74853	16896	16384	554172416
prepare	35	0	f9dbd55202e74853	17408	16896	570949632
prepare	36	0	f9dbd55202e74853	17920	17408	587726848
prepare	37	0	f9dbd55202e74853	18432	17920	604504064
prepare	38	0	f9dbd55202e74853	18944	18432	621281280
prepare	39	0	f9dbd55202e74853	19456	18944	638058496
prepare	40	0	f9dbd55202e74853	19968	19456	654835712
prepare	41	0	f9dbd55202e74853	20480	19968	671612928
prepare	42	0	f9dbd55202e74853	20992	20480	688390144
prepare	43	0	f9dbd55202e74853	21504	20992	705167360
prepare	44	0	f9dbd55202e74853	22016	21504	721944576
prepare	45	0	f9dbd55202e74853	22528	22016	738721792
prepare	46	0	f9dbd55202e74853	23040	22528	755499008
prepare	47	0	f9dbd55202e74853	23552	23040	772276224
prepare	48	0	f9dbd55202e74853	24064	23552	789053440
prepare	49	1	f9a8d95202bbf586	24576	24064	804782080
prepare	50	1	f9a8d95202bbf586	25088	24576	797442048
prepare	51	2	f9a8ca5202bbdc09	25600	25088	812646400
prepare	52	2	f9a8ca5202bbdc09	26112	25600	803733504
prepare	53	3	88e3beca24b247b4	26624	26112	818413568
prepare	54	4	f29fa9c93ed3508f	27136	26624	806879232
prepare	55	4	f29fa9c93ed3508f	27648	27136	795344896
prepare	56	5	84f480ada4d67d1c	28160	27648	808976384
prepare	57	5	84f480ada4d67d1c	28672	28160	795869184
prepare	58	6	5911df9a4e843ac5	29184	28672	808976384
prepare	59	6	5911df9a4e843ac5	29696	29184	794296320
prepare	60	7	be74b215c728629a	30208	29696	806879232
prepare	61	7	be74b215c728629a	30720	30208	790626304
prepare	62	7	be74b215c728629a	31232	30720	803733504
prepare	63	8	97c903fa03950ecb	31744	31232	815792128
prepare	64	8	97c903fa03950ecb	32256	31744	797442048
prepare	65	9	70de5e2c33c88d88	32768	32256	808976384
prepare	66	0	f9dbd55202e74853	512	0	17301504
prepare	67	0	f9dbd55202e74853	1024	512	34078720
prepare	68	0	f9dbd55202e74853	1536	1024	50855936
prepare	69	0	f9dbd55202e74853	2048	1536	67633152
prepare	70	0	f9dbd55202e74853	2560	2048	84410368
prepare	71	0	f9dbd55202e74853	3072	2560	101187584
prepare	72	0	f9dbd55202e74853	3584	3072	117964800
prepare	73	0	f9dbd55202e74853	4096	3584	134742016
prepare	74	0	f9dbd55202e74853	4608	4096	151519232
prepare	75	0	f9dbd55202e74853	5120	4608	168296448
prepare	76	0	f9dbd55202e74853	5632	5120	185073664
prepare	77	0	f9dbd55202e74853	6144	5632	201850880
prepare	78	0	f9dbd55202e74853	6656	6144	218628096
prepare	79	0	f9dbd55202e74853	7168	6656	235405312
prepare	80	0	f9dbd55202e74853	7680	7168	252182528
prepare	81	0	f9dbd55202e74853	8192	7680	268959744
prepare	82	0	f9dbd55202e74853	8704	8192	285736960
prepare	83	0	f9dbd55202e74853	9216	8704	302514176
prepare	84	0	f9dbd55202e74853	9728	9216	319291392
prepare	85	0	f9dbd55202e74853	10240	9728	336068608
prepare	86	0	f9dbd55202e74853	10752	10240	352845824
prepare	87	0	f9dbd55202e74853	11264	10752	369623040
prepare	88	0	f9dbd55202e74853	11776	11264	386400256
prepare	89	0	f9dbd55202e74853	12288	11776	403177472
prepare	90	0	f9dbd55202e74853	12800	12288	419954688
prepare	91	0	f9dbd55202e74853	13312	12800	436731904
prepare	92	0	f9dbd55202e74853	13824	13312	453509120
prepare	93	0	f9dbd55202e74853	14336	13824	470286336
prepare	94	0	f9dbd55202e74853	14848	14336	487063552
prepare	95	0	f9dbd55202e74853	15360	14848	503840768
prepare	96	0	f9dbd55202e74853	15872	15360	520617984
prepare	97	0	f9dbd55202e74853	16384	15872	537395200
prepare	98	0	f9dbd55202e74853	16896	16384	554172416
prepare	99	0	f9dbd55202e74853	17408	16896	570949632
prepare	100	0	f9dbd55202e74853	17920	17408	587726848
prepare	101	0	f9dbd55202e74853	18432	17920	604504064
prepare	102	0	f9dbd55202e74853	18944	18432	621281280
prepare	103	0	f9dbd55202e74853	19456	18944	638058496
prepare	104	0	f9dbd55202e74853	19968	19456	654835712
prepare	105	0	f9dbd55202e74853	20480	19968	671612928
prepare	106	0	f9dbd55202e74853	20992	20480	688390144
prepare	107	0	f9dbd55202e74853	21504	20992	705167360
prepare	108	0	f9dbd55202e74853	22016	21504	721944576
prepare	109	0	f9dbd55202e74853	22528	22016	738721792
prepare	110	0	f9dbd55202e74853	23040	22528	755499008
prepare	111	0	f9dbd55202e74853	23552	23040	772276224
prepare	112	0	f9dbd55202e74853	24064	23552	789053440
prepare	113	1	f9a8d95202bbf586	24576	24064	804782080
prepare	114	1	f9a8d95202bbf586	25088	24576	797442048
prepare	115	2	f9a8ca5202bbdc09	25600	25088	812646400
prepare	116	2	f9a8ca5202bbdc09	26112	25600	803733504
prepare	117	3	88e3beca24b247b4	26624	26112	818413568
prepare	118	4	f29fa9c93ed3508f	27136	26624	806879232
prepare	119	4	f29fa9c93ed3508f	27648	27136	795344896
prepare	120	5	84f480ada4d67d1c	28160	27648	808976384
prepare	121	5	84f480ada4d67d1c	28672	28160	795869184
prepare	122	6	5911df9a4e843ac5	29184	28672	808976384
prepare	123	6	5911df9a4e843ac5	29696	29184	794296320
prepare	124	7	be74b215c728629a	30208	29696	806879232
prepare	125	7	be74b215c728629a	30720	30208	790626304
prepare	126	7	be74b215c728629a	31232	30720	803733504
prepare	127	8	97c903fa03950ecb	31744	31232	815792128
prepare	128	8	97c903fa03950ecb	32256	31744	797442048
prepare	129	9	70de5e2c33c88d88	32768	32256	808976384
prepare	130	0	f9dbd55202e74853	512	0	17301504
prepare	131	0	f9dbd55202e74853	1024	512	34078720
prepare	132	0	f9dbd55202e74853	1536	1024	50855936
prepare	133	0	f9dbd55202e74853	2048	1536	67633152
prepare	134	0	f9dbd55202e74853	2560	2048	84410368
prepare	135	0	f9dbd55202e74853	3072	2560	101187584
prepare	136	0	f9dbd55202e74853	3584	3072	117964800
prepare	137	0	f9dbd55202e74853	4096	3584	134742016
prepare	138	0	f9dbd55202e74853	4608	4096	151519232
prepare	139	0	f9dbd55202e74853	5120	4608	168296448
prepare	140	0	f9dbd55202e74853	5632	5120	185073664
prepare	141	0	f9dbd55202e74853	6144	5632	201850880
prepare	142	0	f9dbd55202e74853	6656	6144	218628096
prepare	143	0	f9dbd55202e74853	7168	6656	235405312
prepare	144	0	f9dbd55202e74853	7680	7168	252182528
prepare	145	0	f9dbd55202e74853	8192	7680	268959744
prepare	146	0	f9dbd55202e74853	8704	8192	285736960
prepare	147	0	f9dbd55202e74853	9216	8704	302514176
prepare	148	0	f9dbd55202e74853	9728	9216	319291392
prepare	149	0	f9dbd55202e74853	10240	9728	336068608
prepare	150	0	f9dbd55202e74853	10752	10240	352845824
prepare	151	0	f9dbd55202e74853	11264	10752	369623040
prepare	152	0	f9dbd55202e74853	11776	11264	386400256
prepare	153	0	f9dbd55202e74853	12288	11776	403177472
prepare	154	0	f9dbd55202e74853	12800	12288	419954688
prepare	155	0	f9dbd55202e74853	13312	12800	436731904
prepare	156	0	f9dbd55202e74853	13824	13312	453509120
prepare	157	0	f9dbd55202e74853	14336	13824	470286336
prepare	158	0	f9dbd55202e74853	14848	14336	487063552
prepare	159	0	f9dbd55202e74853	15360	14848	503840768
prepare	160	0	f9dbd55202e74853	15872	15360	520617984
prepare	161	0	f9dbd55202e74853	16384	15872	537395200
prepare	162	0	f9dbd55202e74853	16896	16384	554172416
prepare	163	0	f9dbd55202e74853	17408	16896	570949632
prepare	164	0	f9dbd55202e74853	17920	17408	587726848
prepare	165	0	f9dbd55202e74853	18432	17920	604504064
prepare	166	0	f9dbd55202e74853	18944	18432	621281280
prepare	167	0	f9dbd55202e74853	19456	18944	638058496
prepare	168	0	f9dbd55202e74853	19968	19456	654835712
prepare	169	0	f9dbd55202e74853	20480	19968	671612928
prepare	170	0	f9dbd55202e74853	20992	20480	688390144
prepare	171	0	f9dbd55202e74853	21504	20992	705167360
prepare	172	0	f9dbd55202e74853	22016	21504	721944576
prepare	173	0	f9dbd55202e74853	22528	22016	738721792
prepare	174	0	f9dbd55202e74853	23040	22528	755499008
prepare	175	0	f9dbd55202e74853	23552	23040	772276224
prepare	176	0	f9dbd55202e74853	24064	23552	789053440
prepare	177	1	f9a8d95202bbf586	24576	24064	804782080
prepare	178	1	f9a8d95202bbf586	25088	24576	797442048
prepare	179	2	f9a8ca5202bbdc09	25600	25088	812646400
prepare	180	2	f9a8ca5202bbdc09	26112	25600	803733504
prepare	181	3	88e3beca24b247b4	26624	26112	818413568
prepare	182	4	f29fa9c93ed3508f	27136	26624	806879232
prepare	183	4	f29fa9c93ed3508f	27648	27136	795344896
prepare	184	5	84f480ada4d67d1c	28160	27648	808976384
prepare	185	5	84f480ada4d67d1c	28672	28160	795869184
prepare	186	6	5911df9a4e843ac5	29184	28672	808976384
prepare	187	6	5911df9a4e843ac5	29696	29184	794296320
prepare	188	7	be74b215c728629a	30208	29696	806879232
prepare	189	7	be74b215c728629a	30720	30208	790626304
prepare	190	7	be74b215c728629a	31232	30720	803733504
prepare	191	8	97c903fa03950ecb	31744	31232	815792128
prepare	192	8	97c903fa03950ecb	32256	31744	797442048
prepare	193	9	70de5e2c33c88d88	32768	32256	808976384
prepare	194	0	f9dbd55202e74853	512	0	17301504
prepare	195	0	f9dbd55202e74853	1024	512	34078720
prepare	196	0	f9dbd55202e74853	1536	1024	50855936
prepare	197	0	f9dbd55202e74853	2048	1536	67633152
prepare	198	0	f9dbd55202e74853	2560	2048	84410368
prepare	199	0	f9dbd55202e74853	3072	2560	101187584
prepare	200	0	f9dbd55202e74853	3584	3072	117964800
prepare	201	0	f9dbd55202e74853	4096	3584	134742016
prepare	202	0	f9dbd55202e74853	4608	4096	151519232
prepare	203	0	f9dbd55202e74853	5120	4608	168296448
prepare	204	0	f9dbd55202e74853	5632	5120	185073664
prepare	205	0	f9dbd55202e74853	6144	5632	201850880
prepare	206	0	f9dbd55202e74853	6656	6144	218628096
prepare	207	0	f9dbd55202e74853	7168	6656	235405312
prepare	208	0	f9dbd55202e74853	7680	7168	252182528
prepare	209	0	f9dbd55202e74853	8192	7680	268959744
prepare	210	0	f9dbd55202e74853	8704	8192	285736960
prepare	211	0	f9dbd55202e74853	9216	8704	302514176
prepare	212	0	f9dbd55202e74853	9728	9216	319291392
prepare	213	0	f9dbd55202e74853	10240	9728	336068608
prepare	214	0	f9dbd55202e74853	10752	10240	352845824
prepare	215	0	f9dbd55202e74853	11264	10752	369623040
prepare	216	0	f9dbd55202e74853	11776	11264	386400256
prepare	217	0	f9dbd55202e74853	12288	11776	403177472
prepare	218	0	f9dbd55202e74853	12800	12288	419954688
prepare	219	0	f9dbd55202e74853	13312	12800	436731904
prepare	220	0	f9dbd55202e74853	13824	13312	453509120
prepare	221	0	f9dbd55202e74853	14336	13824	470286336
prepare	222	0	f9dbd55202e74853	14848	14336	487063552
prepare	223	0	f9dbd55202e74853	15360	14848	503840768
prepare	224	0	f9dbd55202e74853	15872	15360	520617984
prepare	225	0	f9dbd55202e74853	16384	15872	537395200
prepare	226	0	f9dbd55202e74853	16896	16384	554172416
prepare	227	0	f9dbd55202e74853	17408	16896	570949632
prepare	228	0	f9dbd55202e74853	17920	17408	587726848
prepare	229	0	f9dbd55202e74853	18432	17920	604504064
prepare	230	0	f9dbd55202e74853	18944	18432	621281280
prepare	231	0	f9dbd55202e74853	19456	18944	638058496
prepare	232	0	f9dbd55202e74853	19968	19456	654835712
prepare	233	0	f9dbd55202e74853	20480	19968	671612928
prepare	234	0	f9dbd55202e74853	20992	20480	688390144
prepare	235	0	f9dbd55202e74853	21504	20992	705167360
prepare	236	0	f9dbd55202e74853	22016	21504	721944576
prepare	237	0	f9dbd55202e74853	22528	22016	738721792
prepare	238	0	f9dbd55202e74853	23040	22528	755499008
prepare	239	0	f9dbd55202e74853	23552	23040	772276224
prepare	240	0	f9dbd55202e74853	24064	23552	789053440
prepare	241	1	f9a8d95202bbf586	24576	24064	804782080
prepare	242	1	f9a8d95202bbf586	25088	24576	797442048
prepare	243	2	f9a8ca5202bbdc09	25600	25088	812646400
prepare	244	2	f9a8ca5202bbdc09	26112	25600	803733504
prepare	245	3	88e3beca24b247b4	26624	26112	818413568
prepare	246	4	f29fa9c93ed3508f	27136	26624	806879232
prepare	247	4	f29fa9c93ed3508f	27648	27136	795344896
prepare	248	5	84f480ada4d67d1c	28160	27648	808976384
prepare	249	5	84f480ada4d67d1c	28672	28160	795869184
prepare	250	6	5911df9a4e843ac5	29184	28672	808976384
prepare	251	6	5911df9a4e843ac5	29696	29184	794296320
prepare	252	7	be74b215c728629a	30208	29696	806879232
prepare	253	7	be74b215c728629a	30720	30208	790626304
prepare	254	7	be74b215c728629a	31232	30720	803733504
prepare	255	8	97c903fa03950ecb	31744	31232	815792128
prepare	256	8	97c903fa03950ecb	32256	31744	797442048
prepare	257	9	70de5e2c33c88d88	32768	32256	808976384
prepare	258	0	f9dbd55202e74853	512	0	17301504
prepare	259	0	f9dbd55202e74853	1024	512	34078720
prepare	260	0	f9dbd55202e74853	1536	1024	50855936
prepare	261	0	f9dbd55202e74853	2048	1536	67633152
prepare	262	0	f9dbd55202e74853	2560	2048	84410368
prepare	263	0	f9dbd55202e74853	3072	2560	101187584
prepare	264	0	f9dbd55202e74853	3584	3072	117964800
prepare	265	0	f9dbd55202e74853	4096	3584	134742016
prepare	266	0	f9dbd55202e74853	4608	4096	151519232
prepare	267	0	f9dbd55202e74853	5120	4608	168296448
prepare	268	0	f9dbd55202e74853	5632	5120	185073664
prepare	269	0	f9dbd55202e74853	6144	5632	201850880
prepare	270	0	f9dbd55202e74853	6656	6144	218628096
prepare	271	0	f9dbd55202e74853	7168	6656	235405312
prepare	272	0	f9dbd55202e74853	7680	7168	252182528
prepare	273	0	f9dbd55202e74853	8192	7680	268959744
prepare	274	0	f9dbd55202e74853	8704	8192	285736960
prepare	275	0	f9dbd55202e74853	9216	8704	302514176
prepare	276	0	f9dbd55202e74853	9728	9216	319291392
prepare	277	0	f9dbd55202e74853	10240	9728	336068608
prepare	278	0	f9dbd55202e74853	10752	10240	352845824
prepare	279	0	f9dbd55202e74853	11264	10752	369623040
prepare	280	0	f9dbd55202e74853	11776	11264	386400256
prepare	281	0	f9dbd55202e74853	12288	11776	403177472
prepare	282	0	f9dbd55202e74853	12800	12288	419954688
prepare	283	0	f9dbd55202e74853	13312	12800	436731904
prepare	284	0	f9dbd55202e74853	13824	13312	453509120
prepare	285	0	f9dbd55202e74853	14336	13824	470286336
prepare	286	0	f9dbd55202e74853	14848	14336	487063552
prepare	287	0	f9dbd55202e74853	15360	14848	503840768
prepare	288	0	f9dbd55202e74853	15872	15360	520617984
prepare	289	0	f9dbd55202e74853	16384	15872	537395200
prepare	290	0	f9dbd55202e74853	16896	16384	554172416
prepare	291	0	f9dbd55202e74853	17408	16896	570949632
prepare	292	0	f9dbd55202e74853	17920	17408	587726848
prepare	293	0	f9dbd55202e74853	18432	17920	604504064
prepare	294	0	f9dbd55202e74853	18944	18432	621281280
prepare	295	0	f9dbd55202e74853	19456	18944	638058496
prepare	296	0	f9dbd55202e74853	19968	19456	654835712
prepare	297	0	f9dbd55202e74853	20480	19968	671612928
prepare	298	0	f9dbd55202e74853	20992	20480	688390144
prepare	299	0	f9dbd55202e74853	21504	20992	705167360
prepare	300	0	f9dbd55202e74853	22016	21504	721944576
prepare	301	0	f9dbd55202e74853	22528	22016	738721792
prepare	302	0	f9dbd55202e74853	23040	22528	755499008
prepare	303	0	f9dbd55202e74853	23552	23040	772276224
prepare	304	0	f9dbd55202e74853	24064	23552	789053440
prepare	305	1	f9a8d95202bbf586	24576	24064	804782080
prepare	306	1	f9a8d95202bbf586	25088	24576	797442048
prepare	307	2	f9a8ca5202bbdc09	25600	25088	812646400
prepare	308	2	f9a8ca5202bbdc09	26112	25600	803733504
prepare	309	3	88e3beca24b247b4	26624	26112	818413568
prepare	310	4	f29fa9c93ed3508f	27136	26624	806879232
prepare	311	4	f29fa9c93ed3508f	27648	27136	795344896
prepare	312	5	84f480ada4d67d1c	28160	27648	808976384
prepare	313	5	84f480ada4d67d1c	28672	28160	795869184
prepare	314	6	5911df9a4e843ac5	29184	28672	808976384
prepare	315	6	5911df9a4e843ac5	29696	29184	794296320
prepare	316	7	be74b215c728629a	30208	29696	806879232
prepare	317	7	be74b215c728629a	30720	30208	790626304
prepare	318	7	be74b215c728629a	31232	30720	803733504
prepare	319	8	97c903fa03950ecb	31744	31232	815792128
prepare	320	8	97c903fa03950ecb	32256	31744	797442048
prepare	321	9	70de5e2c33c88d88	32768	32256	808976384
prepare	322	0	f9dbd55202e74853	512	0	17301504
prepare	323	0	f9dbd55202e74853	1024	512	34078720
prepare	324	0	f9dbd55202e74853	1536	1024	50855936
prepare	325	0	f9dbd55202e74853	2048	1536	67633152
prepare	326	0	f9dbd55202e74853	2560	2048	84410368
prepare	327	0	f9dbd55202e74853	3072	2560	101187584
prepare	328	0	f9dbd55202e74853	3584	3072	117964800
prepare	329	0	f9dbd55202e74853	4096	3584	134742016
prepare	330	0	f9dbd55202e74853	4608	4096	151519232
prepare	331	0	f9dbd55202e74853	5120	4608	168296448
prepare	332	0	f9dbd55202e74853	5632	5120	185073664
prepare	333	0	f9dbd55202e74853	6144	5632	201850880
prepare	334	0	f9dbd55202e74853	6656	6144	218628096
prepare	335	0	f9dbd55202e74853	7168	6656	235405312
prepare	336	0	f9dbd55202e74853	7680	7168	252182528
prepare	337	0	f9dbd55202e74853	8192	7680	268959744
prepare	338	0	f9dbd55202e74853	8704	8192	285736960
prepare	339	0	f9dbd55202e74853	9216	8704	302514176
prepare	340	0	f9dbd55202e74853	9728	9216	319291392
prepare	341	0	f9dbd55202e74853	10240	9728	336068608
prepare	342	0	f9dbd55202e74853	10752	10240	352845824
prepare	343	0	f9dbd55202e74853	11264	10752	369623040
prepare	344	0	f9dbd55202e74853	11776	11264	386400256
prepare	345	0	f9dbd55202e74853	12288	11776	403177472
prepare	346	0	f9dbd55202e74853	12800	12288	419954688
prepare	347	0	f9dbd55202e74853	13312	12800	436731904
prepare	348	0	f9dbd55202e74853	13824	13312	453509120
prepare	349	0	f9dbd55202e74853	14336	13824	470286336
prepare	350	0	f9dbd55202e74853	14848	14336	487063552
prepare	351	0	f9dbd55202e74853	15360	14848	503840768
prepare	352	0	f9dbd55202e74853	15872	15360	520617984
prepare	353	0	f9dbd55202e74853	16384	15872	537395200
prepare	354	0	f9dbd55202e74853	16896	16384	554172416
prepare	355	0	f9dbd55202e74853	17408	16896	570949632
prepare	356	0	f9dbd55202e74853	17920	17408	587726848
prepare	357	0	f9dbd55202e74853	18432	17920	604504064
prepare	358	0	f9dbd55202e74853	18944	18432	621281280
prepare	359	0	f9dbd55202e74853	19456	18944	638058496
prepare	360	0	f9dbd55202e74853	19968	19456	654835712
prepare	361	0	f9dbd55202e74853	20480	19968	671612928
prepare	362	0	f9dbd55202e74853	20992	20480	688390144
prepare	363	0	f9dbd55202e74853	21504	20992	705167360
prepare	364	0	f9dbd55202e74853	22016	21504	721944576
prepare	365	0	f9dbd55202e74853	22528	22016	738721792
prepare	366	0	f9dbd55202e74853	23040	22528	755499008
prepare	367	0	f9dbd55202e74853	23552	23040	772276224
prepare	368	0	f9dbd55202e74853	24064	23552	789053440
prepare	369	1	f9a8d95202bbf586	24576	24064	804782080
prepare	370	1	f9a8d95202bbf586	25088	24576	797442048
prepare	371	2	f9a8ca5202bbdc09	25600	25088	812646400
prepare	372	2	f9a8ca5202bbdc09	26112	25600	803733504
prepare	373	3	88e3beca24b247b4	26624	26112	818413568
prepare	374	4	f29fa9c93ed3508f	27136	26624	806879232
prepare	375	4	f29fa9c93ed3508f	27648	27136	795344896
prepare	376	5	84f480ada4d67d1c	28160	27648	808976384
prepare	377	5	84f480ada4d67d1c	28672	28160	795869184
prepare	378	6	5911df9a4e843ac5	29184	28672	808976384
prepare	379	6	5911df9a4e843ac5	29696	29184	794296320
prepare	380	7	be74b215c728629a	30208	29696	806879232
prepare	381	7	be74b215c728629a	30720	30208	790626304
prepare	382	7	be74b215c728629a	31232	30720	803733504
prepare	383	8	97c903fa03950ecb	31744	31232	815792128
prepare	384	8	97c903fa03950ecb	32256	31744	797442048
prepare	385	9	70de5e2c33c88d88	32768	32256	808976384
prepare	386	0	f9dbd55202e74853	512	0	17301504
prepare	387	0	f9dbd55202e74853	1024	512	34078720
prepare	388	0	f9dbd55202e74853	1536	1024	50855936
prepare	389	0	f9dbd55202e74853	2048	1536	67633152
prepare	390	0	f9dbd55202e74853	2560	2048	84410368
prepare	391	0	f9dbd55202e74853	3072	2560	101187584
prepare	392	0	f9dbd55202e74853	3584	3072	117964800
prepare	393	0	f9dbd55202e74853	4096	3584	134742016
prepare	394	0	f9dbd55202e74853	4608	4096	151519232
prepare	395	0	f9dbd55202e74853	5120	4608	168296448
prepare	396	0	f9dbd55202e74853	5632	5120	185073664
prepare	397	0	f9dbd55202e74853	6144	5632	201850880
prepare	398	0	f9dbd55202e74853	6656	6144	218628096
prepare	399	0	f9dbd55202e74853	7168	6656	235405312
prepare	400	0	f9dbd55202e74853	7680	7168	252182528
prepare	401	0	f9dbd55202e74853	8192	7680	268959744
prepare	402	0	f9dbd55202e74853	8704	8192	285736960
prepare	403	0	f9dbd55202e74853	9216	8704	302514176
prepare	404	0	f9dbd55202e74853	9728	9216	319291392
prepare	405	0	f9dbd55202e74853	10240	9728	336068608
prepare	406	0	f9dbd55202e74853	10752	10240	352845824
prepare	407	0	f9dbd55202e74853	11264	10752	369623040
prepare	408	0	f9dbd55202e74853	11776	11264	386400256
prepare	409	0	f9dbd55202e74853	12288	11776	403177472
prepare	410	0	f9dbd55202e74853	12800	12288	419954688
prepare	411	0	f9dbd55202e74853	13312	12800	436731904
prepare	412	0	f9dbd55202e74853	13824	13312	453509120
prepare	413	0	f9dbd55202e74853	14336	13824	470286336
prepare	414	0	f9dbd55202e74853	14848	14336	487063552
prepare	415	0	f9dbd55202e74853	15360	14848	503840768
prepare	416	0	f9dbd55202e74853	15872	15360	520617984
prepare	417	0	f9dbd55202e74853	16384	15872	537395200
prepare	418	0	f9dbd55202e74853	16896	16384	554172416
prepare	419	0	f9dbd55202e74853	17408	16896	570949632
prepare	420	0	f9dbd55202e74853	17920	17408	587726848
prepare	421	0	f9dbd55202e74853	18432	17920	604504064
prepare	422	0	f9dbd55202e74853	18944	18432	621281280
prepare	423	0	f9dbd55202e74853	19456	18944	638058496
prepare	424	0	f9dbd55202e74853	19968	19456	654835712
prepare	425	0	f9dbd55202e74853	20480	19968	671612928
prepare	426	0	f9dbd55202e74853	20992	20480	688390144
prepare	427	0	f9dbd55202e74853	21504	20992	705167360
prepare	428	0	f9dbd55202e74853	22016	21504	721944576
prepare	429	0	f9dbd55202e74853	22528	22016	738721792
prepare	430	0	f9dbd55202e74853	23040	22528	755499008
prepare	431	0	f9dbd55202e74853	23552	23040	772276224
prepare	432	0	f9dbd55202e74853	24064	23552	789053440
prepare	433	1	f9a8d95202bbf586	24576	24064	804782080
prepare	434	1	f9a8d95202bbf586	25088	24576	797442048
prepare	435	2	f9a8ca5202bbdc09	25600	25088	812646400
prepare	436	2	f9a8ca5202bbdc09	26112	25600	803733504
prepare	437	3	88e3beca24b247b4	26624	26112	818413568
prepare	438	4	f29fa9c93ed3508f	27136	26624	806879232
prepare	439	4	f29fa9c93ed3508f	27648	27136	795344896
prepare	440	5	84f480ada4d67d1c	28160	27648	808976384
prepare	441	5	84f480ada4d67d1c	28672	28160	795869184
prepare	442	6	5911df9a4e843ac5	29184	28672	808976384
prepare	443	6	5911df9a4e843ac5	29696	29184	794296320
prepare	444	7	be74b215c728629a	30208	29696	806879232
prepare	445	7	be74b215c728629a	30720	30208	790626304
prepare	446	7	be74b215c728629a	31232	30720	803733504
prepare	447	8	97c903fa03950ecb	31744	31232	815792128
prepare	448	8	97c903fa03950ecb	32256	31744	797442048
prepare	449	9	70de5e2c33c88d88	32768	32256	808976384
prepare	450	0	f9dbd55202e74853	512	0	17301504
prepare	451	0	f9dbd55202e74853	1024	512	34078720
prepare	452	0	f9dbd55202e74853	1536	1024	50855936
prepare	453	0	f9dbd55202e74853	2048	1536	67633152
prepare	454	0	f9dbd55202e74853	2560	2048	84410368
prepare	455	0	f9dbd55202e74853	3072	2560	101187584
prepare	456	0	f9dbd55202e74853	3584	3072	117964800
prepare	457	0	f9dbd55202e74853	4096	3584	134742016
prepare	458	0	f9dbd55202e74853	4608	4096	151519232
prepare	459	0	f9dbd55202e74853	5120	4608	168296448
prepare	460	0	f9dbd55202e74853	5632	5120	185073664
prepare	461	0	f9dbd55202e74853	6144	5632	201850880
prepare	462	0	f9dbd55202e74853	6656	6144	218628096
prepare	463	0	f9dbd55202e74853	7168	6656	235405312
prepare	464	0	f9dbd55202e74853	7680	7168	252182528
prepare	465	0	f9dbd55202e74853	8192	7680	268959744
prepare	466	0	f9dbd55202e74853	8704	8192	285736960
prepare	467	0	f9dbd55202e74853	9216	8704	302514176
prepare	468	0	f9dbd55202e74853	9728	9216	319291392
prepare	469	0	f9dbd55202e74853	10240	9728	336068608
prepare	470	0	f9dbd55202e74853	10752	10240	352845824
prepare	471	0	f9dbd55202e74853	11264	10752	369623040
prepare	472	0	f9dbd55202e74853	11776	11264	386400256
prepare	473	0	f9dbd55202e74853	12288	11776	403177472
prepare	474	0	f9dbd55202e74853	12800	12288	419954688
prepare	475	0	f9dbd55202e74853	13312	12800	436731904
prepare	476	0	f9dbd55202e74853	13824	13312	453509120
prepare	477	0	f9dbd55202e74853	14336	13824	470286336
prepare	478	0	f9dbd55202e74853	14848	14336	487063552
prepare	479	0	f9dbd55202e74853	15360	14848	503840768
prepare	480	0	f9dbd55202e74853	15872	15360	520617984
prepare	481	0	f9dbd55202e74853	16384	15872	537395200
prepare	482	0	f9dbd55202e74853	16896	16384	554172416
prepare	483	0	f9dbd55202e74853	17408	16896	570949632
prepare	484	0	f9dbd55202e74853	17920	17408	587726848
prepare	485	0	f9dbd55202e74853	18432	17920	604504064
prepare	486	0	f9dbd55202e74853	18944	18432	621281280
prepare	487	0	f9dbd55202e74853	19456	18944	638058496
prepare	488	0	f9dbd55202e74853	19968	19456	654835712
prepare	489	0	f9dbd55202e74853	20480	19968	671612928
prepare	490	0	f9dbd55202e74853	20992	20480	688390144
prepare	491	0	f9dbd55202e74853	21504	20992	705167360
prepare	492	0	f9dbd55202e74853	22016	21504	721944576
prepare	493	0	f9dbd55202e74853	22528	22016	738721792
prepare	494	0	f9dbd55202e74853	23040	22528	755499008
prepare	495	0	f9dbd55202e74853	23552	23040	772276224
prepare	496	0	f9dbd55202e74853	24064	23552	789053440
prepare	497	1	f9a8d95202bbf586	24576	24064	804782080
prepare	498	1	f9a8d95202bbf586	25088	24576	797442048
prepare	499	2	f9a8ca5202bbdc09	25600	25088	812646400
prepare	500	2	f9a8ca5202bbdc09	26112	25600	803733504
prepare	501	3	88e3beca24b247b4	26624	26112	818413568
prepare	502	4	f29fa9c93ed3508f	27136	26624	806879232
prepare	503	4	f29fa9c93ed3508f	27648	27136	795344896
prepare	504	5	84f480ada4d67d1c	28160	27648	808976384
prepare	505	5	84f480ada4d67d1c	28672	28160	795869184
prepare	506	6	5911df9a4e843ac5	29184	28672	808976384
prepare	507	6	5911df9a4e843ac5	29696	29184	794296320
prepare	508	7	be74b215c728629a	30208	29696	806879232
prepare	509	7	be74b215c728629a	30720	30208	790626304
prepare	510	7	be74b215c728629a	31232	30720	803733504
prepare	511	8	97c903fa03950ecb	31744	31232	815792128
prepare	512	8	97c903fa03950ecb	32256	31744	797442048
prepare	513	9	70de5e2c33c88d88	32768	32256	808976384
prepare	514	0	f9dbd55202e74853	512	0	17301504
prepare	515	0	f9dbd55202e74853	1024	512	34078720
prepare	516	0	f9dbd55202e74853	1536	1024	50855936
prepare	517	0	f9dbd55202e74853	2048	1536	67633152
prepare	518	0	f9dbd55202e74853	2560	2048	84410368
prepare	519	0	f9dbd55202e74853	3072	2560	101187584
prepare	520	0	f9dbd55202e74853	3584	3072	117964800
prepare	521	0	f9dbd55202e74853	4096	3584	134742016
prepare	522	0	f9dbd55202e74853	4608	4096	151519232
prepare	523	0	f9dbd55202e74853	5120	4608	168296448
prepare	524	0	f9dbd55202e74853	5632	5120	185073664
prepare	525	0	f9dbd55202e74853	6144	5632	201850880
prepare	526	0	f9dbd55202e74853	6656	6144	218628096
prepare	527	0	f9dbd55202e74853	7168	6656	235405312
prepare	528	0	f9dbd55202e74853	7680	7168	252182528
prepare	529	0	f9dbd55202e74853	8192	7680	268959744
prepare	530	0	f9dbd55202e74853	8704	8192	285736960
prepare	531	0	f9dbd55202e74853	9216	8704	302514176
prepare	532	0	f9dbd55202e74853	9728	9216	319291392
prepare	533	0	f9dbd55202e74853	10240	9728	336068608
prepare	534	0	f9dbd55202e74853	10752	10240	352845824
prepare	535	0	f9dbd55202e74853	11264	10752	369623040
prepare	536	0	f9dbd55202e74853	11776	11264	386400256
prepare	537	0	f9dbd55202e74853	12288	11776	403177472
prepare	538	0	f9dbd55202e74853	12800	12288	419954688
prepare	539	0	f9dbd55202e74853	13312	12800	436731904
prepare	540	0	f9dbd55202e74853	13824	13312	453509120
prepare	541	0	f9dbd55202e74853	14336	13824	470286336
prepare	542	0	f9dbd55202e74853	14848	14336	487063552
prepare	543	0	f9dbd55202e74853	15360	14848	503840768
prepare	544	0	f9dbd55202e74853	15872	15360	520617984
prepare	545	0	f9dbd55202e74853	16384	15872	537395200
prepare	546	0	f9dbd55202e74853	16896	16384	554172416
prepare	547	0	f9dbd55202e74853	17408	16896	570949632
prepare	548	0	f9dbd55202e74853	17920	17408	587726848
prepare	549	0	f9dbd55202e74853	18432	17920	604504064
prepare	550	0	f9dbd55202e74853	18944	18432	621281280
prepare	551	0	f9dbd55202e74853	19456	18944	638058496
prepare	552	0	f9dbd55202e74853	19968	19456	654835712
prepare	553	0	f9dbd55202e74853	20480	19968	671612928
prepare	554	0	f9dbd55202e74853	20992	20480	688390144
prepare	555	0	f9dbd55202e74853	21504	20992	705167360
prepare	556	0	f9dbd55202e74853	22016	21504	721944576
prepare	557	0	f9dbd55202e74853	22528	22016	738721792
prepare	558	0	f9dbd55202e74853	23040	22528	755499008
prepare	559	0	f9dbd55202e74853	23552	23040	772276224
prepare	560	0	f9dbd55202e74853	24064	23552	789053440
prepare	561	1	f9a8d95202bbf586	24576	24064	804782080
prepare	562	1	f9a8d95202bbf586	25088	24576	797442048
prepare	563	2	f9a8ca5202bbdc09	25600	25088	812646400
prepare	564	2	f9a8ca5202bbdc09	26112	25600	803733504
prepare	565	3	88e3beca24b247b4	26624	26112	818413568
prepare	566	4	f29fa9c93ed3508f	27136	26624	806879232
prepare	567	4	f29fa9c93ed3508f	27648	27136	795344896
prepare	568	5	84f480ada4d67d1c	28160	27648	808976384
prepare	569	5	84f480ada4d67d1c	28672	28160	795869184
prepare	570	6	5911df9a4e843ac5	29184	28672	808976384
prepare	571	6	5911df9a4e843ac5	29696	29184	794296320
prepare	572	7	be74b215c728629a	30208	29696	806879232
prepare	573	7	be74b215c728629a	30720	30208	790626304
prepare	574	7	be74b215c728629a	31232	30720	803733504
prepare	575	8	97c903fa03950ecb	31744	31232	815792128
prepare	576	8	97c903fa03950ecb	32256	31744	797442048
prepare	577	9	70de5e2c33c88d88	32768	32256	808976384
