Time (%),Total Time (ns),Instances,Avg (ns),Med (ns),Min (ns),Max (ns),StdDev (ns),Name
81.5,114715559978,704,162948238.6,176859443.5,15205527,240326154,73519933.9,"void <unnamed>::gemv_batch_kernel<sq::Q6_K>(const unsigned char *, float *, const float *, int, int, int, unsigned long, int, int)"
12.7,17804245275,11274,1579230.6,479196.0,164127,6576847,2346646.4,"void <unnamed>::gemv_row_kernel<sq::Q6_K>(<unnamed>::MultiArgs, const float *, int, unsigned long, int)"
4.4,6229414767,96,64889737.2,64887122.5,64671841,65039368,60209.6,"void <unnamed>::gemv_batch_kernel<sq::Q8_0>(const unsigned char *, float *, const float *, int, int, int, unsigned long, int, int)"
0.4,508092772,50112,10139.1,10048.0,9567,18816,504.2,"void <unnamed>::gdn_core_kernel<(int)128>(float *, const float *, const float *, const float *, const float *, const float *, const float *, const float *, float *, int, float)"
0.3,461286297,1982,232737.8,286718.0,172126,292958,57430.9,"void <unnamed>::gemv_row_kernel<sq::Q8_0>(<unnamed>::MultiArgs, const float *, int, unsigned long, int)"
0.2,334253475,17726,18856.7,18943.0,9152,42271,3614.0,"void <unnamed>::attn_split_kernel<(int)256, (int)3, __half>(const float *, int, int, const unsigned char *, const unsigned char *, unsigned long, unsigned long, int, int, int, int, int, float, float *, float *, float *, float *, unsigned int *)"
0.2,273497904,192,1424468.3,1424485.0,1419702,1430485,2109.3,"void <unnamed>::gemv_batch_kernel<sq::DenseF32>(const unsigned char *, float *, const float *, int, int, int, unsigned long, int, int)"
0.1,166594677,50112,3324.4,3231.0,3040,18592,494.3,"<unnamed>::gdn_conv_kernel(float *, float *, const float *, int, int)"
0.1,85766820,17726,4838.5,4767.0,4480,15040,414.7,"void <unnamed>::attn_prep_kernel<__half>(float *, const float *, const float *, T1 *, T1 *, const void *, int, const void *, int, float, int, int, int, int, double, int, unsigned int *, int)"
0.1,73559767,6926,10620.8,8576.0,7232,68416,10534.7,"<unnamed>::rms_norm_rows(float *, const float *, const void *, int, int, float)"
0.0,33491722,2430,13782.6,2944.0,2688,210047,45961.7,"<unnamed>::glu_act(float *, const float *, int, int)"
0.0,12315719,1022,12050.6,12063.0,11584,12704,158.0,"mtp_stem_kernel(float *, const float *, const float *, const void *, int, const void *, int, int, float)"
0.0,10364605,1920,5398.2,5344.0,4832,12224,366.0,"void <unnamed>::gemv_row_kernel<sq::DenseF32>(<unnamed>::MultiArgs, const float *, int, unsigned long, int)"
