Time (%),Total Time (ns),Instances,Avg (ns),Med (ns),Min (ns),Max (ns),StdDev (ns),GridXYZ,BlockXYZ,Name
43.7,61439725478,256,239998927.6,239994092.5,239700758,240326154,115325.0,17408    1    1, 256    1    1,"void <unnamed>::gemv_batch_kernel<sq::Q6_K>(const unsigned char *, float *, const float *, int, int, int, unsigned long, int, int)"
17.9,25184289823,160,157401811.4,176877078.0,79399111,176991529,39101123.7,5120    1    1, 256    1    1,"void <unnamed>::gemv_batch_kernel<sq::Q6_K>(const unsigned char *, float *, const float *, int, int, int, unsigned long, int, int)"
9.7,13585547731,96,141516122.2,141512503.5,141355669,141664810,66846.4,10240    1    1, 256    1    1,"void <unnamed>::gemv_batch_kernel<sq::Q6_K>(const unsigned char *, float *, const float *, int, int, int, unsigned long, int, int)"
9.6,13438068842,2066,6504389.6,6493262.0,6472015,6576847,21869.2,248320    1    1, 256    1    1,"void <unnamed>::gemv_row_kernel<sq::Q6_K>(<unnamed>::MultiArgs, const float *, int, unsigned long, int)"
5.8,8116524939,96,84547134.8,84545148.5,84427128,84664199,52478.2,6144    1    1, 256    1    1,"void <unnamed>::gemv_batch_kernel<sq::Q6_K>(const unsigned char *, float *, const float *, int, int, int, unsigned long, int, int)"
4.4,6229414767,96,64889737.2,64887122.5,64671841,65039368,60209.6,5120    1    1, 256    1    1,"void <unnamed>::gemv_batch_kernel<sq::Q8_0>(const unsigned char *, float *, const float *, int, int, int, unsigned long, int, int)"
3.8,5414871487,32,169214734.0,169229204.0,169064208,169382092,78717.0,12288    1    1, 256    1    1,"void <unnamed>::gemv_batch_kernel<sq::Q6_K>(const unsigned char *, float *, const float *, int, int, int, unsigned long, int, int)"
1.5,2106667484,2302,915146.6,914777.0,910266,927865,2956.0,34816    1    1, 256    1    1,"void <unnamed>::gemv_row_kernel<sq::Q6_K>(<unnamed>::MultiArgs, const float *, int, unsigned long, int)"
0.9,1326983560,3644,364155.8,478269.0,164127,487932,151260.6,5120    1    1, 256    1    1,"void <unnamed>::gemv_row_kernel<sq::Q6_K>(<unnamed>::MultiArgs, const float *, int, unsigned long, int)"
0.7,974600520,64,15228133.1,15226555.0,15205527,15264901,13059.5,1024    1    1, 256    1    1,"void <unnamed>::gemv_batch_kernel<sq::Q6_K>(const unsigned char *, float *, const float *, int, int, int, unsigned long, int, int)"
0.4,511104714,1342,380853.0,380541.5,377437,385981,1416.8,14336    1    1, 256    1    1,"void <unnamed>::gemv_row_kernel<sq::Q6_K>(<unnamed>::MultiArgs, const float *, int, unsigned long, int)"
0.4,508092772,50112,10139.1,10048.0,9567,18816,504.2,  48    1    1, 256    1    1,"void <unnamed>::gdn_core_kernel<(int)128>(float *, const float *, const float *, const float *, const float *, const float *, const float *, const float *, float *, int, float)"
0.3,461286297,1982,232737.8,286718.0,172126,292958,57430.9,5120    1    1, 256    1    1,"void <unnamed>::gemv_row_kernel<sq::Q8_0>(<unnamed>::MultiArgs, const float *, int, unsigned long, int)"
0.2,273497904,192,1424468.3,1424485.0,1419702,1430485,2109.3,  48    1    1, 256    1    1,"void <unnamed>::gemv_batch_kernel<sq::DenseF32>(const unsigned char *, float *, const float *, int, int, int, unsigned long, int, int)"
0.2,262111006,960,273032.3,272958.0,271326,278078,821.7,10240    1    1, 256    1    1,"void <unnamed>::gemv_row_kernel<sq::Q6_K>(<unnamed>::MultiArgs, const float *, int, unsigned long, int)"
0.1,191868484,9022,21266.7,21056.0,18272,42271,2024.4,   5    8    1, 256    1    1,"void <unnamed>::attn_split_kernel<(int)256, (int)3, __half>(const float *, int, int, const unsigned char *, const unsigned char *, unsigned long, unsigned long, int, int, int, int, int, float, float *, float *, float *, float *, unsigned int *)"
0.1,166594677,50112,3324.4,3231.0,3040,18592,494.3,  80    1    1, 128    1    1,"<unnamed>::gdn_conv_kernel(float *, float *, const float *, int, int)"
0.1,159309669,960,165947.6,165887.0,164383,168287,589.9,6144    1    1, 256    1    1,"void <unnamed>::gemv_row_kernel<sq::Q6_K>(<unnamed>::MultiArgs, const float *, int, unsigned long, int)"
0.1,85766820,17726,4838.5,4767.0,4480,15040,414.7,  28    1    1,  32    1    1,"void <unnamed>::attn_prep_kernel<__half>(float *, const float *, const float *, T1 *, T1 *, const void *, int, const void *, int, float, int, int, int, int, double, int, unsigned int *, int)"
0.0,57081262,6670,8557.9,8544.0,7232,17312,262.3,   1    1    1,1024    1    1,"<unnamed>::rms_norm_rows(float *, const float *, const void *, int, int, float)"
0.0,41638986,2176,19135.6,18976.0,18112,23040,663.3,   3    8    1, 256    1    1,"void <unnamed>::attn_split_kernel<(int)256, (int)3, __half>(const float *, int, int, const unsigned char *, const unsigned char *, unsigned long, unsigned long, int, int, int, int, int, float, float *, float *, float *, float *, unsigned int *)"
0.0,38313715,2176,17607.4,17504.0,15968,22016,721.3,   2    8    1, 256    1    1,"void <unnamed>::attn_split_kernel<(int)256, (int)3, __half>(const float *, int, int, const unsigned char *, const unsigned char *, unsigned long, unsigned long, int, int, int, int, int, float, float *, float *, float *, float *, unsigned int *)"
0.0,38018599,2176,17471.8,17375.0,16512,21343,643.9,   4    8    1, 256    1    1,"void <unnamed>::attn_split_kernel<(int)256, (int)3, __half>(const float *, int, int, const unsigned char *, const unsigned char *, unsigned long, unsigned long, int, int, int, int, int, float, float *, float *, float *, float *, unsigned int *)"
0.0,26707351,128,208651.2,208591.0,207487,210047,486.4,34816    1    1, 256    1    1,"<unnamed>::glu_act(float *, const float *, int, int)"
0.0,24413691,2176,11219.5,11264.0,9152,20737,1436.6,   1    8    1, 256    1    1,"void <unnamed>::attn_split_kernel<(int)256, (int)3, __half>(const float *, int, int, const unsigned char *, const unsigned char *, unsigned long, unsigned long, int, int, int, int, int, float, float *, float *, float *, float *, unsigned int *)"
0.0,16478505,256,64369.2,64320.0,62944,68416,752.9, 512    1    1,1024    1    1,"<unnamed>::rms_norm_rows(float *, const float *, const void *, int, int, float)"
0.0,12315719,1022,12050.6,12063.0,11584,12704,158.0,   1    1    1,1024    1    1,"mtp_stem_kernel(float *, const float *, const float *, const void *, int, const void *, int, int, float)"
0.0,10364605,1920,5398.2,5344.0,4832,12224,366.0,  48    1    1, 256    1    1,"void <unnamed>::gemv_row_kernel<sq::DenseF32>(<unnamed>::MultiArgs, const float *, int, unsigned long, int)"
0.0,6784371,2302,2947.2,2944.0,2688,12768,334.4,  68    1    1, 256    1    1,"<unnamed>::glu_act(float *, const float *, int, int)"
