epoch,mem_avail_mb,mem_free_mb,cached_mb,swap_used_mb,gtt_used_mb,vram_used_mb
1789154114,22645,1924,20392,5678,172,1442
1789154115,22264,1502,20440,5670,173,1647
1789154116,22156,1393,20442,5669,165,13137
1789154117,21980,1217,20442,5669,165,14371
1789154118,22033,1269,20443,5669,167,14369
1789154119,21785,1320,20158,5700,167,14372
1789154120,21751,1422,20030,5705,165,14371
1789154121,21765,1496,19977,5708,165,14371
1789154122,21774,1539,19947,5711,165,14371
1789154123,21776,1541,19947,5711,165,14371
1789154124,21759,1524,19947,5711,165,14371
1789154125,21786,1570,19930,5712,165,14371
1789154126,21779,1563,19930,5712,165,14371
1789154127,21792,1591,19916,5712,165,14371
1789154128,21760,1559,19916,5712,165,14375
1789154129,21750,1548,19917,5712,165,14375
1789154130,21797,1595,19917,5711,165,14375
1789154131,21797,1595,19920,5708,165,14375
1789154132,21798,1596,19920,5708,165,14373
1789154133,21807,1604,19920,5708,159,14373
1789154134,21829,1641,19908,5708,159,14373
1789154135,21835,1647,19911,5708,159,14373
1789154136,21824,1635,19911,5708,159,14373
1789154137,21820,1628,19912,5708,159,14373
1789154138,21833,1641,19912,5708,159,14373
1789154139,21828,1637,19912,5708,159,14373
1789154140,21814,1622,19912,5708,159,14373
1789154142,21828,1636,19912,5708,159,14373
1789154143,21820,1628,19912,5708,157,14373
1789154144,21799,1607,19912,5708,157,14373
1789154145,21809,1613,19915,5708,157,14373
1789154146,21825,1629,19916,5708,157,14373
1789154147,21958,1760,19916,5708,157,14374
1789154148,21947,1750,19916,5708,157,14374
1789154149,21946,1749,19917,5708,157,14374
1789154150,21951,1754,19917,5708,157,14374
1789154151,21949,1748,19921,5708,157,14374
1789154152,21959,1757,19921,5708,157,14374
1789154153,21958,1757,19922,5707,157,14374
1789154154,21954,1751,19923,5707,157,14374
1789154155,21969,1766,19923,5707,157,14374
1789154156,21986,1783,19924,5707,157,14375
1789154157,21978,1774,19924,5707,157,14375
1789154158,21980,1776,19924,5707,157,14375
1789154159,21981,1777,19924,5707,157,14375
1789154160,21969,1761,19924,5702,159,14375
1789154161,21950,1741,19932,5702,159,14375
1789154162,21933,1725,19932,5702,157,14371
1789154163,21872,1663,19932,5702,157,14371
1789154164,21929,1720,19933,5702,157,14371
1789154165,21930,1720,19933,5702,157,14371
1789154166,21936,1720,19940,5702,157,14367
1789154167,21948,1731,19940,5702,157,14367
1789154168,21930,1705,19944,5702,163,14379
1789154169,21920,1695,19944,5702,163,14379
1789154170,21914,1697,19941,5702,163,14379
1789154171,21925,1708,19941,5702,163,14379
1789154172,21907,1689,19941,5702,163,14379
1789154173,21931,1713,19941,5701,163,14379
1789154174,21922,1705,19941,5701,163,14380
1789154175,21903,1685,19941,5700,165,14380
1789154176,21861,1644,19941,5647,167,14386
1789154177,21880,1663,19941,5646,167,14386
1789154178,21868,1651,19941,5646,167,14386
1789154179,21852,1634,19941,5646,167,14386
1789154180,21841,1624,19941,5646,163,14386
1789154181,21856,1639,19941,5646,163,14386
1789154182,21852,1634,19942,5646,163,14386
1789154183,21861,1643,19942,5646,163,14386
1789154184,21876,1658,19942,5646,163,14386
1789154185,21905,1685,19943,5646,163,14386
1789154186,21896,1677,19943,5646,163,14386
1789154187,21898,1678,19943,5646,163,14386
1789154188,21897,1676,19945,5646,163,14386
1789154189,21895,1674,19945,5646,163,14386
1789154190,21895,1673,19946,5646,163,14386
1789154191,21892,1670,19946,5646,163,14386
1789154192,21912,1689,19947,5646,163,14387
1789154193,21909,1686,19948,5646,163,14387
1789154194,21905,1681,19948,5646,163,14387
1789154195,21885,1660,19950,5646,163,14387
1789154196,21905,1680,19949,5646,163,14387
1789154197,21883,1656,19951,5646,163,14381
1789154198,21899,1672,19951,5646,161,14378
1789154199,21896,1669,19951,5646,161,14378
1789154200,21907,1680,19951,5646,161,14378
1789154201,21896,1669,19951,5646,161,14378
1789154202,21891,1663,19951,5646,161,14379
1789154203,21919,1691,19951,5646,161,14379
1789154204,21896,1669,19951,5645,161,14379
1789154205,21853,1598,19979,5645,161,14379
1789154206,22616,2361,19979,5645,155,1439
1789154207,22628,2373,19979,5645,155,1439
1789154208,22629,2374,19979,5645,155,1439
1789154228,22624,2368,19985,5642,161,1454
1789154229,22444,2188,19982,5642,161,1653
1789154230,22405,2148,19982,5642,161,13143
1789154231,22321,2064,19982,5642,161,14377
1789154232,22316,2059,19982,5642,157,14375
1789154233,21928,1765,19888,5644,157,14377
1789154234,21934,1831,19830,5644,157,14377
1789154235,21903,1844,19787,5642,159,14377
1789154236,21909,1892,19745,5639,161,14375
1789154237,21896,1896,19730,5637,161,14375
1789154238,21871,1893,19709,5637,161,14375
1789154239,21924,2043,19617,5637,161,14375
1789154240,21921,2046,19612,5637,161,14375
1789154241,21902,2022,19612,5637,161,14380
1789154242,21916,2065,19587,5637,161,14379
1789154243,21905,2048,19593,5637,161,14379
1789154244,21888,2038,19586,5637,161,14379
1789154245,21896,2045,19587,5637,161,14379
1789154247,21895,2045,19587,5637,161,14377
1789154248,21903,2052,19587,5636,161,14377
1789154249,21909,2062,19584,5636,161,14377
1789154250,21897,2050,19584,5636,161,14377
1789154251,21893,2046,19584,5636,161,14377
1789154252,21885,2037,19584,5636,161,14378
1789154253,21887,2039,19584,5636,161,14378
1789154254,21899,2051,19584,5636,161,14378
1789154255,21883,2035,19584,5636,161,14378
1789154256,21894,2050,19581,5636,161,14378
1789154257,21893,2048,19582,5636,161,14372
1789154258,21903,2058,19582,5636,161,14372
1789154259,21914,2068,19582,5636,161,14372
1789154260,21921,2075,19582,5636,161,14372
1789154261,21948,2106,19579,5635,161,14373
1789154262,21903,2061,19579,5635,161,14373
1789154263,21914,2074,19576,5635,161,14373
1789154264,21914,2074,19577,5635,161,14373
1789154265,21902,2062,19577,5635,161,14373
1789154266,21924,2084,19577,5635,161,14373
1789154267,21912,2072,19577,5635,161,14373
1789154268,21941,2110,19568,5635,161,14373
1789154269,21928,2097,19568,5635,161,14373
1789154270,21913,2082,19568,5635,161,14374
1789154271,21907,2075,19569,5635,161,14374
1789154272,21911,2088,19559,5635,161,14374
1789154273,21907,2083,19560,5635,161,14374
1789154274,21901,2077,19560,5635,161,14374
1789154275,21899,2071,19565,5635,161,14374
1789154276,21897,2069,19565,5635,161,14374
1789154277,21901,2072,19566,5635,161,14374
1789154278,21877,2044,19566,5635,161,14374
1789154279,21867,2031,19569,5634,161,14374
1789154280,21873,2032,19573,5634,161,14374
1789154281,21884,2048,19573,5634,161,14374
1789154282,21876,2041,19575,5634,161,14374
1789154283,21898,2062,19574,5634,161,14374
1789154284,21857,2012,19582,5632,163,14374
1789154285,21681,1828,19592,5632,163,14370
1789154286,21719,1865,19593,5632,161,14376
1789154287,21753,1993,19522,5632,161,14376
1789154288,21754,1991,19526,5632,159,14378
1789154289,21747,1981,19532,5630,161,14376
1789154290,21676,1910,19533,5630,161,14376
1789154291,21698,1931,19531,5630,161,14376
1789154292,21704,1937,19531,5630,161,14376
1789154293,21647,1880,19532,5630,161,14376
1789154294,21703,1938,19530,5630,161,14372
1789154295,21670,1904,19532,5625,163,14372
1789154296,21668,1901,19533,5625,163,14372
1789154297,21675,1908,19533,5625,163,14373
1789154298,21682,1914,19534,5625,163,14373
1789154299,21693,1925,19534,5625,163,14373
1789154300,21710,1941,19535,5625,163,14371
1789154301,21702,1932,19535,5625,163,14371
1789154302,21695,1925,19536,5625,163,14371
1789154303,21698,1928,19536,5625,163,14371
1789154304,21679,1908,19537,5624,163,14371
1789154305,21733,1956,19542,5624,163,14371
1789154306,21730,1953,19542,5623,163,14371
1789154307,21721,1945,19543,5623,163,14371
1789154308,21727,1950,19543,5623,163,14371
1789154309,21729,1953,19543,5623,163,14371
1789154310,21724,1947,19543,5623,163,14371
1789154311,21727,1950,19543,5623,163,14371
1789154312,21715,1938,19543,5623,163,14371
1789154313,21722,1946,19544,5623,163,14371
1789154314,21728,1951,19544,5623,163,14371
1789154315,21877,2100,19544,5623,163,14371
1789154316,21862,2085,19543,5623,163,14372
1789154317,21871,2094,19543,5623,163,14372
1789154318,21882,2105,19543,5623,163,14368
1789154319,21861,2084,19543,5623,163,14368
1789154320,21860,2083,19543,5623,163,14368
1789154321,21875,2098,19543,5623,163,14368
1789154322,21892,2088,19578,5584,173,14405
1789154323,21906,2101,19578,5584,173,14405
1789154324,21909,2104,19575,5582,173,14405
1789154325,21905,2100,19575,5582,169,14406
1789154326,21898,2093,19575,5582,169,14406
1789154327,21876,2071,19575,5582,169,14406
1789154328,21882,2077,19575,5582,169,14406
1789154329,21890,2085,19575,5582,169,14406
1789154330,21904,2099,19575,5582,169,14406
1789154331,21888,2083,19575,5582,169,14406
1789154332,21890,2085,19575,5582,169,14406
1789154333,21887,2081,19575,5582,169,14406
1789154334,21895,2090,19575,5582,169,14406
1789154335,21908,2098,19573,5582,169,14406
1789154336,21898,2088,19580,5582,169,14406
1789154337,21891,2080,19580,5582,169,14406
1789154338,21799,1995,19597,5582,171,14408
1789154339,21761,1930,19606,5569,173,14412
1789154340,21665,1817,19623,5564,175,14481
1789154341,21653,1804,19622,5563,175,14481
1789154342,21650,1801,19622,5563,175,14481
1789154343,21642,1793,19623,5563,175,14482
1789154344,21643,1794,19622,5563,167,14479
1789154345,21653,1804,19622,5563,167,14479
1789154346,21700,1847,19626,5563,167,14479
1789154347,21725,1876,19626,5563,169,14479
1789154349,21745,1895,19623,5563,169,14479
1789154350,21749,1899,19616,5563,169,14479
1789154351,21745,1895,19623,5563,169,14479
1789154352,21768,1918,19623,5563,169,14479
1789154353,21760,1910,19623,5563,135,14448
1789154354,21759,1899,19636,5562,137,14450
1789154355,21740,1881,19633,5558,137,14450
1789154356,21692,1832,19633,5545,145,14451
1789154357,21697,1837,19634,5544,145,14451
1789154358,21729,1868,19634,5544,145,14451
1789154359,21740,1879,19634,5544,139,14390
1789154360,21732,1870,19635,5544,139,14390
1789154361,21733,1867,19640,5544,139,14390
1789154362,21726,1859,19640,5544,139,14390
1789154363,21731,1863,19641,5544,139,14391
1789154364,21726,1857,19641,5544,139,14391
1789154365,21720,1851,19642,5543,147,14395
1789154366,21719,1850,19642,5543,129,14395
1789154367,21739,1869,19643,5543,138,14418
1789154368,21734,1860,19651,5543,144,14409
1789154369,21754,1877,19654,5543,150,14443
1789154370,21814,1922,19666,5543,146,14433
1789154371,21815,1923,19663,5543,140,14433
1789154372,21813,1921,19663,5543,140,14434
1789154373,21813,1922,19663,5543,140,14434
1789154374,21807,1916,19663,5542,140,14434
1789154375,21813,1918,19667,5542,140,14422
1789154376,21810,1915,19667,5542,140,14422
1789154377,21811,1916,19667,5542,140,14422
1789154378,21823,1928,19667,5542,140,14422
1789154379,21849,1954,19667,5542,140,14422
1789154380,21822,1923,19674,5542,148,14426
1789154381,21813,1914,19674,5542,146,14433
1789154382,21804,1901,19677,5542,138,14437
1789154383,21798,1893,19681,5542,140,14431
1789154384,21716,1799,19695,5537,164,14477
1789154385,22261,2376,19700,5535,152,13181
1789154386,22485,2564,19704,5535,129,1530
1789154387,22446,2525,19704,5535,127,1513
1789154388,22435,2537,19704,5535,127,1513
