epoch,arm,rep,mem_avail_mb,swap_used_mb,gtt_used_mb,vram_used_mb
1789160861,QWOPUS,1,20735,4306,104,1540
1789160863,QWOPUS,1,20769,4346,110,1739
1789160865,QWOPUS,1,20907,4527,110,1735
1789160867,QWOPUS,1,21129,4907,110,1733
1789160869,QWOPUS,1,21516,5386,110,1733
1789160871,QWOPUS,1,21947,5904,110,1729
1789160873,QWOPUS,1,22528,6519,110,1729
1789160875,QWOPUS,1,23037,7182,110,1729
1789160877,QWOPUS,1,23395,7678,110,1729
1789160879,QWOPUS,1,23208,7702,112,13200
1789160881,QWOPUS,1,23555,8129,112,13202
1789160883,QWOPUS,1,23537,8280,112,14448
1789160885,QWOPUS,1,23016,8280,112,14456
1789160887,QWOPUS,1,22999,8276,112,14456
1789160889,QWOPUS,1,22986,8272,112,14456
1789160891,QWOPUS,1,22982,8266,112,14456
1789160893,QWOPUS,1,22919,8262,112,14460
1789160895,QWOPUS,1,22918,8247,112,14460
1789160897,QWOPUS,1,22694,8030,114,14464
1789160899,QWOPUS,1,22677,8008,114,14457
1789160901,QWOPUS,1,22704,8001,114,14459
1789160903,QWOPUS,1,22692,7993,114,14460
1789160905,QWOPUS,1,22687,7988,108,14460
1789160907,QWOPUS,1,22684,7984,108,14460
1789160909,QWOPUS,1,22684,7951,108,14459
1789160911,QWOPUS,1,22675,7947,108,14459
1789160913,QWOPUS,1,22683,7945,108,14460
1789160915,QWOPUS,1,22676,7942,108,14460
1789160917,QWOPUS,1,22673,7940,108,14460
1789160919,QWOPUS,1,22674,7938,108,14460
1789160921,QWOPUS,1,22661,7936,108,14460
1789160923,QWOPUS,1,22632,7921,108,14486
1789160925,QWOPUS,1,22571,7857,112,14474
1789160927,QWOPUS,1,22591,7853,112,14474
1789160929,QWOPUS,1,22608,7843,112,14474
1789160931,QWOPUS,1,22602,7842,112,14474
1789160933,QWOPUS,1,22598,7835,112,14475
1789160935,QWOPUS,1,22611,7833,112,14475
1789160937,QWOPUS,1,22714,7832,112,14471
1789160939,QWOPUS,1,22716,7830,112,14471
1789160941,QWOPUS,1,22449,7822,114,14462
1789160943,QWOPUS,1,22624,7730,142,14487
1789160945,QWOPUS,1,22589,7706,139,14525
1789160947,QWOPUS,1,22537,7683,141,14515
1789160949,QWOPUS,1,22510,7670,129,14490
1789160951,QWOPUS,1,22505,7668,129,14485
1789160953,QWOPUS,1,22513,7668,129,14479
1789160955,QWOPUS,1,22484,7636,129,14479
1789160957,QWOPUS,1,22456,7633,129,14479
1789160959,QWOPUS,1,22410,7592,129,14480
1789160961,QWOPUS,1,22412,7592,127,14480
1789160963,QWOPUS,1,22398,7591,127,14480
1789160965,QWOPUS,1,22440,7589,127,14480
1789160967,QWOPUS,1,22439,7588,127,14480
1789160969,QWOPUS,1,22423,7583,127,14481
1789160971,QWOPUS,1,22442,7582,127,14481
1789160973,QWOPUS,1,22466,7582,127,14481
1789160975,QWOPUS,1,22456,7581,127,14481
1789160977,QWOPUS,1,22438,7579,127,14481
1789160979,QWOPUS,1,22446,7577,127,14481
1789160981,QWOPUS,1,22426,7577,127,14481
1789160983,QWOPUS,1,22413,7553,127,14481
1789160985,QWOPUS,1,22406,7552,127,14481
1789160987,QWOPUS,1,22389,7545,127,14482
1789160989,QWOPUS,1,22403,7544,127,14482
1789160991,QWOPUS,1,22400,7541,127,14482
1789160993,QWOPUS,1,22518,7540,127,14482
1789160995,QWOPUS,1,22528,7539,127,14482
1789160997,QWOPUS,1,22544,7538,127,14483
1789160999,QWOPUS,1,22537,7537,127,14483
1789161001,QWOPUS,1,22524,7537,127,14483
1789161003,QWOPUS,1,22512,7535,127,14478
1789161005,QWOPUS,1,22514,7520,127,14478
1789161007,QWOPUS,1,22502,7518,127,14479
1789161009,QWOPUS,1,22484,7518,127,14479
1789161011,QWOPUS,1,22510,7516,127,14479
1789161013,QWOPUS,1,22509,7516,127,14479
1789161015,QWOPUS,1,22473,7495,129,14482
1789161017,QWOPUS,1,22462,7487,129,14483
1789161019,QWOPUS,1,22462,7483,129,14483
1789161021,QWOPUS,1,22462,7483,129,14474
1789161023,QWOPUS,1,22457,7478,129,14474
1789161025,QWOPUS,1,22230,7477,129,14472
1789161027,QWOPUS,1,22240,7475,129,14472
1789161029,QWOPUS,1,22256,7475,129,14472
1789161031,QWOPUS,1,22261,7474,129,14472
1789161033,QWOPUS,1,22279,7474,129,14472
1789161035,QWOPUS,1,22302,7474,129,14472
1789161037,QWOPUS,1,22320,7473,129,14472
1789161039,QWOPUS,1,22304,7473,129,14472
1789161041,QWOPUS,1,23039,7472,116,1529
1789161069,BASE,1,22830,7204,108,1516
1789161071,BASE,1,23125,7279,110,1713
1789161073,BASE,1,23241,7434,112,1714
1789161075,BASE,1,23271,7451,112,1708
1789161077,BASE,1,23412,7788,112,13178
1789161079,BASE,1,23354,7962,118,13258
1789161081,BASE,1,23287,7991,114,14497
1789161083,BASE,1,22897,8093,114,14506
1789161085,BASE,1,22867,8106,114,14506
1789161087,BASE,1,22835,8091,114,14506
1789161089,BASE,1,22839,8082,114,14506
1789161091,BASE,1,22799,8072,114,14510
1789161093,BASE,1,22818,8071,114,14510
1789161095,BASE,1,22793,8063,114,14508
1789161097,BASE,1,22768,8059,114,14445
1789161099,BASE,1,22769,8057,114,14445
1789161101,BASE,1,22752,8056,114,14445
1789161103,BASE,1,22758,8053,114,14445
1789161105,BASE,1,22733,8046,114,14445
1789161107,BASE,1,22785,8012,114,14445
1789161109,BASE,1,22799,8001,114,14445
1789161111,BASE,1,22819,7995,114,14446
1789161113,BASE,1,22809,7989,114,14446
1789161115,BASE,1,22978,7973,114,14446
1789161117,BASE,1,22965,7973,114,14446
1789161119,BASE,1,22934,7967,114,14447
1789161121,BASE,1,22900,7952,118,14446
1789161123,BASE,1,22903,7949,110,14440
1789161125,BASE,1,22899,7946,110,14440
1789161127,BASE,1,22902,7942,110,14440
1789161129,BASE,1,22882,7941,110,14441
1789161131,BASE,1,22546,7630,110,14441
1789161133,BASE,1,22526,7629,110,14441
1789161135,BASE,1,22232,7576,112,14443
1789161137,BASE,1,22455,7604,110,14443
1789161139,BASE,1,22446,7602,110,14444
1789161141,BASE,1,22389,7569,110,14444
1789161143,BASE,1,22403,7568,110,14444
1789161145,BASE,1,22427,7568,110,14444
1789161148,BASE,1,22411,7567,110,14445
1789161150,BASE,1,22434,7566,110,14445
1789161152,BASE,1,22457,7566,110,14445
1789161154,BASE,1,22484,7564,110,14445
1789161156,BASE,1,22475,7560,110,14445
1789161158,BASE,1,22467,7560,110,14445
1789161160,BASE,1,22470,7559,110,14445
1789161162,BASE,1,22498,7547,110,14445
1789161164,BASE,1,22507,7543,110,14445
1789161166,BASE,1,22531,7543,110,14445
1789161168,BASE,1,22641,7542,110,14446
1789161170,BASE,1,22641,7542,110,14446
1789161172,BASE,1,22664,7541,110,14446
1789161174,BASE,1,22625,7540,110,14446
1789161176,BASE,1,22650,7538,110,14447
1789161178,BASE,1,22656,7538,110,14447
1789161180,BASE,1,22653,7538,110,14447
1789161182,BASE,1,22614,7536,110,14447
1789161184,BASE,1,22657,7535,110,14447
1789161186,BASE,1,22648,7532,110,14447
1789161188,BASE,1,22659,7531,110,14447
1789161190,BASE,1,22650,7531,110,14447
1789161192,BASE,1,22633,7529,110,14447
1789161194,BASE,1,22641,7529,110,14447
1789161196,BASE,1,22203,7341,112,14449
1789161198,BASE,1,22423,7382,108,14449
1789161200,BASE,1,22410,7381,108,14449
1789161202,BASE,1,22413,7380,108,14449
1789161204,BASE,1,22407,7379,108,14449
1789161206,BASE,1,22416,7376,108,14449
1789161208,BASE,1,22430,7374,108,14449
1789161210,BASE,1,22458,7368,108,14449
1789161212,BASE,1,22452,7368,108,14449
1789161214,BASE,1,22453,7367,108,14450
1789161216,BASE,1,22459,7362,108,14450
1789161218,BASE,1,22438,7362,108,14450
1789161220,BASE,1,22446,7362,108,14450
1789161222,BASE,1,22458,7361,108,14450
1789161224,BASE,1,22461,7361,108,14451
1789161226,BASE,1,22476,7359,108,14451
1789161228,BASE,1,22451,7359,108,14451
1789161230,BASE,1,22489,7359,108,14451
1789161232,BASE,1,22492,7358,108,14451
1789161234,BASE,1,22502,7356,108,14451
1789161236,BASE,1,22500,7355,108,14451
1789161238,BASE,1,22509,7355,108,14451
1789161240,BASE,1,22493,7355,108,14451
1789161242,BASE,1,22512,7353,110,14455
1789161244,BASE,1,22499,7353,110,14455
1789161246,BASE,1,22510,7135,142,13279
1789161248,BASE,1,23084,7134,130,1515
1789161290,DAVIDAU,1,23122,7104,134,1515
1789161292,DAVIDAU,1,23067,7162,138,1712
1789161294,DAVIDAU,1,23110,7215,136,1712
1789161296,DAVIDAU,1,23130,7405,136,14430
1789161298,DAVIDAU,1,22611,7443,136,14439
1789161300,DAVIDAU,1,22759,7640,136,14439
1789161302,DAVIDAU,1,22872,7662,136,14439
1789161304,DAVIDAU,1,22888,7726,136,14439
1789161306,DAVIDAU,1,22932,7719,136,14443
1789161308,DAVIDAU,1,22930,7740,136,14443
1789161310,DAVIDAU,1,22926,7737,136,14443
1789161312,DAVIDAU,1,22873,7731,136,14441
1789161314,DAVIDAU,1,22883,7730,136,14441
1789161316,DAVIDAU,1,22678,7681,138,14444
1789161318,DAVIDAU,1,22823,7777,138,14444
1789161320,DAVIDAU,1,22793,7775,138,14444
1789161322,DAVIDAU,1,22815,7795,134,14444
1789161324,DAVIDAU,1,22824,7805,134,14445
1789161326,DAVIDAU,1,22838,7833,134,14445
1789161328,DAVIDAU,1,22852,7829,134,14445
1789161330,DAVIDAU,1,22857,7842,134,14445
1789161332,DAVIDAU,1,22885,7856,134,14445
1789161334,DAVIDAU,1,22868,7855,134,14445
1789161336,DAVIDAU,1,22856,7852,134,14445
1789161338,DAVIDAU,1,22874,7870,134,14445
1789161340,DAVIDAU,1,22891,7892,134,14445
1789161342,DAVIDAU,1,22865,7874,134,14445
1789161344,DAVIDAU,1,22843,7859,134,14446
1789161346,DAVIDAU,1,22862,7858,134,14446
1789161348,DAVIDAU,1,22900,7884,134,14446
1789161350,DAVIDAU,1,22878,7881,134,14446
1789161352,DAVIDAU,1,22868,7879,134,14447
1789161354,DAVIDAU,1,22867,7878,134,14447
1789161356,DAVIDAU,1,22962,7875,134,14447
1789161358,DAVIDAU,1,22940,7876,134,14447
1789161360,DAVIDAU,1,23029,7894,134,14447
1789161362,DAVIDAU,1,23013,7894,134,14448
1789161364,DAVIDAU,1,23011,7892,134,14448
1789161366,DAVIDAU,1,23005,7892,134,14448
1789161368,DAVIDAU,1,22959,7888,138,14448
1789161370,DAVIDAU,1,23022,7915,136,14446
1789161372,DAVIDAU,1,22939,7866,176,14875
1789161374,DAVIDAU,1,22957,7881,174,14709
1789161376,DAVIDAU,1,22837,7909,142,14685
1789161378,DAVIDAU,1,22836,7960,138,14619
1789161380,DAVIDAU,1,22893,7982,138,14527
1789161382,DAVIDAU,1,22888,7975,138,14527
1789161384,DAVIDAU,1,22863,7972,140,14470
1789161386,DAVIDAU,1,22915,8001,138,14470
1789161388,DAVIDAU,1,22915,7998,136,14460
1789161390,DAVIDAU,1,22909,7993,136,14460
1789161392,DAVIDAU,1,22883,7992,136,14460
1789161394,DAVIDAU,1,22866,7991,136,14460
1789161396,DAVIDAU,1,22889,7990,136,14460
1789161398,DAVIDAU,1,22879,7989,136,14461
1789161400,DAVIDAU,1,22875,7989,136,14461
1789161402,DAVIDAU,1,22960,8017,136,14461
1789161404,DAVIDAU,1,22950,8017,136,14461
1789161406,DAVIDAU,1,23082,8016,136,14457
1789161408,DAVIDAU,1,23084,8015,136,14458
1789161410,DAVIDAU,1,23059,8015,136,14458
1789161412,DAVIDAU,1,23039,7997,140,14465
1789161414,DAVIDAU,1,23042,7996,140,14465
1789161416,DAVIDAU,1,23040,7996,140,14465
1789161418,DAVIDAU,1,23032,7995,140,14465
1789161420,DAVIDAU,1,23023,7993,140,14465
1789161422,DAVIDAU,1,23121,8017,140,14465
1789161424,DAVIDAU,1,23088,8016,140,14465
1789161426,DAVIDAU,1,23084,8016,140,14466
1789161428,DAVIDAU,1,23078,8015,140,14466
1789161430,DAVIDAU,1,23060,8014,140,14466
1789161432,DAVIDAU,1,23725,7981,134,1522
1789161434,DAVIDAU,1,23743,7981,134,1522
1789161468,BASE,2,23576,7909,132,1549
1789161470,BASE,2,23575,7971,140,1732
1789161472,BASE,2,23627,8083,170,1901
1789161474,BASE,2,23795,8301,142,1857
1789161476,BASE,2,24112,8816,142,13322
1789161478,BASE,2,24116,8826,140,14502
1789161480,BASE,2,23685,8854,140,14511
1789161482,BASE,2,23685,8863,142,14511
1789161484,BASE,2,23680,8867,140,14511
1789161486,BASE,2,23664,8860,140,14511
1789161488,BASE,2,23600,8863,140,14513
1789161490,BASE,2,23609,8859,140,14513
1789161492,BASE,2,23606,8858,140,14511
1789161494,BASE,2,23594,8857,140,14511
1789161496,BASE,2,23075,8344,134,14428
1789161498,BASE,2,22880,8225,140,14498
1789161500,BASE,2,22985,8226,140,14498
1789161502,BASE,2,22976,8216,132,14494
1789161504,BASE,2,23008,8214,132,14494
1789161506,BASE,2,22993,8211,134,14496
1789161508,BASE,2,22855,8201,136,14494
1789161510,BASE,2,22702,8204,136,14494
1789161512,BASE,2,22705,8193,136,14494
1789161514,BASE,2,22781,8192,136,14494
1789161516,BASE,2,22800,8188,136,14427
1789161518,BASE,2,22820,8182,136,14427
1789161520,BASE,2,22801,8175,136,14427
1789161522,BASE,2,22818,8174,136,14427
1789161524,BASE,2,22834,8171,136,14427
1789161526,BASE,2,22866,8170,136,14423
1789161528,BASE,2,22960,8165,136,14423
1789161530,BASE,2,22946,8164,136,14423
1789161532,BASE,2,22920,8163,136,14424
1789161534,BASE,2,22912,8150,136,14425
1789161536,BASE,2,22898,8143,132,14425
1789161538,BASE,2,22934,8142,132,14423
1789161540,BASE,2,22946,8141,132,14423
1789161542,BASE,2,22956,8140,132,14423
1789161544,BASE,2,22946,8139,132,14424
1789161546,BASE,2,22954,8139,132,14424
1789161548,BASE,2,23052,8138,132,14424
1789161550,BASE,2,23019,8138,132,14424
1789161553,BASE,2,23072,8137,132,14424
1789161555,BASE,2,23070,8137,132,14425
1789161557,BASE,2,22737,8087,134,14427
1789161559,BASE,2,22757,8084,132,14427
1789161561,BASE,2,22732,8068,132,14427
1789161563,BASE,2,22800,8067,132,14428
1789161565,BASE,2,22770,8067,132,14428
1789161567,BASE,2,22793,8067,132,14428
1789161569,BASE,2,22797,8062,132,14428
1789161571,BASE,2,22812,8062,132,14428
1789161573,BASE,2,22807,8049,132,14428
1789161575,BASE,2,22751,7985,132,14428
1789161577,BASE,2,22765,7985,132,14428
1789161579,BASE,2,22779,7985,132,14428
1789161581,BASE,2,22758,7985,132,14428
1789161583,BASE,2,22748,7965,132,14429
1789161585,BASE,2,22751,7957,132,14429
1789161587,BASE,2,22737,7956,132,14429
1789161589,BASE,2,22755,7956,132,14429
1789161591,BASE,2,22759,7947,132,14430
1789161593,BASE,2,22749,7947,132,14430
1789161595,BASE,2,22767,7947,132,14430
1789161597,BASE,2,22774,7946,132,14430
1789161599,BASE,2,22925,7946,132,14430
1789161601,BASE,2,22909,7946,132,14431
1789161603,BASE,2,22895,7942,132,14431
1789161605,BASE,2,22896,7932,132,14431
1789161607,BASE,2,22905,7932,132,14431
1789161609,BASE,2,22890,7931,132,14431
1789161611,BASE,2,22882,7931,132,14431
1789161613,BASE,2,22897,7931,132,14431
1789161615,BASE,2,22897,7931,132,14431
1789161617,BASE,2,22656,7917,134,14431
1789161619,BASE,2,22604,7921,132,14432
1789161621,BASE,2,22589,7921,132,14432
1789161623,BASE,2,22656,7920,132,14432
1789161625,BASE,2,22653,7920,132,14432
1789161627,BASE,2,22722,7920,132,14432
1789161629,BASE,2,22714,7920,132,14433
1789161631,BASE,2,22718,7920,132,14433
1789161633,BASE,2,22720,7920,132,14433
1789161635,BASE,2,22719,7919,132,14433
1789161637,BASE,2,22731,7919,132,14433
1789161639,BASE,2,22740,7919,132,14433
1789161641,BASE,2,22767,7918,132,14433
1789161643,BASE,2,22758,7918,132,14433
1789161645,BASE,2,22769,7918,132,14433
1789161647,BASE,2,22788,7916,136,14433
1789161649,BASE,2,22903,7916,134,14433
1789161651,BASE,2,22898,7915,134,14433
1789161653,BASE,2,22882,7915,134,14433
1789161655,BASE,2,22878,7915,134,14433
1789161657,BASE,2,22875,7915,134,14433
1789161659,BASE,2,22900,7915,134,14433
1789161661,BASE,2,22914,7914,134,14433
1789161663,BASE,2,22880,7914,134,14433
1789161665,BASE,2,22917,7914,134,14433
1789161667,BASE,2,23401,7913,134,1766
1789161669,BASE,2,23608,7912,128,1487
1789161698,DAVIDAU,2,23369,7799,136,1497
1789161700,DAVIDAU,2,23403,7808,134,1696
1789161702,DAVIDAU,2,23416,7809,132,1696
1789161704,DAVIDAU,2,23259,7808,132,14412
1789161706,DAVIDAU,2,22726,7825,130,14419
1789161708,DAVIDAU,2,22714,7818,130,14419
1789161710,DAVIDAU,2,22719,7817,130,14419
1789161712,DAVIDAU,2,22701,7814,130,14419
1789161714,DAVIDAU,2,22682,7814,130,14423
1789161716,DAVIDAU,2,22711,7813,130,14423
1789161718,DAVIDAU,2,22738,7813,130,14421
1789161720,DAVIDAU,2,22848,7813,130,14421
1789161722,DAVIDAU,2,22855,7813,130,14421
1789161724,DAVIDAU,2,22835,7812,130,14421
1789161726,DAVIDAU,2,22832,7807,130,14421
1789161728,DAVIDAU,2,22804,7807,130,14421
1789161730,DAVIDAU,2,22826,7807,130,14421
1789161732,DAVIDAU,2,22814,7807,130,14422
1789161734,DAVIDAU,2,22825,7807,130,14422
1789161736,DAVIDAU,2,22833,7802,132,14422
1789161738,DAVIDAU,2,22713,7722,132,14422
1789161740,DAVIDAU,2,22746,7722,132,14422
1789161742,DAVIDAU,2,22724,7722,130,14421
1789161744,DAVIDAU,2,22726,7721,130,14421
1789161746,DAVIDAU,2,22715,7721,130,14421
1789161748,DAVIDAU,2,22733,7721,130,14421
1789161750,DAVIDAU,2,22727,7721,130,14422
1789161752,DAVIDAU,2,22733,7720,130,14422
1789161754,DAVIDAU,2,22723,7719,130,14422
1789161756,DAVIDAU,2,22721,7719,130,14422
1789161758,DAVIDAU,2,22748,7719,130,14422
1789161760,DAVIDAU,2,22754,7719,130,14423
1789161762,DAVIDAU,2,22770,7719,130,14423
1789161764,DAVIDAU,2,22520,7718,134,14419
1789161766,DAVIDAU,2,22568,7720,134,14419
1789161768,DAVIDAU,2,22542,7719,136,14425
1789161770,DAVIDAU,2,22556,7708,140,14487
1789161772,DAVIDAU,2,22462,7703,172,14671
1789161774,DAVIDAU,2,22500,7703,136,14647
1789161776,DAVIDAU,2,22512,7702,132,14631
1789161778,DAVIDAU,2,22540,7702,132,14576
1789161780,DAVIDAU,2,22545,7702,130,14576
1789161782,DAVIDAU,2,22585,7702,130,14576
1789161784,DAVIDAU,2,22570,7702,130,14576
1789161786,DAVIDAU,2,22610,7702,130,14576
1789161788,DAVIDAU,2,22588,7702,130,14577
1789161790,DAVIDAU,2,22573,7702,130,14577
1789161792,DAVIDAU,2,22563,7702,130,14577
1789161794,DAVIDAU,2,22738,7701,130,14504
1789161796,DAVIDAU,2,22699,7696,134,14513
1789161798,DAVIDAU,2,22719,7695,134,14479
1789161800,DAVIDAU,2,22684,7695,134,14479
1789161802,DAVIDAU,2,22692,7694,134,14455
1789161804,DAVIDAU,2,22675,7694,134,14455
1789161806,DAVIDAU,2,22673,7694,134,14456
1789161808,DAVIDAU,2,22667,7693,134,14456
1789161810,DAVIDAU,2,22564,7693,136,14452
1789161812,DAVIDAU,2,22380,7693,136,14452
1789161814,DAVIDAU,2,22446,7693,136,14452
1789161816,DAVIDAU,2,22485,7693,136,14453
1789161818,DAVIDAU,2,22536,7693,136,14453
1789161820,DAVIDAU,2,22507,7693,136,14453
1789161822,DAVIDAU,2,22553,7693,136,14453
1789161824,DAVIDAU,2,22581,7693,136,14453
1789161826,DAVIDAU,2,22568,7692,136,14453
1789161828,DAVIDAU,2,22608,7692,136,14453
1789161830,DAVIDAU,2,22623,7692,136,14453
1789161832,DAVIDAU,2,22608,7692,136,14453
1789161834,DAVIDAU,2,22594,7692,136,14454
1789161836,DAVIDAU,2,22613,7690,136,14454
1789161838,DAVIDAU,2,22584,7683,136,14454
1789161840,DAVIDAU,2,22606,7682,134,14454
1789161842,DAVIDAU,2,22622,7682,134,14454
1789161844,DAVIDAU,2,22611,7682,134,14455
1789161846,DAVIDAU,2,22599,7682,134,14455
1789161848,DAVIDAU,2,22634,7682,134,14455
1789161850,DAVIDAU,2,22629,7682,134,14455
1789161852,DAVIDAU,2,22641,7682,134,14455
1789161854,DAVIDAU,2,22643,7682,134,14456
1789161856,DAVIDAU,2,22566,7654,134,14465
1789161858,DAVIDAU,2,22508,7654,134,14465
1789161860,DAVIDAU,2,23308,7653,128,1520
1789161873,QWOPUS,2,23317,7635,136,1548
1789161875,QWOPUS,2,23231,7635,136,1731
1789161877,QWOPUS,2,23293,7639,136,1725
1789161879,QWOPUS,2,23293,7651,136,1717
1789161881,QWOPUS,2,23289,7728,136,13204
1789161883,QWOPUS,2,23197,7739,136,14438
1789161885,QWOPUS,2,22730,7780,136,14446
1789161887,QWOPUS,2,22873,7774,134,14446
1789161889,QWOPUS,2,22873,7773,134,14446
1789161891,QWOPUS,2,22872,7770,134,14446
1789161893,QWOPUS,2,22771,7777,134,14446
1789161895,QWOPUS,2,22792,7866,134,14446
1789161897,QWOPUS,2,22770,7865,134,14444
1789161899,QWOPUS,2,22779,7863,134,14444
1789161901,QWOPUS,2,22751,7860,134,14444
1789161903,QWOPUS,2,22744,7859,134,14445
1789161905,QWOPUS,2,22738,7859,134,14445
1789161907,QWOPUS,2,22736,7856,134,14445
1789161909,QWOPUS,2,22744,7856,134,14445
1789161911,QWOPUS,2,22754,7854,134,14446
1789161913,QWOPUS,2,22755,7852,134,14446
1789161915,QWOPUS,2,22743,7848,136,14446
1789161917,QWOPUS,2,22722,7839,134,14464
1789161919,QWOPUS,2,22456,7814,138,14540
1789161921,QWOPUS,2,22411,7813,132,14524
1789161923,QWOPUS,2,22398,7808,132,14524
1789161925,QWOPUS,2,22424,7808,132,14524
1789161927,QWOPUS,2,22520,7807,132,14524
1789161929,QWOPUS,2,22502,7807,132,14524
1789161931,QWOPUS,2,22534,7807,132,14524
1789161933,QWOPUS,2,22550,7798,132,14524
1789161935,QWOPUS,2,22570,7797,132,14461
1789161937,QWOPUS,2,22605,7796,132,14461
1789161939,QWOPUS,2,22591,7795,132,14461
1789161941,QWOPUS,2,22570,7794,132,14462
1789161943,QWOPUS,2,22548,7774,132,14462
1789161945,QWOPUS,2,22545,7773,132,14462
1789161947,QWOPUS,2,22559,7773,132,14462
1789161949,QWOPUS,2,22583,7773,132,14463
1789161951,QWOPUS,2,22586,7772,132,14463
1789161953,QWOPUS,2,22592,7772,132,14463
1789161955,QWOPUS,2,22549,7771,132,14463
1789161957,QWOPUS,2,22572,7770,132,14463
1789161959,QWOPUS,2,22598,7769,132,14463
1789161961,QWOPUS,2,22734,7768,132,14463
1789161963,QWOPUS,2,22693,7767,132,14463
1789161965,QWOPUS,2,22738,7766,132,14463
1789161967,QWOPUS,2,22724,7766,132,14463
1789161969,QWOPUS,2,22715,7765,132,14464
1789161971,QWOPUS,2,22667,7750,132,14464
1789161973,QWOPUS,2,22669,7750,132,14464
1789161975,QWOPUS,2,22492,7739,136,14478
1789161977,QWOPUS,2,22361,7741,132,14467
1789161979,QWOPUS,2,22480,7740,132,14467
1789161981,QWOPUS,2,22546,7739,132,14467
1789161983,QWOPUS,2,22533,7739,132,14467
1789161985,QWOPUS,2,22521,7739,132,14451
1789161987,QWOPUS,2,22549,7738,132,14451
1789161989,QWOPUS,2,22538,7737,132,14451
1789161991,QWOPUS,2,22559,7736,130,14451
1789161993,QWOPUS,2,22581,7736,130,14451
1789161995,QWOPUS,2,22585,7735,130,14453
1789161997,QWOPUS,2,22581,7735,130,14453
1789161999,QWOPUS,2,22562,7734,130,14453
1789162001,QWOPUS,2,22580,7734,130,14453
1789162003,QWOPUS,2,22585,7734,130,14453
1789162005,QWOPUS,2,22609,7733,130,14453
1789162007,QWOPUS,2,22732,7731,130,14453
1789162009,QWOPUS,2,22747,7731,130,14453
1789162011,QWOPUS,2,22719,7731,130,14453
1789162013,QWOPUS,2,22746,7731,130,14453
1789162015,QWOPUS,2,22768,7730,130,14454
1789162017,QWOPUS,2,22761,7730,130,14454
1789162019,QWOPUS,2,22758,7730,130,14454
1789162021,QWOPUS,2,22740,7730,130,14454
1789162023,QWOPUS,2,22730,7730,130,14454
1789162025,QWOPUS,2,22756,7730,130,14455
1789162027,QWOPUS,2,22746,7730,130,14455
1789162029,QWOPUS,2,22736,7729,130,14455
1789162031,QWOPUS,2,22724,7729,130,14455
1789162033,QWOPUS,2,22739,7728,130,14455
1789162035,QWOPUS,2,22386,7421,134,14461
1789162037,QWOPUS,2,22384,7378,134,14461
1789162039,QWOPUS,2,22392,7378,134,14461
1789162041,QWOPUS,2,22383,7376,134,14459
1789162043,QWOPUS,2,22358,7375,134,14460
1789162045,QWOPUS,2,22373,7375,134,14460
1789162047,QWOPUS,2,22383,7375,134,14460
1789162049,QWOPUS,2,22376,7374,134,14460
1789162051,QWOPUS,2,22403,7374,134,14460
1789162053,QWOPUS,2,22181,7374,134,14457
1789162055,QWOPUS,2,22147,7371,134,14457
1789162057,QWOPUS,2,22130,7371,134,14457
1789162059,QWOPUS,2,22169,7371,134,14457
1789162061,QWOPUS,2,22182,7370,132,14457
1789162063,QWOPUS,2,22223,7370,132,14458
1789162065,QWOPUS,2,22243,7369,130,14458
1789162067,QWOPUS,2,22261,7369,130,14458
1789162069,QWOPUS,2,22266,7369,130,14458
1789162072,QWOPUS,2,22270,7347,140,14450
1789162074,QWOPUS,2,22164,7321,140,14440
1789162076,QWOPUS,2,22192,7320,118,14416
1789162078,QWOPUS,2,22202,7320,118,14416
1789162080,QWOPUS,2,22229,7320,118,14416
1789162082,QWOPUS,2,22242,7320,118,14417
1789162084,QWOPUS,2,22372,7320,118,14417
1789162086,QWOPUS,2,22395,7320,118,14417
1789162088,QWOPUS,2,22397,7320,118,14417
1789162090,QWOPUS,2,22389,7320,118,14417
1789162092,QWOPUS,2,22398,7319,118,14417
1789162094,QWOPUS,2,22409,7318,122,14423
1789162096,QWOPUS,2,22209,7315,122,14423
1789162098,QWOPUS,2,22129,7315,122,14423
1789162100,QWOPUS,2,22096,7314,122,14423
1789162102,QWOPUS,2,22098,7314,122,14424
1789162104,QWOPUS,2,22155,7313,122,14424
1789162106,QWOPUS,2,22201,7313,122,14424
1789162108,QWOPUS,2,22200,7313,122,14424
1789162110,QWOPUS,2,22233,7312,122,14424
1789162112,QWOPUS,2,22231,7312,122,14424
1789162114,QWOPUS,2,22264,7312,122,14424
1789162116,QWOPUS,2,22251,7312,122,14424
1789162118,QWOPUS,2,22260,7312,122,14424
1789162120,QWOPUS,2,22254,7312,122,14425
1789162122,QWOPUS,2,22244,7312,122,14425
1789162124,QWOPUS,2,22253,7312,122,14425
1789162126,QWOPUS,2,22273,7312,122,14425
1789162128,QWOPUS,2,22257,7312,122,14425
1789162130,QWOPUS,2,22246,7311,122,14426
1789162132,QWOPUS,2,22272,7308,122,14426
1789162134,QWOPUS,2,22282,7308,122,14426
1789162136,QWOPUS,2,22314,7308,122,14426
1789162138,QWOPUS,2,22315,7308,122,14426
1789162140,QWOPUS,2,22295,7308,122,14427
1789162142,QWOPUS,2,22311,7308,122,14427
1789162144,QWOPUS,2,22295,7308,122,14427
1789162146,QWOPUS,2,22292,7308,122,14427
1789162148,QWOPUS,2,22289,7308,122,14427
1789162150,QWOPUS,2,22298,7308,122,14427
1789162152,QWOPUS,2,22290,7308,122,14427
1789162154,QWOPUS,2,22304,7308,122,14427
1789162156,QWOPUS,2,22285,7304,122,14427
1789162158,QWOPUS,2,22275,7304,122,14428
1789162160,QWOPUS,2,22264,7304,122,14428
1789162162,QWOPUS,2,22274,7304,122,14428
1789162164,QWOPUS,2,22282,7304,122,14428
1789162166,QWOPUS,2,22273,7304,122,14428
1789162168,QWOPUS,2,22262,7304,122,14429
1789162170,QWOPUS,2,22266,7304,122,14429
1789162172,QWOPUS,2,22273,7303,122,14429
1789162174,QWOPUS,2,22250,7303,122,14429
1789162176,QWOPUS,2,22259,7303,122,14429
1789162178,QWOPUS,2,22253,7303,122,14429
1789162180,QWOPUS,2,22234,7303,122,14429
1789162182,QWOPUS,2,22293,7303,122,14429
1789162184,QWOPUS,2,22276,7303,122,14429
1789162186,QWOPUS,2,22310,7303,122,14429
1789162188,QWOPUS,2,22278,7303,122,14431
1789162190,QWOPUS,2,22308,7303,122,14431
1789162192,QWOPUS,2,22299,7302,122,14431
1789162194,QWOPUS,2,22992,7287,116,1475
1789162196,QWOPUS,2,22982,7287,116,1475
1789162208,DAVIDAU,3,23036,7273,116,1475
1789162210,DAVIDAU,3,23156,7336,122,1674
1789162212,DAVIDAU,3,23176,7399,122,1674
1789162214,DAVIDAU,3,23128,7399,122,14397
1789162216,DAVIDAU,3,22707,7495,122,14405
1789162218,DAVIDAU,3,22579,7547,120,14394
1789162220,DAVIDAU,3,22673,7649,120,14394
1789162222,DAVIDAU,3,22695,7683,120,14394
1789162224,DAVIDAU,3,22686,7697,120,14398
1789162226,DAVIDAU,3,22662,7714,120,14398
1789162228,DAVIDAU,3,22751,7784,120,14398
1789162230,DAVIDAU,3,22735,7796,120,14396
1789162232,DAVIDAU,3,22751,7797,120,14396
1789162234,DAVIDAU,3,22732,7793,120,14397
1789162236,DAVIDAU,3,22746,7793,120,14397
1789162238,DAVIDAU,3,22730,7793,120,14397
1789162240,DAVIDAU,3,22720,7793,120,14397
1789162242,DAVIDAU,3,22719,7793,120,14398
1789162244,DAVIDAU,3,22716,7792,120,14398
1789162246,DAVIDAU,3,22728,7791,120,14398
1789162248,DAVIDAU,3,22873,7791,120,14398
1789162250,DAVIDAU,3,22883,7791,120,14398
1789162253,DAVIDAU,3,22880,7791,120,14398
1789162255,DAVIDAU,3,22856,7787,120,14398
1789162257,DAVIDAU,3,22887,7786,120,14398
1789162259,DAVIDAU,3,22872,7785,120,14398
1789162261,DAVIDAU,3,22845,7780,120,14399
1789162263,DAVIDAU,3,22848,7778,122,14408
1789162265,DAVIDAU,3,22859,7778,122,14408
1789162267,DAVIDAU,3,22858,7777,122,14408
1789162269,DAVIDAU,3,22864,7771,122,14408
1789162271,DAVIDAU,3,22870,7770,122,14409
1789162273,DAVIDAU,3,22847,7770,122,14409
1789162275,DAVIDAU,3,22860,7770,122,14409
1789162277,DAVIDAU,3,22655,7761,122,14409
1789162279,DAVIDAU,3,22805,7858,122,14409
1789162281,DAVIDAU,3,22766,7857,122,14410
1789162283,DAVIDAU,3,22730,7857,122,14410
1789162285,DAVIDAU,3,22733,7856,122,14410
1789162287,DAVIDAU,3,22749,7856,122,14410
1789162289,DAVIDAU,3,22764,7855,122,14410
1789162291,DAVIDAU,3,22756,7854,122,14410
1789162293,DAVIDAU,3,22779,7865,122,14410
1789162295,DAVIDAU,3,22782,7865,122,14410
1789162297,DAVIDAU,3,22774,7864,122,14410
1789162299,DAVIDAU,3,22785,7864,122,14412
1789162301,DAVIDAU,3,22776,7864,122,14412
1789162303,DAVIDAU,3,22767,7864,122,14412
1789162305,DAVIDAU,3,22750,7864,122,14412
1789162307,DAVIDAU,3,22783,7864,122,14412
1789162309,DAVIDAU,3,22771,7863,122,14412
1789162311,DAVIDAU,3,22755,7861,122,14412
1789162313,DAVIDAU,3,22832,7859,122,14412
1789162315,DAVIDAU,3,22800,7858,122,14412
1789162317,DAVIDAU,3,22799,7861,122,14413
1789162319,DAVIDAU,3,22808,7860,122,14413
1789162321,DAVIDAU,3,22798,7860,122,14413
1789162323,DAVIDAU,3,22789,7859,122,14413
1789162325,DAVIDAU,3,22765,7854,122,14413
1789162327,DAVIDAU,3,22794,7854,122,14414
1789162329,DAVIDAU,3,22768,7854,122,14414
1789162331,DAVIDAU,3,22761,7853,122,14414
1789162333,DAVIDAU,3,22770,7853,122,14414
1789162335,DAVIDAU,3,22767,7855,122,14414
1789162337,DAVIDAU,3,22772,7784,122,14414
1789162339,DAVIDAU,3,22727,7777,122,14411
1789162341,DAVIDAU,3,22507,7766,126,14482
1789162343,DAVIDAU,3,22562,7775,126,14482
1789162345,DAVIDAU,3,22562,7775,126,14483
1789162347,DAVIDAU,3,22553,7778,126,14483
1789162349,DAVIDAU,3,22597,7781,126,14483
1789162351,DAVIDAU,3,22582,7781,126,14483
1789162353,DAVIDAU,3,22609,7783,126,14483
1789162355,DAVIDAU,3,22595,7782,126,14484
1789162357,DAVIDAU,3,22629,7782,126,14484
1789162359,DAVIDAU,3,22625,7782,126,14484
1789162361,DAVIDAU,3,22616,7782,120,14423
1789162363,DAVIDAU,3,22590,7781,120,14423
1789162365,DAVIDAU,3,22708,7781,120,14424
1789162367,DAVIDAU,3,22711,7781,120,14424
1789162369,DAVIDAU,3,22777,7783,120,14424
1789162371,DAVIDAU,3,23592,7782,114,1480
1789162373,DAVIDAU,3,23595,7782,114,1480
1789162386,QWOPUS,3,23221,7703,116,1471
1789162388,QWOPUS,3,23378,7712,122,1670
1789162390,QWOPUS,3,23412,7803,122,1670
1789162392,QWOPUS,3,23357,7823,122,13159
1789162394,QWOPUS,3,23278,7824,122,14393
1789162396,QWOPUS,3,22761,7836,122,14401
1789162398,QWOPUS,3,22780,7848,122,14401
1789162400,QWOPUS,3,22747,7853,122,14401
1789162402,QWOPUS,3,22818,7858,122,14401
1789162404,QWOPUS,3,22767,7858,122,14405
1789162406,QWOPUS,3,22758,7857,122,14405
1789162408,QWOPUS,3,22746,7855,122,14403
1789162410,QWOPUS,3,22722,7855,122,14403
1789162412,QWOPUS,3,22785,7857,122,14403
1789162414,QWOPUS,3,22893,7857,122,14404
1789162416,QWOPUS,3,22657,7856,120,14396
1789162418,QWOPUS,3,22632,7869,120,14396
1789162420,QWOPUS,3,22640,7869,120,14396
1789162422,QWOPUS,3,22692,7868,120,14396
1789162424,QWOPUS,3,22714,7868,120,14397
1789162426,QWOPUS,3,22703,7868,120,14397
1789162428,QWOPUS,3,22718,7867,120,14397
1789162430,QWOPUS,3,22701,7862,120,14397
1789162432,QWOPUS,3,22725,7858,122,14409
1789162434,QWOPUS,3,22695,7857,122,14409
1789162436,QWOPUS,3,22722,7857,122,14409
1789162438,QWOPUS,3,22704,7857,122,14409
1789162440,QWOPUS,3,22720,7857,122,14409
1789162442,QWOPUS,3,22712,7857,122,14410
1789162444,QWOPUS,3,22696,7857,122,14410
1789162446,QWOPUS,3,22720,7856,122,14410
1789162448,QWOPUS,3,22732,7856,122,14410
1789162450,QWOPUS,3,22737,7856,122,14411
1789162452,QWOPUS,3,22722,7856,122,14411
1789162454,QWOPUS,3,22715,7856,122,14411
1789162456,QWOPUS,3,22726,7849,122,14411
1789162458,QWOPUS,3,22711,7849,122,14411
1789162460,QWOPUS,3,22729,7849,122,14411
1789162462,QWOPUS,3,22751,7848,122,14411
1789162464,QWOPUS,3,22736,7847,122,14411
1789162466,QWOPUS,3,22701,7847,122,14411
1789162468,QWOPUS,3,22732,7846,122,14411
1789162470,QWOPUS,3,22738,7846,122,14412
1789162472,QWOPUS,3,22716,7846,122,14412
1789162474,QWOPUS,3,22724,7841,122,14412
1789162476,QWOPUS,3,22720,7841,122,14412
1789162478,QWOPUS,3,22727,7841,122,14413
1789162480,QWOPUS,3,22729,7841,122,14413
1789162482,QWOPUS,3,22746,7840,122,14413
1789162484,QWOPUS,3,22737,7840,122,14413
1789162486,QWOPUS,3,22879,7840,122,14413
1789162488,QWOPUS,3,22869,7840,122,14414
1789162490,QWOPUS,3,22837,7839,122,14414
1789162492,QWOPUS,3,22832,7839,122,14414
1789162494,QWOPUS,3,22847,7839,122,14414
1789162496,QWOPUS,3,22860,7839,122,14414
1789162498,QWOPUS,3,22900,7839,122,14414
1789162500,QWOPUS,3,22890,7838,122,14414
1789162502,QWOPUS,3,22854,7838,122,14414
1789162504,QWOPUS,3,22860,7835,122,14414
1789162506,QWOPUS,3,22851,7835,122,14415
1789162508,QWOPUS,3,22859,7835,122,14415
1789162510,QWOPUS,3,22873,7834,122,14415
1789162512,QWOPUS,3,22851,7829,122,14415
1789162514,QWOPUS,3,23597,7829,116,1475
1789162516,QWOPUS,3,23481,7770,116,1475
1789162528,BASE,3,23534,7765,116,1475
1789162530,BASE,3,23525,7773,122,1674
1789162532,BASE,3,23695,8041,122,1674
1789162534,BASE,3,23855,8261,122,1674
1789162536,BASE,3,23530,8264,120,14395
1789162538,BASE,3,23021,8359,120,14403
1789162540,BASE,3,23137,8395,120,14403
1789162542,BASE,3,23195,8429,120,14403
1789162544,BASE,3,23206,8431,120,14403
1789162546,BASE,3,23174,8431,120,14408
1789162548,BASE,3,23153,8431,120,14408
1789162550,BASE,3,23144,8431,120,14408
1789162552,BASE,3,23152,8430,120,14406
1789162554,BASE,3,23159,8428,120,14406
1789162556,BASE,3,23161,8428,120,14406
1789162558,BASE,3,23127,8426,120,14406
1789162560,BASE,3,23075,8372,120,14406
1789162562,BASE,3,23060,8371,120,14406
1789162564,BASE,3,23108,8371,120,14407
1789162566,BASE,3,23135,8371,120,14407
1789162568,BASE,3,23149,8370,120,14407
1789162570,BASE,3,23120,8370,120,14407
1789162572,BASE,3,23111,8369,120,14407
1789162574,BASE,3,23110,8368,120,14408
1789162576,BASE,3,23061,8349,120,14408
1789162578,BASE,3,23059,8349,120,14408
1789162580,BASE,3,23057,8348,120,14408
1789162582,BASE,3,23072,8348,120,14408
1789162584,BASE,3,23051,8348,120,14408
1789162586,BASE,3,23101,8348,120,14408
1789162588,BASE,3,23119,8347,120,14408
1789162590,BASE,3,23090,8339,120,14408
1789162592,BASE,3,23098,8339,120,14410
1789162594,BASE,3,23092,8338,120,14410
1789162596,BASE,3,23094,8338,120,14410
1789162598,BASE,3,23079,8337,120,14410
1789162600,BASE,3,23096,8337,120,14410
1789162602,BASE,3,23089,8336,120,14410
1789162604,BASE,3,23077,8336,120,14410
1789162606,BASE,3,23078,8336,120,14410
1789162608,BASE,3,23067,8335,120,14410
1789162610,BASE,3,23079,8335,120,14411
1789162612,BASE,3,23069,8334,120,14411
1789162614,BASE,3,23095,8334,120,14411
1789162616,BASE,3,23098,8334,120,14411
1789162618,BASE,3,23208,8333,120,14411
1789162620,BASE,3,23226,8333,120,14412
1789162622,BASE,3,23119,8255,120,14412
1789162624,BASE,3,23082,8254,120,14412
1789162626,BASE,3,23077,8254,120,14412
1789162628,BASE,3,22989,8247,120,14403
1789162631,BASE,3,22992,8249,120,14403
1789162633,BASE,3,22985,8249,120,14403
1789162635,BASE,3,22968,8249,120,14403
1789162637,BASE,3,22948,8239,120,14403
1789162639,BASE,3,22937,8239,120,14404
1789162641,BASE,3,22945,8238,120,14404
1789162643,BASE,3,22970,8238,120,14404
1789162645,BASE,3,22982,8236,120,14404
1789162647,BASE,3,22979,8236,120,14404
1789162649,BASE,3,22979,8235,120,14405
1789162651,BASE,3,22957,8235,120,14405
1789162653,BASE,3,22963,8235,120,14405
1789162655,BASE,3,23685,8234,114,1464
1789162670,QWOPUS,4,23798,8231,114,1464
1789162672,QWOPUS,4,23779,8280,120,1662
1789162674,QWOPUS,4,23764,8310,120,1662
1789162676,QWOPUS,4,23935,8522,120,1662
1789162678,QWOPUS,4,23776,8522,120,14386
1789162680,QWOPUS,4,23273,8467,120,14393
1789162682,QWOPUS,4,23255,8465,120,14393
1789162684,QWOPUS,4,23208,8461,120,14393
1789162686,QWOPUS,4,23195,8460,120,14393
1789162688,QWOPUS,4,23168,8453,120,14397
1789162690,QWOPUS,4,23155,8453,120,14397
1789162692,QWOPUS,4,23165,8448,120,14395
1789162694,QWOPUS,4,23164,8445,120,14395
1789162696,QWOPUS,4,23018,8290,122,14405
1789162698,QWOPUS,4,22961,8288,122,14405
1789162700,QWOPUS,4,22968,8286,122,14405
1789162702,QWOPUS,4,22966,8285,122,14405
1789162704,QWOPUS,4,22960,8281,122,14405
1789162706,QWOPUS,4,22976,8281,122,14406
1789162708,QWOPUS,4,22963,8277,122,14406
1789162710,QWOPUS,4,22992,8277,122,14406
1789162712,QWOPUS,4,22979,8272,122,14406
1789162714,QWOPUS,4,22964,8272,122,14406
1789162716,QWOPUS,4,22991,8269,122,14407
1789162718,QWOPUS,4,22997,8269,122,14407
1789162720,QWOPUS,4,23008,8268,122,14407
1789162722,QWOPUS,4,22997,8267,122,14407
1789162724,QWOPUS,4,22996,8265,122,14408
1789162726,QWOPUS,4,22986,8265,122,14408
1789162728,QWOPUS,4,22965,8264,122,14408
1789162730,QWOPUS,4,22958,8263,122,14408
1789162732,QWOPUS,4,22978,8261,122,14408
1789162734,QWOPUS,4,22974,8258,122,14409
1789162736,QWOPUS,4,23011,8254,122,14409
1789162738,QWOPUS,4,23013,8253,122,14409
1789162740,QWOPUS,4,23001,8251,122,14409
1789162742,QWOPUS,4,23115,8250,120,14409
1789162744,QWOPUS,4,23133,8250,120,14409
1789162746,QWOPUS,4,23119,8249,120,14409
1789162748,QWOPUS,4,23097,8247,120,14409
1789162750,QWOPUS,4,23105,8245,120,14409
1789162752,QWOPUS,4,23084,8244,120,14410
1789162754,QWOPUS,4,23087,8244,120,14410
1789162756,QWOPUS,4,23038,8218,120,14410
1789162758,QWOPUS,4,23046,8217,120,14410
1789162760,QWOPUS,4,22985,8137,120,14406
1789162762,QWOPUS,4,22659,8055,126,14480
1789162764,QWOPUS,4,22607,8026,126,14480
1789162766,QWOPUS,4,22617,8024,120,14479
1789162768,QWOPUS,4,22680,8024,120,14479
1789162770,QWOPUS,4,22713,8021,120,14480
1789162772,QWOPUS,4,22724,8021,120,14480
1789162774,QWOPUS,4,22741,8019,120,14480
1789162776,QWOPUS,4,22773,8015,120,14480
1789162778,QWOPUS,4,22584,8013,124,14476
1789162780,QWOPUS,4,22503,8015,124,14411
1789162782,QWOPUS,4,22529,8013,124,14411
1789162784,QWOPUS,4,22568,8013,124,14411
1789162786,QWOPUS,4,22577,8012,124,14411
1789162788,QWOPUS,4,22586,8012,124,14411
1789162790,QWOPUS,4,22608,8012,124,14412
1789162792,QWOPUS,4,22691,8011,124,14412
1789162794,QWOPUS,4,22702,8011,124,14412
1789162796,QWOPUS,4,22721,8011,124,14412
1789162798,QWOPUS,4,23415,7995,118,1472
1789162800,QWOPUS,4,23409,7995,118,1472
1789162809,BASE,4,23441,7977,118,1472
1789162811,BASE,4,23712,8063,124,1670
1789162813,BASE,4,23757,8173,124,1670
1789162815,BASE,4,23691,8199,124,13158
1789162817,BASE,4,23570,8183,124,14394
1789162819,BASE,4,23126,8210,124,14402
1789162821,BASE,4,23105,8212,124,14402
1789162823,BASE,4,23078,8211,124,14402
1789162825,BASE,4,23111,8210,124,14402
1789162827,BASE,4,23077,8210,124,14407
1789162829,BASE,4,22985,8222,124,14407
1789162831,BASE,4,23079,8221,124,14405
1789162833,BASE,4,23070,8221,124,14405
1789162835,BASE,4,23065,8221,124,14405
1789162837,BASE,4,23073,8220,124,14405
1789162839,BASE,4,23086,8220,124,14405
1789162841,BASE,4,23080,8220,124,14405
1789162843,BASE,4,23098,8217,124,14405
1789162845,BASE,4,23105,8217,124,14406
1789162847,BASE,4,23139,8215,124,14406
1789162849,BASE,4,23119,8210,124,14406
1789162851,BASE,4,23119,8210,124,14406
1789162853,BASE,4,23124,8209,124,14406
1789162855,BASE,4,23123,8209,124,14407
1789162857,BASE,4,23138,8208,124,14407
1789162859,BASE,4,23141,8207,124,14407
1789162861,BASE,4,22910,8197,124,14401
1789162863,BASE,4,22901,8197,124,14401
1789162865,BASE,4,22902,8197,124,14401
1789162867,BASE,4,22928,8196,124,14401
1789162869,BASE,4,22926,8193,124,14401
1789162871,BASE,4,22934,8187,124,14401
1789162873,BASE,4,22958,8182,124,14402
1789162875,BASE,4,22887,8167,124,14402
1789162877,BASE,4,22803,8058,122,14412
1789162879,BASE,4,22777,8058,122,14412
1789162881,BASE,4,22799,8045,122,14412
1789162883,BASE,4,22785,8033,122,14412
1789162885,BASE,4,22799,8033,122,14412
1789162887,BASE,4,22810,8032,122,14412
1789162889,BASE,4,22803,8032,116,14412
1789162891,BASE,4,22829,8031,116,14412
1789162893,BASE,4,22841,8031,116,14413
1789162895,BASE,4,22853,8031,116,14413
1789162897,BASE,4,22842,8031,116,14413
1789162899,BASE,4,22830,8030,116,14413
1789162901,BASE,4,22853,8030,116,14414
1789162903,BASE,4,22832,8030,116,14414
1789162905,BASE,4,22828,8029,116,14414
1789162907,BASE,4,22888,8029,116,14414
1789162909,BASE,4,22862,8028,116,14414
1789162911,BASE,4,22855,8028,116,14415
1789162913,BASE,4,22860,8028,116,14415
1789162915,BASE,4,22857,8028,116,14415
1789162917,BASE,4,22872,8027,116,14415
1789162919,BASE,4,22876,8026,116,14415
1789162921,BASE,4,22862,8026,116,14415
1789162923,BASE,4,22888,8026,116,14415
1789162925,BASE,4,22860,8026,116,14415
1789162927,BASE,4,22851,8026,116,14415
1789162929,BASE,4,22972,8025,116,14416
1789162931,BASE,4,22964,8025,116,14416
1789162933,BASE,4,22995,8025,116,14416
1789162935,BASE,4,22590,7833,120,14412
1789162937,BASE,4,22547,7797,120,14412
1789162939,BASE,4,22552,7797,120,14413
1789162941,BASE,4,22556,7797,120,14413
1789162943,BASE,4,22514,7795,120,14413
1789162945,BASE,4,22502,7795,120,14413
1789162947,BASE,4,22563,7795,120,14413
1789162949,BASE,4,22569,7794,120,14413
1789162951,BASE,4,22584,7794,120,14413
1789162953,BASE,4,22561,7793,120,14413
1789162955,BASE,4,22598,7792,120,14413
1789162957,BASE,4,22606,7791,120,14415
1789162959,BASE,4,22598,7791,120,14415
1789162961,BASE,4,22625,7790,120,14415
1789162963,BASE,4,22625,7790,120,14415
1789162965,BASE,4,22661,7789,120,14415
1789162967,BASE,4,22809,7789,120,14415
1789162969,BASE,4,22794,7789,120,14415
1789162971,BASE,4,22792,7789,120,14415
1789162973,BASE,4,22784,7788,120,14415
1789162975,BASE,4,22803,7783,120,14415
1789162977,BASE,4,22789,7782,120,14416
1789162979,BASE,4,22784,7782,120,14416
1789162981,BASE,4,22767,7782,120,14416
1789162983,BASE,4,22772,7781,120,14416
1789162985,BASE,4,22744,7766,120,14417
1789162987,BASE,4,22527,7764,120,14410
1789162989,BASE,4,22523,7764,120,14410
1789162991,BASE,4,22511,7764,120,14410
1789162993,BASE,4,22535,7764,120,14410
1789162995,BASE,4,22534,7760,120,14410
1789162997,BASE,4,22547,7757,120,14413
1789162999,BASE,4,22540,7756,120,14413
1789163001,BASE,4,22522,7755,120,14413
1789163003,BASE,4,22555,7755,120,14413
1789163005,BASE,4,22563,7754,120,14414
1789163007,BASE,4,22528,7754,120,14414
1789163009,BASE,4,22584,7753,120,14414
1789163011,BASE,4,22578,7753,120,14414
1789163013,BASE,4,22593,7753,120,14414
1789163015,BASE,4,22594,7753,120,14415
1789163017,BASE,4,22616,7753,120,14415
1789163019,BASE,4,22607,7753,120,14415
1789163021,BASE,4,22599,7752,120,14415
1789163023,BASE,4,23393,7752,114,1467
1789163025,BASE,4,23383,7752,114,1467
1789163037,DAVIDAU,4,23371,7710,114,1467
1789163039,DAVIDAU,4,23405,7722,120,1666
1789163041,DAVIDAU,4,23421,7762,120,1666
1789163043,DAVIDAU,4,23257,7766,120,14390
1789163045,DAVIDAU,4,22772,7765,120,14398
1789163047,DAVIDAU,4,22760,7765,120,14398
1789163049,DAVIDAU,4,22740,7765,120,14398
1789163051,DAVIDAU,4,22882,7765,120,14398
1789163053,DAVIDAU,4,22863,7765,120,14402
1789163055,DAVIDAU,4,22677,7760,122,14412
1789163057,DAVIDAU,4,22634,7760,120,14408
1789163059,DAVIDAU,4,22648,7760,120,14408
1789163061,DAVIDAU,4,22632,7760,120,14408
1789163063,DAVIDAU,4,22663,7759,120,14409
1789163065,DAVIDAU,4,22668,7756,120,14409
1789163067,DAVIDAU,4,22668,7755,120,14409
1789163069,DAVIDAU,4,22480,7659,196,14638
1789163071,DAVIDAU,4,22350,7534,160,14662
1789163073,DAVIDAU,4,22358,7533,144,14624
1789163075,DAVIDAU,4,22377,7531,138,14560
1789163077,DAVIDAU,4,22387,7531,138,14531
1789163079,DAVIDAU,4,22398,7531,138,14531
1789163081,DAVIDAU,4,22394,7530,140,14548
1789163083,DAVIDAU,4,22374,7528,136,14538
1789163085,DAVIDAU,4,22422,7528,129,14490
1789163087,DAVIDAU,4,22529,7528,129,14490
1789163089,DAVIDAU,4,22511,7527,129,14491
1789163091,DAVIDAU,4,22525,7527,127,14491
1789163093,DAVIDAU,4,22448,7441,122,14491
1789163095,DAVIDAU,4,22453,7440,122,14485
1789163097,DAVIDAU,4,22454,7440,122,14485
1789163099,DAVIDAU,4,22467,7440,122,14486
1789163101,DAVIDAU,4,22464,7440,122,14428
1789163103,DAVIDAU,4,22465,7440,122,14428
1789163106,DAVIDAU,4,22456,7436,122,14428
1789163108,DAVIDAU,4,22461,7432,110,14416
1789163110,DAVIDAU,4,22448,7432,110,14416
1789163112,DAVIDAU,4,22447,7432,110,14416
1789163114,DAVIDAU,4,22436,7429,114,14424
1789163116,DAVIDAU,4,22446,7413,116,14424
1789163118,DAVIDAU,4,22368,7387,128,14474
1789163120,DAVIDAU,4,22306,7331,132,14433
1789163122,DAVIDAU,4,22320,7331,130,14425
1789163124,DAVIDAU,4,22312,7330,130,14424
1789163126,DAVIDAU,4,22328,7329,130,14424
1789163128,DAVIDAU,4,22329,7329,128,14426
1789163130,DAVIDAU,4,22323,7327,128,14426
1789163132,DAVIDAU,4,22327,7327,128,14426
1789163134,DAVIDAU,4,22312,7327,128,14426
1789163136,DAVIDAU,4,22319,7326,128,14426
1789163138,DAVIDAU,4,22331,7326,128,14426
1789163140,DAVIDAU,4,22346,7326,128,14426
1789163142,DAVIDAU,4,22096,7326,128,14420
1789163144,DAVIDAU,4,22069,7324,128,14420
1789163146,DAVIDAU,4,22104,7324,128,14420
1789163148,DAVIDAU,4,22137,7324,128,14420
1789163150,DAVIDAU,4,22126,7324,128,14420
1789163152,DAVIDAU,4,22148,7323,128,14420
1789163154,DAVIDAU,4,22155,7322,128,14420
1789163156,DAVIDAU,4,22195,7318,128,14422
1789163158,DAVIDAU,4,22205,7318,128,14422
1789163160,DAVIDAU,4,22231,7318,120,14422
1789163162,DAVIDAU,4,22226,7318,120,14422
1789163164,DAVIDAU,4,22214,7318,120,14422
1789163166,DAVIDAU,4,22198,7317,120,14422
1789163168,DAVIDAU,4,22185,7314,120,14422
1789163170,DAVIDAU,4,22175,7314,120,14422
1789163172,DAVIDAU,4,22200,7314,120,14422
1789163174,DAVIDAU,4,22303,7313,120,14423
1789163176,DAVIDAU,4,22310,7311,122,14411
1789163178,DAVIDAU,4,22070,7309,122,14411
1789163180,DAVIDAU,4,22080,7308,120,14409
1789163182,DAVIDAU,4,22042,7302,120,14411
1789163184,DAVIDAU,4,21951,7299,124,14487
1789163186,DAVIDAU,4,21936,7299,124,14487
1789163188,DAVIDAU,4,22727,7299,112,1540
1789163190,DAVIDAU,4,22753,7299,112,1540
1789163200,BASE,5,22819,7294,116,1544
1789163202,BASE,5,22909,7295,118,1743
1789163204,BASE,5,23027,7469,118,1675
1789163206,BASE,5,23063,7580,118,1675
1789163208,BASE,5,22960,7583,118,14399
1789163210,BASE,5,22474,7592,118,14407
1789163212,BASE,5,22476,7592,118,14407
1789163214,BASE,5,22504,7592,118,14407
1789163216,BASE,5,22526,7592,118,14407
1789163218,BASE,5,22512,7591,118,14411
1789163220,BASE,5,22520,7591,118,14411
1789163222,BASE,5,22500,7591,118,14411
1789163224,BASE,5,22500,7591,118,14409
1789163226,BASE,5,22491,7590,118,14409
1789163228,BASE,5,22509,7590,118,14410
1789163230,BASE,5,22448,7585,114,14415
1789163232,BASE,5,22444,7585,112,14415
1789163234,BASE,5,22367,7573,112,14405
1789163236,BASE,5,22347,7563,106,14402
1789163238,BASE,5,22363,7569,106,14402
1789163240,BASE,5,22436,7569,104,14385
1789163242,BASE,5,22418,7569,104,14385
1789163244,BASE,5,22418,7569,104,14385
1789163246,BASE,5,22450,7567,104,14386
1789163248,BASE,5,22443,7567,104,14386
1789163250,BASE,5,22428,7540,104,14386
1789163252,BASE,5,22424,7539,104,14386
1789163254,BASE,5,22414,7539,104,14386
1789163256,BASE,5,22421,7539,104,14386
1789163258,BASE,5,22412,7539,104,14386
1789163260,BASE,5,22410,7539,104,14386
1789163262,BASE,5,22415,7539,104,14386
1789163264,BASE,5,22422,7538,104,14388
1789163266,BASE,5,22413,7537,104,14388
1789163268,BASE,5,22426,7537,104,14388
1789163270,BASE,5,22394,7537,104,14388
1789163272,BASE,5,22388,7537,104,14388
1789163274,BASE,5,22384,7537,104,14388
1789163276,BASE,5,22238,7328,106,14388
1789163278,BASE,5,22230,7328,106,14388
1789163280,BASE,5,22255,7327,106,14388
1789163282,BASE,5,22242,7327,108,14396
1789163284,BASE,5,22245,7327,108,14396
1789163286,BASE,5,22339,7328,108,14396
1789163288,BASE,5,22339,7328,108,14396
1789163290,BASE,5,22337,7328,108,14396
1789163292,BASE,5,22344,7334,108,14397
1789163294,BASE,5,22452,7334,108,14397
1789163296,BASE,5,22196,7326,108,14397
1789163298,BASE,5,22273,7343,106,14392
1789163300,BASE,5,22276,7343,106,14392
1789163302,BASE,5,22294,7343,106,14392
1789163304,BASE,5,22300,7343,106,14392
1789163306,BASE,5,22322,7342,106,14392
1789163308,BASE,5,22307,7342,106,14392
1789163310,BASE,5,22296,7342,106,14393
1789163312,BASE,5,22290,7342,106,14393
1789163314,BASE,5,22292,7341,106,14393
1789163316,BASE,5,22290,7340,106,14393
1789163318,BASE,5,22314,7340,106,14393
1789163320,BASE,5,22288,7340,106,14394
1789163322,BASE,5,22313,7340,106,14394
1789163324,BASE,5,22296,7340,106,14394
1789163326,BASE,5,22340,7340,106,14394
1789163328,BASE,5,22346,7340,106,14394
1789163330,BASE,5,22343,7340,106,14395
1789163332,BASE,5,22339,7340,108,14395
1789163334,BASE,5,22313,7339,106,14395
1789163336,BASE,5,22317,7339,106,14395
1789163338,BASE,5,22338,7339,106,14395
1789163340,BASE,5,22339,7339,106,14395
1789163342,BASE,5,22333,7339,106,14395
1789163344,BASE,5,22441,7339,106,14395
1789163346,BASE,5,22469,7338,106,14395
1789163348,BASE,5,22475,7337,106,14396
1789163350,BASE,5,22475,7337,106,14396
1789163352,BASE,5,23113,7337,100,1453
1789163354,BASE,5,23120,7336,100,1453
1789163366,DAVIDAU,5,22179,7142,102,1523
1789163368,DAVIDAU,5,22325,7186,114,1724
1789163371,DAVIDAU,5,22407,7290,126,1721
1789163373,DAVIDAU,5,22564,7640,114,13202
1789163375,DAVIDAU,5,22317,7655,106,14455
1789163377,DAVIDAU,5,21867,7688,108,14460
1789163379,DAVIDAU,5,21849,7687,106,14453
1789163381,DAVIDAU,5,22148,7681,106,14443
1789163383,DAVIDAU,5,22200,7695,106,14443
1789163385,DAVIDAU,5,22153,7694,106,14448
1789163387,DAVIDAU,5,22184,7694,108,14448
1789163389,DAVIDAU,5,22183,7694,108,14447
1789163391,DAVIDAU,5,22195,7694,108,14445
1789163393,DAVIDAU,5,21969,7476,128,14504
1789163395,DAVIDAU,5,21976,7473,104,14497
1789163397,DAVIDAU,5,21972,7469,104,14497
1789163399,DAVIDAU,5,21975,7468,104,14490
1789163401,DAVIDAU,5,21972,7467,104,14490
1789163403,DAVIDAU,5,21993,7467,104,14491
1789163405,DAVIDAU,5,21999,7465,104,14491
1789163407,DAVIDAU,5,21994,7465,104,14491
1789163409,DAVIDAU,5,22040,7465,104,14491
1789163411,DAVIDAU,5,22049,7463,104,14491
1789163413,DAVIDAU,5,22075,7463,104,14491
1789163415,DAVIDAU,5,22195,7463,104,14483
1789163417,DAVIDAU,5,22159,7453,108,14485
1789163419,DAVIDAU,5,22165,7452,108,14485
1789163421,DAVIDAU,5,22148,7452,108,14463
1789163423,DAVIDAU,5,22169,7451,108,14464
1789163425,DAVIDAU,5,22195,7451,108,14464
1789163427,DAVIDAU,5,22952,7450,102,1528
1789163429,DAVIDAU,5,22929,7450,102,1528
1789163473,QWOPUS,5,23002,7387,108,1533
1789163475,QWOPUS,5,22917,7409,112,1733
1789163477,QWOPUS,5,22929,7465,110,1733
1789163479,QWOPUS,5,22995,7692,108,1686
1789163481,QWOPUS,5,22937,7806,108,14373
1789163483,QWOPUS,5,22849,7785,108,14410
1789163485,QWOPUS,5,22362,7783,108,14417
1789163487,QWOPUS,5,22359,7781,108,14417
1789163489,QWOPUS,5,22352,7780,108,14417
1789163491,QWOPUS,5,22356,7780,108,14417
1789163493,QWOPUS,5,22330,7773,108,14421
1789163495,QWOPUS,5,22347,7769,108,14421
1789163497,QWOPUS,5,22341,7768,108,14419
1789163499,QWOPUS,5,22329,7768,108,14419
1789163501,QWOPUS,5,22325,7767,108,14419
1789163503,QWOPUS,5,22327,7766,108,14420
1789163505,QWOPUS,5,22353,7766,108,14420
1789163507,QWOPUS,5,22343,7765,108,14420
1789163509,QWOPUS,5,22520,7757,108,14420
1789163511,QWOPUS,5,22491,7713,108,14421
1789163513,QWOPUS,5,22526,7711,108,14421
1789163515,QWOPUS,5,22526,7706,108,14421
1789163517,QWOPUS,5,22525,7703,108,14421
1789163519,QWOPUS,5,22501,7696,108,14421
1789163521,QWOPUS,5,22506,7695,108,14421
1789163523,QWOPUS,5,22500,7694,108,14421
1789163525,QWOPUS,5,22486,7694,108,14421
1789163527,QWOPUS,5,22490,7693,108,14421
1789163529,QWOPUS,5,22482,7693,108,14422
1789163531,QWOPUS,5,22474,7693,108,14422
1789163533,QWOPUS,5,22489,7693,108,14422
1789163535,QWOPUS,5,22407,7648,110,14424
1789163537,QWOPUS,5,22407,7637,102,14424
1789163539,QWOPUS,5,22395,7635,102,14425
1789163541,QWOPUS,5,22387,7635,102,14425
1789163543,QWOPUS,5,22419,7632,102,14425
1789163545,QWOPUS,5,22402,7631,102,14425
1789163547,QWOPUS,5,22389,7631,102,14425
1789163549,QWOPUS,5,22436,7630,102,14426
1789163551,QWOPUS,5,22447,7630,102,14426
1789163553,QWOPUS,5,22425,7629,102,14426
1789163555,QWOPUS,5,22433,7629,102,14426
1789163557,QWOPUS,5,22436,7628,102,14426
1789163559,QWOPUS,5,22426,7628,102,14426
1789163561,QWOPUS,5,22423,7628,102,14426
1789163563,QWOPUS,5,22425,7628,102,14426
1789163565,QWOPUS,5,22524,7623,102,14426
1789163567,QWOPUS,5,22527,7623,102,14427
1789163569,QWOPUS,5,22502,7622,102,14427
1789163571,QWOPUS,5,22512,7622,102,14427
1789163573,QWOPUS,5,22496,7622,102,14427
1789163575,QWOPUS,5,22504,7618,102,14427
1789163577,QWOPUS,5,22501,7618,102,14428
1789163579,QWOPUS,5,22525,7615,102,14428
1789163581,QWOPUS,5,22520,7615,102,14428
1789163583,QWOPUS,5,22539,7615,102,14428
1789163585,QWOPUS,5,22537,7614,102,14429
1789163587,QWOPUS,5,22524,7612,102,14429
1789163589,QWOPUS,5,22519,7604,102,14429
1789163591,QWOPUS,5,22512,7604,102,14429
1789163593,QWOPUS,5,22508,7604,102,14429
1789163595,QWOPUS,5,22383,7595,108,14430
1789163597,QWOPUS,5,22217,7542,106,14426
1789163599,QWOPUS,5,22376,7553,106,14426
1789163601,QWOPUS,5,22379,7552,106,14426
1789163603,QWOPUS,5,22168,7466,106,14425
1789163605,QWOPUS,5,22072,7462,112,14498
1789163607,QWOPUS,5,22097,7459,112,14498
1789163609,QWOPUS,5,22160,7459,106,14496
1789163611,QWOPUS,5,22162,7458,106,14496
1789163613,QWOPUS,5,22195,7458,106,14497
1789163615,QWOPUS,5,22199,7458,106,14497
1789163617,QWOPUS,5,22205,7458,106,14497
1789163619,QWOPUS,5,22191,7458,106,14497
1789163621,QWOPUS,5,22202,7458,106,14497
1789163623,QWOPUS,5,22211,7454,108,14435
1789163625,QWOPUS,5,22198,7426,126,14499
1789163627,QWOPUS,5,22097,7386,114,14510
1789163629,QWOPUS,5,22112,7383,110,14514
1789163631,QWOPUS,5,22079,7383,108,14508
1789163633,QWOPUS,5,22010,7380,112,14468
1789163635,QWOPUS,5,22063,7381,112,14468
1789163637,QWOPUS,5,21979,7379,130,14482
1789163639,QWOPUS,5,21964,7379,130,14482
1789163641,QWOPUS,5,22004,7382,110,14470
1789163643,QWOPUS,5,22035,7392,118,14481
1789163645,QWOPUS,5,21946,7386,108,14481
1789163647,QWOPUS,5,21919,7386,104,14481
1789163649,QWOPUS,5,22015,7401,104,14477
1789163651,QWOPUS,5,21952,7401,122,14466
1789163654,QWOPUS,5,21961,7417,112,14478
1789163656,QWOPUS,5,21963,7402,110,14478
1789163658,QWOPUS,5,21930,7400,110,14478
1789163660,QWOPUS,5,22016,7400,106,14462
1789163662,QWOPUS,5,22019,7399,108,14453
1789163664,QWOPUS,5,22034,7399,106,14434
1789163666,QWOPUS,5,22072,7399,106,14434
1789163668,QWOPUS,5,22061,7398,106,14434
1789163670,QWOPUS,5,22065,7398,106,14434
1789163672,QWOPUS,5,22088,7398,106,14435
1789163674,QWOPUS,5,22129,7402,106,14435
1789163676,QWOPUS,5,22142,7402,106,14437
1789163678,QWOPUS,5,22141,7402,106,14437
1789163680,QWOPUS,5,22141,7400,106,14438
1789163682,QWOPUS,5,22150,7400,106,14438
1789163684,QWOPUS,5,22185,7400,106,14438
1789163686,QWOPUS,5,22173,7400,106,14438
1789163688,QWOPUS,5,22299,7400,106,14438
1789163690,QWOPUS,5,22304,7400,106,14438
1789163692,QWOPUS,5,22325,7400,106,14438
1789163694,QWOPUS,5,22304,7400,106,14438
1789163696,QWOPUS,5,22303,7400,106,14438
1789163698,QWOPUS,5,22312,7399,106,14438
1789163700,QWOPUS,5,22305,7399,114,14447
1789163702,QWOPUS,5,22277,7399,114,14447
1789163704,QWOPUS,5,22265,7396,108,14477
1789163706,QWOPUS,5,22335,7408,108,14467
1789163708,QWOPUS,5,22320,7408,110,14461
1789163710,QWOPUS,5,22313,7407,108,14461
1789163712,QWOPUS,5,22314,7407,106,14454
1789163714,QWOPUS,5,22314,7407,106,14454
1789163716,QWOPUS,5,22015,7321,110,14450
1789163718,QWOPUS,5,22191,7380,110,14450
1789163720,QWOPUS,5,22169,7379,110,14450
1789163722,QWOPUS,5,22155,7377,104,14448
1789163724,QWOPUS,5,22152,7377,104,14448
1789163726,QWOPUS,5,22166,7377,104,14448
1789163728,QWOPUS,5,22163,7376,104,14449
1789163730,QWOPUS,5,22143,7376,104,14449
1789163732,QWOPUS,5,22117,7376,104,14449
1789163734,QWOPUS,5,22123,7376,104,14449
1789163736,QWOPUS,5,22144,7376,104,14449
1789163738,QWOPUS,5,22171,7375,102,14447
1789163740,QWOPUS,5,22173,7375,102,14447
1789163742,QWOPUS,5,22176,7375,102,14447
1789163744,QWOPUS,5,22173,7375,102,14447
1789163746,QWOPUS,5,22184,7375,102,14447
1789163748,QWOPUS,5,22175,7375,102,14447
1789163750,QWOPUS,5,22182,7374,102,14447
1789163752,QWOPUS,5,22170,7374,104,14447
1789163754,QWOPUS,5,22177,7374,104,14447
1789163756,QWOPUS,5,22175,7374,104,14447
1789163758,QWOPUS,5,22196,7374,104,14442
1789163760,QWOPUS,5,22202,7373,104,14442
1789163762,QWOPUS,5,22171,7373,104,14442
1789163764,QWOPUS,5,22150,7373,108,14442
1789163766,QWOPUS,5,22138,7373,108,14442
1789163768,QWOPUS,5,22149,7372,104,14443
1789163770,QWOPUS,5,22173,7372,104,14443
1789163772,QWOPUS,5,22182,7375,104,14443
1789163774,QWOPUS,5,22175,7374,104,14443
1789163776,QWOPUS,5,22130,7194,104,14444
1789163778,QWOPUS,5,22145,7194,104,14444
1789163780,QWOPUS,5,22136,7194,104,14444
1789163782,QWOPUS,5,22112,7193,104,14444
1789163784,QWOPUS,5,22105,7193,104,14444
1789163786,QWOPUS,5,22100,7193,104,14445
1789163788,QWOPUS,5,22115,7193,104,14445
1789163790,QWOPUS,5,21867,7192,106,14441
1789163792,QWOPUS,5,22023,7235,106,14441
1789163794,QWOPUS,5,22025,7235,106,14441
1789163796,QWOPUS,5,22024,7234,106,14441
1789163798,QWOPUS,5,22048,7234,106,14441
1789163800,QWOPUS,5,22049,7234,106,14441
1789163802,QWOPUS,5,22032,7234,106,14441
1789163804,QWOPUS,5,22026,7234,106,14441
1789163806,QWOPUS,5,22065,7233,106,14442
1789163808,QWOPUS,5,22071,7233,106,14442
1789163810,QWOPUS,5,22081,7233,106,14442
1789163812,QWOPUS,5,22088,7228,106,14442
1789163814,QWOPUS,5,22082,7227,106,14442
1789163816,QWOPUS,5,22079,7227,106,14443
1789163818,QWOPUS,5,22082,7227,106,14443
1789163820,QWOPUS,5,22107,7227,106,14443
1789163822,QWOPUS,5,22118,7227,106,14443
1789163824,QWOPUS,5,22105,7227,106,14443
1789163826,QWOPUS,5,22075,7226,106,14444
1789163828,QWOPUS,5,22078,7226,106,14444
1789163830,QWOPUS,5,22064,7225,106,14444
1789163832,QWOPUS,5,22071,7225,106,14444
1789163834,QWOPUS,5,22069,7225,106,14444
1789163836,QWOPUS,5,22087,7222,108,14450
1789163838,QWOPUS,5,22075,7222,108,14450
1789163840,QWOPUS,5,22076,7222,104,14450
1789163842,QWOPUS,5,22083,7222,104,14450
1789163844,QWOPUS,5,22067,7222,104,14451
1789163846,QWOPUS,5,22047,7221,104,14451
1789163848,QWOPUS,5,22061,7220,104,14451
1789163850,QWOPUS,5,22056,7220,104,14451
1789163852,QWOPUS,5,22002,7196,106,14485
1789163854,QWOPUS,5,21919,7153,140,14498
1789163856,QWOPUS,5,21877,7070,140,14504
1789163858,QWOPUS,5,21867,7068,140,14518
1789163860,QWOPUS,5,21876,7068,124,14505
1789163862,QWOPUS,5,21903,7068,124,14490
1789163864,QWOPUS,5,21886,7068,124,14491
1789163866,QWOPUS,5,22029,7068,124,14478
1789163868,QWOPUS,5,21860,7068,126,14475
1789163870,QWOPUS,5,21888,7068,126,14475
1789163872,QWOPUS,5,21889,7068,126,14475
1789163874,QWOPUS,5,21889,7068,126,14476
1789163876,QWOPUS,5,21888,7068,126,14476
1789163878,QWOPUS,5,21896,7068,126,14476
1789163880,QWOPUS,5,21896,7068,118,14476
1789163882,QWOPUS,5,21907,7066,118,14476
1789163884,QWOPUS,5,21889,7066,118,14477
1789163886,QWOPUS,5,21892,7065,118,14477
1789163888,QWOPUS,5,21931,7065,118,14477
1789163890,QWOPUS,5,21913,7065,118,14477
1789163892,QWOPUS,5,21933,7065,118,14477
1789163894,QWOPUS,5,21919,7065,118,14478
1789163896,QWOPUS,5,21861,6993,114,14483
1789163898,QWOPUS,5,21864,6993,114,14483
1789163900,QWOPUS,5,21871,6993,108,14482
1789163902,QWOPUS,5,21880,6993,108,14482
1789163904,QWOPUS,5,21884,6992,108,14483
1789163906,QWOPUS,5,21877,6992,110,14483
1789163908,QWOPUS,5,21856,6992,116,14510
1789163910,QWOPUS,5,21818,6991,118,14527
1789163912,QWOPUS,5,21817,6991,112,14522
1789163914,QWOPUS,5,21831,6991,112,14518
1789163916,QWOPUS,5,21855,6989,112,14518
1789163918,QWOPUS,5,21841,6989,112,14518
1789163920,QWOPUS,5,21832,6989,112,14518
1789163922,QWOPUS,5,21815,6989,112,14519
1789163924,QWOPUS,5,21817,6989,114,14521
1789163926,QWOPUS,5,21823,6989,112,14506
1789163928,QWOPUS,5,21790,6989,112,14506
1789163930,QWOPUS,5,21854,6988,112,14506
1789163932,QWOPUS,5,21851,6987,112,14506
1789163934,QWOPUS,5,21850,6987,112,14506
1789163936,QWOPUS,5,21832,6987,112,14506
1789163938,QWOPUS,5,21844,6987,112,14506
1789163940,QWOPUS,5,22568,6987,104,1539
1789163942,QWOPUS,5,22589,6987,104,1539
