2026/10/08 17:40:36.479, 0, 405 MHz, 1328 MHz, 150.00 W, 1 MiB
2026/10/08 17:40:36.480, 1, 405 MHz, 1328 MHz, 150.00 W, 1 MiB
2026/10/08 17:41:28.471, 0, 1328 MHz, 1328 MHz, 150.00 W, 1 MiB
2026/10/08 17:41:28.472, 1, 405 MHz, 1328 MHz, 150.00 W, 1 MiB
2026/10/08 17:46:47.450, 0, 1328 MHz, 1328 MHz, 150.00 W, 1 MiB
2026/10/08 17:46:47.451, 1, 1328 MHz, 1328 MHz, 150.00 W, 1 MiB
2026/10/08 17:50:58.877, 0, 1328 MHz, 1328 MHz, 150.00 W, 1 MiB
2026/10/08 17:50:58.877, 1, 1328 MHz, 1328 MHz, 150.00 W, 1 MiB
2026/10/08 17:53:27.129, 0, 1328 MHz, 1328 MHz, 150.00 W, 1 MiB
2026/10/08 17:53:27.130, 1, 1328 MHz, 1328 MHz, 150.00 W, 1 MiB
2026/10/08 18:06:25.545, 0, 1328 MHz, 1328 MHz, 150.00 W, 1 MiB
2026/10/08 18:06:25.547, 1, 1328 MHz, 1328 MHz, 150.00 W, 1 MiB
2026/10/08 18:11:25.571, 0, 1328 MHz, 1328 MHz, 150.00 W, 1 MiB
2026/10/08 18:11:25.571, 1, 405 MHz, 1328 MHz, 150.00 W, 1 MiB
